index,published,extreme,topic,domain,language,valid,title,description,url,image,archive,content,en,de,la
7c5ed1c1f334fa3581b234e2cbdb4579,2026-09-01T00:00:00Z,Heat Wave,Causes,www.nature.com,en,0.8,Large fisheries declines linked to compound and extreme climate events,"Climate change is increasing the frequency of extreme ocean conditions that disrupt marine ecosystems and fisheries. This study finds that compound marine heat and low-productivity extremes are linked to low fish catches worldwide, with impacts varying across…",https://www.nature.com/articles/s41467-026-77077-z.pdf,https://media.springernature.com/m685/springer-static/image/art%3A10.1038%2Fs41467-026-77077-z/MediaObjects/41467_2026_77077_Fig1_HTML.png,,"Significant global effects of univariate and compounded extremes on catches
Globally, across all EEZs, our analysis indicates that univariate extreme environmental conditions significantly increase … [+35218 chars]","Large fisheries declines linked to compound and extreme climate events. Climate change is increasing the frequency of extreme ocean conditions that disrupt marine ecosystems and fisheries. This study finds that compound marine heat and low-productivity extremes are linked to low fish catches worldwide, with impacts varying across…","Große Fischereirückgänge im Zusammenhang mit komplexen und extremen Klimaereignissen. Durch den Klimawandel kommt es immer häufiger zu extremen Meeresbedingungen, die Meeresökosysteme und Fischereien beeinträchtigen. Diese Studie kommt zu dem Schluss, dass verstärkte Meereshitze und extreme Produktivitätsverluste mit geringen Fischfängen weltweit verbunden sind, wobei die Auswirkungen von Land zu Land unterschiedlich sind.","Piscationes maximae declinationes ad composita et extrema eventus climatis conexi sunt. Mutatio climatis increscit crebras condiciones extremae oceani quae oecosystematis marinis et piscationibus perturbant. Hoc studium invenit quod mixtura caloris marini et extrema productivarum minorum conexione piscium comprehenditur, cum impactibus transversis variantibus."
6421e012a944b3709bf6bc5f97ad4e96,2026-09-01T02:00:16Z,Thunderstorm,Hazard,www.zeit.de,de,0.8,"Sturm, Hagel, Überschwemmungen: Versicher erwarten eher niedrige Naturkatastrophenschäden","Hier finden Sie Informationen zu dem Thema „Sturm, Hagel, Überschwemmungen“. Lesen Sie jetzt „Versicherer erwarten eher niedrige Naturkatastrophenschäden“.",https://www.zeit.de/news/2026-09/01/versicher-erwarten-eher-niedrige-naturkatastrophenschaeden,https://img.zeit.de/news/2026-09/01/versicher-erwarten-eher-niedrige-naturkatastrophenschaeden-image-group/wide__1300x731,http://web.archive.org/web/20260902150635/https://www.zeit.de/news/2026-09/01/versicher-erwarten-eher-niedrige-naturkatastrophenschaeden,"Dank ausgebliebener schwerer Winterstürme erwarten die deutschen Versicherer in diesem Jahr unterdurchschnittliche Schäden durch Naturkatastrophen. Sturm, Hagel, Starkregen und Überschwemmung verursa… [+1744 chars]","Storms, hail, floods: Insurers expect natural catastrophe losses to be relatively low. Here you will find information on the topic of “storms, hail, floods”. Now read “Insurers expect natural catastrophe losses to be relatively low”.","Sturm, Hagel, Überschwemmungen: Versicher erwarten eher niedrige Naturkatastrophenschäden. Hier finden Sie Informationen zu dem Thema „Sturm, Hagel, Überschwemmungen“. Lesen Sie jetzt „Versicherer erwarten eher niedrige Naturkatastrophenschäden“.","Procellae, salvete, flumina: Insurers exspectent calamitates naturalis calamitates se esse humiles. Hic reperies in argumento ""procellae, grandinis, diluvii"". Nunc legitur ""Insurers calamitates naturales exspectant se humiles esse""."
31c19f1d4da102920a30bfc87f17c0d2,2026-09-01T02:02:38Z,Storm,Causes,www.tagesspiegel.de,de,0.8,"Sturm, Hagel, Überschwemmungen: Versicher erwarten eher niedrige Naturkatastrophenschäden","Hitze und Trockenheit haben den Klimawandel wieder zum größeren Thema gemacht. Die tatsächlichen Naturkatastrophenschäden sind bisher unterdurchschnittlich. Glück gehabt, sagen die Versicherer.",https://www.tagesspiegel.de/wirtschaft/sturm-hagel-uberschwemmungen-versicher-erwarten-eher-niedrige-naturkatastrophenschaden-16001695.html,https://www.tagesspiegel.de/images/16001694/alternates/BASE_16_9_W1400/1788228159000/unwetter.jpeg,,"Dank ausgebliebener schwerer Winterstürme erwarten die deutschen Versicherer in diesem Jahr unterdurchschnittliche Schäden durch Naturkatastrophen. Sturm, Hagel, Starkregen und Überschwemmung verursa… [+1763 chars]","Storms, hail, floods: Insurers expect natural catastrophe losses to be relatively low. Heat and drought have made climate change a bigger issue again. The actual natural catastrophe losses have so far been below average. Lucky, say the insurers.","Sturm, Hagel, Überschwemmungen: Versicher erwarten eher niedrige Naturkatastrophenschäden. Hitze und Trockenheit haben den Klimawandel wieder zum größeren Thema gemacht. Die tatsächlichen Naturkatastrophenschäden sind bisher unterdurchschnittlich. Glück gehabt, sagen die Versicherer.","Storms, hail, floods: Insurers expect natural catastrophe losses to be relatively low. Calor et siccitas caeli mutationem maiorem rursus fluxum fecerunt. Damna actualis calamitatis naturalis tam longe infra mediocris fuerunt. Felix, insurers dic."
a5396a845dbf5d603e8776a4686c839f,2026-09-01T02:10:37Z,Cold Wave,Adaptation,www.lifesciencesworld.com,en,0.3,How do you position a hedgehog house?,"How Do You Position a Hedgehog House? Creating a Safe Haven for Prickly Friends The best way to position a hedgehog house is in a quiet, sheltered spot in your garden, ideally under dense shrubs or a hedge, to offer protection from the elements and predators.…",https://www.lifesciencesworld.com/how-do-you-position-a-hedgehog-house/,,,"How Do You Position a Hedgehog House? Creating a Safe Haven for Prickly Friends
The best way to position a hedgehog house is in a quiet, sheltered spot in your garden, ideally under dense shrubs or … [+8360 chars]","How do you position a hedgehog house?. How Do You Position a Hedgehog House? Creating a Safe Haven for Prickly Friends The best way to position a hedgehog house is in a quiet, sheltered spot in your garden, ideally under dense shrubs or a hedge, to offer protection from the elements and predators.…","Wie positioniert man ein Igelhaus? Wie positioniert man ein Igelhaus? Einen sicheren Zufluchtsort für stachelige Freunde schaffen Der beste Weg, ein Igelhaus aufzustellen, ist an einem ruhigen, geschützten Ort in Ihrem Garten, idealerweise unter dichten Sträuchern oder einer Hecke, um Schutz vor Witterungseinflüssen und Raubtieren zu bieten.…","Quomodo erigis domum ericius?. Quomodo tu sedes in domo ericius? Facere portum tutum pro asperis amicis Optima via ericius domum collocare est in loco quieto, tuta in horto tuo, specimen sub virgultis densis vel sepe, ut elementorum et predonum tutelam praebeat...."
d8f0d3ddea6c4463ff1f190b2ca2686c,2026-09-01T03:25:00Z,Heat Wave,Mitigation,www.jalopnik.com,en,0.3,"Arizona Reduced Road Surface Heat Thanks To Reflective Coatings, But It Makes Ambient Air Even Hotter","The lighter roads absorb less heat, which helps with nighttime temperatures, but during the day, the air above the new asphalt is much warmer.",https://www.jalopnik.com/2247882/arizona-road-surface-reflective-anti-heat-increases-ambient-temps/,https://www.jalopnik.com/img/gallery/arizona-reduced-road-surface-heat-thanks-to-reflective-coatings-but-now-pedestrians-are-getting-cooked/l-intro-1788200022.jpg,,"Climate change is here, and current EPA attitudes probably mean it's here to stay. And in towns like Phoenix, Arizona, where it already runs really hot, locals are experimenting with measures to keep… [+1378 chars]","Arizona Reduced Road Surface Heat Thanks To Reflective Coatings, But It Makes Ambient Air Even Hotter. The lighter roads absorb less heat, which helps with nighttime temperatures, but during the day, the air above the new asphalt is much warmer.","Arizona reduzierte die Erwärmung der Straßenoberfläche dank reflektierender Beschichtungen, macht die Umgebungsluft jedoch noch heißer. Die helleren Straßen absorbieren weniger Wärme, was bei Nachttemperaturen hilft, aber tagsüber ist die Luft über dem neuen Asphalt viel wärmer.","Arizona Reduced Road Superficiem Caloris Gratias Reflectivae Coatings, Sed Ambientium Aeris Etiam Hotter. Leviores viae minus calorem hauriunt, qui temperaturis nocturnis adiuvat, sed interdiu, aer supra bitumen novum multo calidior est."
de3c2003fbddd83c70cde5313e80e0bc,2026-09-01T03:47:39Z,Thunderstorm,Hazard,www.zeit.de,de,0.9,Wettervorhersage DWD: Wechselhaftes Wetter in Hessen – örtlich Gewitter möglich,Hier finden Sie Informationen zu dem Thema „Wettervorhersage DWD“. Lesen Sie jetzt „Wechselhaftes Wetter in Hessen – örtlich Gewitter möglich“.,https://www.zeit.de/news/2026-09/01/wechselhaftes-wetter-in-hessen-oertlich-gewitter-moeglich,https://img.zeit.de/news/2026-09/01/wechselhaftes-wetter-in-hessen-oertlich-gewitter-moeglich-image-group/wide__1300x731,http://web.archive.org/web/20260902074216/https://www.zeit.de/news/2026-09/01/wechselhaftes-wetter-in-hessen-oertlich-gewitter-moeglich,"Die Menschen in Hessen können sich am Dienstag auf einen Mix aus Sonne und Wolken einstellen. Im Norden ist es zeitweise stark bewölkt, dort sind auch einzelne Schauer und kurze Gewitter möglich, wie… [+775 chars]",Weather forecast DWD: Changeable weather in Hesse – thunderstorms possible locally. Here you will find information on the topic “Forecast DWD”. Now read “Changable weather in Hesse – thunderstorms possible locally”.,Wettervorhersage DWD: Wechselhaftes Wetter in Hessen – örtlich Gewitter möglich. Hier finden Sie Informationen zu dem Thema „Wettervorhersage DWD“. Lesen Sie jetzt „Wechselhaftes Wetter in Hessen – örtlich Gewitter möglich“.,"Tempestas praenuntietur DWD: tempestas mutabilis in Hassia - tonitribus localiter possibilibus. Hic informationes invenies in themate ""Providere DWD"". Nunc lege ""Tempestas mutabilis in Hassia - tonitribus localiter possibilibus""."
1f23142c87e6b1a4cf6d276ac174eee6,2026-09-01T03:57:41Z,Landslide,Hazard,timesofindia.indiatimes.com,en,0.9,3 of family killed as landslide debris hits house amid heavy rain in Almora,"Tragedy struck in Udyuda village as heavy rains led to a catastrophic landslide, burying a family under tons of debris. Prema Devi, her son Manish, and daughter Kalpana lost their lives during the disaster that occurred after a night of intense rainfall. Desp…",https://timesofindia.indiatimes.com/city/dehradun/3-of-family-killed-as-landslide-debris-hits-house-amid-heavy-rain-in-almora/articleshow/133667353.cms,"https://static.toiimg.com/thumb/msid-133667421,width-1280,height-720,resizemode-6,overlay-toi_sw,pt-32,y_pad-600/photo.jpg",http://web.archive.org/web/20260901222514/https://timesofindia.indiatimes.com/city/dehradun/3-of-family-killed-as-landslide-debris-hits-house-amid-heavy-rain-in-almora/articleshow/133667353.cms,"Follow Us On Social Media
Bloodshed In New York; One Killed In Times Square Knife Attack; Mamdani Says 'Act Of Terrorism...'Trump Cuts Military Drills for Kim; Pyongyang Hits Back: U.S. Hostility Ha… [+3505 chars]","3 of family killed as landslide debris hits house amid heavy rain in Almora. Tragedy struck in Udyuda village as heavy rains led to a catastrophic landslide, burying a family under tons of debris. Prema Devi, her son Manish, and daughter Kalpana lost their lives during the disaster that occurred after a night of intense rainfall. Desp…","Drei Familienangehörige wurden getötet, als bei starkem Regen in Almora Erdrutschtrümmer das Haus trafen. Im Dorf Udyuda ereignete sich eine Tragödie, als heftige Regenfälle zu einem katastrophalen Erdrutsch führten und eine Familie unter Tonnen von Trümmern begrub. Prema Devi, ihr Sohn Manish und ihre Tochter Kalpana kamen bei der Katastrophe ums Leben, die sich nach einer Nacht mit heftigen Regenfällen ereignete. Desp…","3 familia interemptus est ut ruina strages domus inter imbres Almora ferit. Tragoedia in Udyuda pago percussa sicut imbribus ducitur ad ruinam calamitosam, familiam sub toris strages sepeliens. Prema Devi, filius eius Manish, et filia Kalpana vitam amiserunt in calamitate, quae post noctem vehementis imbribus acciderat. Desp…"
ee9fb258ab1d7eec68ef5eb92ebd5870,2026-09-01T03:59:30Z,Snow&Ice,Impacts,economictimes.indiatimes.com,en,0.3,Himachal Pradesh to see active monsoon till September 3 as 98 roads remain blocked,"Himachal Pradesh anticipates active monsoon conditions through September third. Isolated heavy rainfall is forecast for several districts, impacting infrastructure. Ninety-eight roads remain blocked, and power supply is disrupted across the state. Authorities…",https://economictimes.indiatimes.com/news/india/himachal-pradesh-to-see-active-monsoon-till-september-3-as-98-roads-remain-blocked/articleshow/133667265.cms,"https://img.etimg.com/thumb/msid-133667316,width-1200,height-630,imgsize-104622,overlay-economictimes/articleshow.jpg",,"Himachal Pradesh is likely to see active monsoon conditions through September 3, with isolated heavy rainfall forecast in several districts, even as 98 roads remained blocked and 107 distribution tra… [+5040 chars]","Himachal Pradesh to see active monsoon till September 3 as 98 roads remain blocked. Himachal Pradesh anticipates active monsoon conditions through September third. Isolated heavy rainfall is forecast for several districts, impacting infrastructure. Ninety-eight roads remain blocked, and power supply is disrupted across the state. Authorities…","Himachal Pradesh wird bis zum 3. September aktiven Monsun erleben, da 98 Straßen weiterhin blockiert sind. Himachal Pradesh rechnet mit aktiven Monsunbedingungen bis zum 3. September. Für mehrere Bezirke werden vereinzelt starke Regenfälle vorhergesagt, die Auswirkungen auf die Infrastruktur haben. 98 Straßen sind weiterhin blockiert und die Stromversorgung im ganzen Bundesstaat ist unterbrochen. Behörden…","Himachal Pradesh ad ETESIA activas usque ad diem 3 Septembris ut 98 viae obclusae manent. Himachal Pradesh condiciones ETESIAE activas anticipat per tertium Septembris. Pluviis solitariis gravibus pluviis aliquot regiones praecognoscendum est, infrastructuram impactionis. Nonaginta octo viae obsessae manent et copia potestas per rem publicam dissipatur. Auctoritates…"
f71eb0ace21e423713632e5171ae457a,2026-09-01T04:05:12Z,Flood,Hazard,www.dailymail.com,en,0.9,Desperate search for person missing in Grand Canyon after two bodies found and 80 rescued amid warning of more flooding,"One person remains missing after devastating flash floods ripped through the Grand Canyon, where officials rescued 80 hikers and recovered the bodies of two.",https://www.dailymail.com/news/article-16094777/Grand-Canyon-flooding-missing-rescue.html,https://i.dailymail.com/1s/2026/09/01/05/110966419-0-image-a-58_1788235277931.jpg,,"One person remains missing after devastating flash floods ripped through the Grand Canyon, where officials rescued 80 hikers and recovered the bodies of two.
Parts of the scenic canyon were hit by s… [+7809 chars]","Desperate search for person missing in Grand Canyon after two bodies found and 80 rescued amid warning of more flooding. One person remains missing after devastating flash floods ripped through the Grand Canyon, where officials rescued 80 hikers and recovered the bodies of two.","Verzweifelte Suche nach einer vermissten Person im Grand Canyon, nachdem zwei Leichen gefunden und 80 gerettet wurden, während vor weiteren Überschwemmungen gewarnt wurde. Eine Person bleibt vermisst, nachdem verheerende Sturzfluten den Grand Canyon heimgesucht haben, wo Beamte 80 Wanderer retteten und die Leichen von zwei geborgen haben.","Investigatio desperata persona absentis in Grand Canyon post duo corpora inventa et 80 servata inter admonitionem magis inundationis. Unus homo periit postquam vastatae diluvii inundationes per Magnam Canyon sciderunt, ubi magistratus 80 hikers liberaverunt et corpora duorum recuperaverunt."
cf94e5723b677450a5f2f67ee4a607c0,2026-09-01T04:24:37Z,Drought,Impacts,www.faz.net,de,0.9,Probleme im Amateursport: Wer rettet den Fußballrasen?,"Wochenlange Dürre, Wassernotstand, verbrannter Rasen: Auf vielen Plätzen im Land kann kein Fußball mehr gespielt werden. Sanierungen sind für die klammen Kommunen teuer, Alternativen gibt es kaum.",https://www.faz.net/aktuell/sport/rhein-main-sport/hitzeperiode-wer-rettet-den-amateurfussballern-ihren-rasen-accg-201097393.html,https://media0.faz.net/image/w1200h627/5e7244ba8025/w1600h836x0y132o/202608/43601.0.2489652242/vertrocknet-so-wie-hier-in.webp,http://web.archive.org/web/20260902083842/https://www.faz.net/aktuell/sport/rhein-main-sport/hitzeperiode-wer-rettet-den-amateurfussballern-ihren-rasen-accg-201097393.html,"Die von der Sonne verbrannte, ockergelbe Rasenfläche wirkt wie eine ungrundierte Leinwand, auf der sich grüne Kreise ausbreiten. Was ein Werk aus der Farbmalerei sein könnte, ist in Wahrheit einer de… [+124 chars]","Problems in amateur sports: Who will save the football pitch? Weeks of drought, water shortages, burnt grass: football can no longer be played on many pitches in the country. Renovations are expensive for cash-strapped municipalities, and there are hardly any alternatives.","Probleme im Amateursport: Wer rettet den Fußballrasen?. Wochenlange Dürre, Wassernotstand, verbrannter Rasen: Auf vielen Plätzen im Land kann kein Fußball mehr gespielt werden. Sanierungen sind für die klammen Kommunen teuer, Alternativen gibt es kaum.","Problemata in ludis amateur: Quis nisi eu picem servabit? Hebdomades siccitatis, aquae inopiae, herba combusta: felis non amplius multis vocum in regione luditur. Renovationes pretiosae sunt in nummis accinctis municipiis et vix ullis optio sunt."
63778c7f571d91c43308aa83a4ba14f4,2026-09-01T04:40:10Z,Cold Wave,Adaptation,www.lifesciencesworld.com,en,0.3,Is it normal to hear noises in your house at night?,"Is It Normal to Hear Noises in Your House at Night? Hearing noises in your house at night can be unnerving, but generally, it’s normal to experience some sounds. This article will explore the common causes of these noises, distinguishing between harmless occu…",https://www.lifesciencesworld.com/is-it-normal-to-hear-noises-in-your-house-at-night/,,,"Hearing noises in your house at night can be unnerving, but generally, it’s normal to experience some sounds. This article will explore the common causes of these noises, distinguishing between harml… [+8133 chars]","Is it normal to hear noises in your house at night?. Is It Normal to Hear Noises in Your House at Night? Hearing noises in your house at night can be unnerving, but generally, it’s normal to experience some sounds. This article will explore the common causes of these noises, distinguishing between harmless occu…","Ist es normal, nachts Geräusche in Ihrem Haus zu hören? Ist es normal, nachts Geräusche in Ihrem Haus zu hören? Nachts Geräusche in Ihrem Haus zu hören, kann beunruhigend sein, aber im Allgemeinen ist es normal, dass Sie einige Geräusche wahrnehmen. In diesem Artikel werden die häufigsten Ursachen dieser Geräusche untersucht und zwischen harmlosen Geräuschen unterschieden.","Soletne audire strepitus in domo tua nocte? Estne normale audire crepitus in domo tua ad noctem? Sonos audiendi in domo tua nocturnos anxios esse potest, sed plerumque, sonos aliquos experiri solitum est. Articulus hic communes causas harum crepituum explorabit, inter simplices occu... distinguens."
56dcb95243ec6baaa4bf7da70f6fec7d,2026-09-01T04:51:07Z,Thunderstorm,Hazard,kaernten.orf.at,de,0.9,Starke Gewitter mit Sturm und Hagel,Die Gewitter mit Sturm und Hagel am Montagabend und in der Nacht auf Dienstag haben in Kärnten insgesamt zu 25 Einsätzen der Feuerwehren geführt. Am stärksten betroffen war das Metnitztal.,https://kaernten.orf.at/stories/3369286/,https://ibs.orf.at/ktn?image=https%3A%2F%2Foekastatic.orf.at%2Fmims%2F2026%2F36%2F90%2Fcrops%2Fw%3D1200%2Ch%3D627%2Cq%3D75%2F3167901_master_1228390_788780345_1759295025121517_4736351295058743444_n.jpg%3Fs%3D2ba0b8170ce0045032920e3747363121608280a1,http://web.archive.org/web/20260902014719/https://kaernten.orf.at/stories/3369286/,"In Grades fielen 64 Liter Niederschlag pro Quadratmeter. Die großen Regenmengen sorgten für überflutete Keller, der Sturm deckte auch ein Dach ab.
Die Feuerwehren mussten auch ausrücken, weil Bäume … [+20 chars]",Strong thunderstorms with storms and hail. The thunderstorms with storms and hail on Monday evening and Tuesday night led to a total of 25 fire brigade operations in Carinthia. The Metnitztal was hardest hit.,Starke Gewitter mit Sturm und Hagel. Die Gewitter mit Sturm und Hagel am Montagabend und in der Nacht auf Dienstag haben in Kärnten insgesamt zu 25 Einsätzen der Feuerwehren geführt. Am stärksten betroffen war das Metnitztal.,Tonitrua validi cum procellis et grandine. Tonitruum cum procellis et grandinibus die Lunae vesperi et Martis nox ducitur ad totalem 25 expeditionem in Carinthia LEGIO ignis. The Metnitztal hit durissimus fuit.
f3272376ae50340860ea1738fb06c8b8,2026-09-01T05:00:01Z,Heat Wave,Mitigation,www.irishtimes.com,en,0.3,Sadhbh O'Neill: How worried should we be about this year’s ‘Super-Duper El Niño’?,"On a planet already overheating due to the build-up of greenhouse gases in the atmosphere, the 2026 El Niño will throw fuel on to a raging fire",https://www.irishtimes.com/opinion/2026/09/01/sadhbh-oneill-how-worried-should-we-be-about-this-years-super-duper-el-nino/,https://www.irishtimes.com/resizer/v2/WLY2OV5RF5EYZITRZGQI7F34LA.jpg?smart=true&auth=e692b917278abb3444109a5e91b9a7dc1ebe4d348871a4103a2fe25262c1b0ea&width=1200&height=630,,Should we be worried about El Niño? The phenomenon is a naturally occurring part of what is known as the ENSO cycle (the El Niño Southern Oscillation) and happens every two to seven years. The US Nat… [+5314 chars],"Sadhbh O'Neill: How worried should we be about this year’s ‘Super-Duper El Niño’?. On a planet already overheating due to the build-up of greenhouse gases in the atmosphere, the 2026 El Niño will throw fuel on to a raging fire","Sadhbh O'Neill: Wie besorgt sollten wir uns über den diesjährigen „Super-Duper El Niño“ sein? Auf einem Planeten, der aufgrund der Ansammlung von Treibhausgasen in der Atmosphäre bereits überhitzt, wird der El Niño im Jahr 2026 Treibstoff in ein tobendes Feuer schleudern","Sadhbh O'Neill: Quomodo solliciti essemus de hoc anno 'Super-Duper El Niño'?. In planeta iam aestuante propter vapores in atmosphaera CONSERVATORIUM constructo, 2026 El Niño fomitem iaciet in ignem furentem."
9c78a805b69aba275ddebd0f753ff535,2026-09-01T05:49:00Z,Snow Avalanche,Causes,www.scientificamerican.com,en,0.8,Nepal’s deadly debris avalanche is a warning for the rest of the world,Avalanches like the one that devastated parts of Nepal and Tibet are becoming more common thanks to climate change. Here’s where else is at risk,https://www.scientificamerican.com/article/nepals-deadly-debris-avalanche-is-a-warning-for-the-rest-of-the-world/,https://static.scientificamerican.com/dam/asset/965a000c-9bc2-412c-811f-e0d450ceb4f9/nepal-floods.jpg?m=1788286593.658&w=1200,http://web.archive.org/web/20260901183746/https://www.scientificamerican.com/article/nepals-deadly-debris-avalanche-is-a-warning-for-the-rest-of-the-world/,"The death toll from the catastrophic floods that swept through parts of Nepal and Tibet last week has risen beyond 1,000 people, while thousands of people remain missing. Among them are hundreds of w… [+3733 chars]",Nepal’s deadly debris avalanche is a warning for the rest of the world. Avalanches like the one that devastated parts of Nepal and Tibet are becoming more common thanks to climate change. Here’s where else is at risk,"Die tödliche Trümmerlawine in Nepal ist eine Warnung für den Rest der Welt. Lawinen, wie sie Teile Nepals und Tibets verwüsteten, kommen aufgrund des Klimawandels immer häufiger vor. Hier ist, wo sonst noch etwas gefährdet ist",Strages letiferae Nepalis NIVIS CASUS est cautum est pro reliquo orbe. Avalanches sicut ille qui partes Nepal et Tibet devastatae magis fiunt propter mutationem climatis. Hic est ubi aliud periculum est
f52613cc4fe50d8531456f5121aed254,2026-09-01T05:57:44Z,Heat Wave,Mitigation,theconversation.com,en,0.3,"The collapse of a mountainside triggered Nepal’s devastating floods. As the region’s mountains heat up, it won’t be the last",Rock-ice avalanches like the one which caused catastrophe in Nepal and Tibet (China) are not new. But warmer conditions make them more likely.,https://theconversation.com/the-collapse-of-a-mountainside-triggered-nepals-devastating-floods-as-the-regions-mountains-heat-up-it-wont-be-the-last-290924,https://images.theconversation.com/files/757149/original/file-20260901-50-be630n.jpg?ixlib=rb-4.1.1&rect=0%2C0%2C6912%2C3456&q=45&auto=format&w=1356&h=668&fit=crop,http://web.archive.org/web/20260902034505/https://theconversation.com/the-collapse-of-a-mountainside-triggered-nepals-devastating-floods-as-the-regions-mountains-heat-up-it-wont-be-the-last-290924,"Prabin Ranabhat/AFP via Getty
On the morning of August 26, a section of mountain near Langtang Lirung peak in Nepal suddenly collapsed. 

A huge mass of rock, ice and debris plunged roughly 1,200 me… [+5855 chars]","The collapse of a mountainside triggered Nepal’s devastating floods. As the region’s mountains heat up, it won’t be the last. Rock-ice avalanches like the one which caused catastrophe in Nepal and Tibet (China) are not new. But warmer conditions make them more likely.","Der Einsturz eines Berghangs löste in Nepal verheerende Überschwemmungen aus. Da sich die Berge der Region erwärmen, wird es nicht das letzte Mal sein. Felseislawinen wie jene, die in Nepal und Tibet (China) eine Katastrophe verursachten, sind nichts Neues. Aber wärmere Bedingungen machen sie wahrscheinlicher.","Ruina montis utitur inundationibus Nepal's vastantibus. Cum calefacere montes regionis, ultimus non erit. Saxa-glacies avalanches sicut illa quae calamitatem in Nepal et Tibet (China) effecit, nova non sunt. Sed condiciones calidiores magis eos faciunt."
4eaa3f1e5ea2f19d891c811a78afe52b,2026-09-01T06:02:27Z,Flood,Hazard,www.bbc.co.uk,en,0.9,The remote Nepal-China border crossing at the heart of a Himalayan tragedy,More than 100 Indians are missing at a vital Nepal-China trade crossing after devastating Himalayan floods.,https://www.bbc.co.uk/news/articles/c0qxw1qw3g7o,https://ichef.bbci.co.uk/ace/branded_news/1200/cpsprodpb/d3d0/live/db5294a0-a513-11f1-aed2-8d6da8d75094.jpg,http://web.archive.org/web/20260901084901/https://www.bbc.co.uk/news/articles/c0qxw1qw3g7o,"When a 21-member Chinese rescue team reached Gyirong on 28 August, one rescuer told Reuters: ""As far as the eye could see, there was nothing but ruins.""
The crossing had only recently recovered from… [+2331 chars]",The remote Nepal-China border crossing at the heart of a Himalayan tragedy. More than 100 Indians are missing at a vital Nepal-China trade crossing after devastating Himalayan floods.,Der abgelegene Grenzübergang zwischen Nepal und China im Zentrum einer Tragödie im Himalaya. Mehr als 100 Inder werden nach verheerenden Überschwemmungen im Himalaya an einem wichtigen Handelsübergang zwischen Nepal und China vermisst.,Remotus terminus Nepal-Chinae transitum ad cor tragoediae Himalayan. Plus quam 100 Indi desunt ad mercaturam vitalis Nepal-China transgresso post inundationes Himalayan devastandas.
aa58231edd9cf0b6ef3a5d4ab6d0c282,2026-09-01T06:13:48Z,Snow&Ice,Hazard,slickdeals.net,en,0.7,"1500 Sq. Ft. 21-Pint Dravonic Dehumidifier w/ Drain Hose, 3 Modes & 24H Timer $90 + Free S&H","Seikes via Amazon has 1500 Sq Ft 21-Pint Dravonic Dehumidifier w/ Drain Hose, 3 Modes & 24H Timer (Snow White) on sale for $179.99 - 50% off when you apply promo code Z95HWPXY at checkout = $89.9",https://slickdeals.net/f/19948737-1500-sq-ft-21-pint-dravonic-dehumidifier-w-drain-hose-3-modes-24h-timer-89-99-free-shipping,https://slickdeals.net/attachment/2/0/3/1/1/5/0/450x450/21445698.thumb,,"Seikes via Amazon has 1500 Sq Ft 21-Pint Dravonic Dehumidifier w/ Drain Hose, 3 Modes &amp; 24H Timer (Snow White) on sale for $179.99 - 50% off when you apply promo code Z95HWPXY at checkout = $89.9… [+1362 chars]","1500 Sq. Ft. 21-Pint Dravonic Dehumidifier w/ Drain Hose, 3 Modes & 24H Timer $90 + Free S&H. Seikes via Amazon has 1500 Sq Ft 21-Pint Dravonic Dehumidifier w/ Drain Hose, 3 Modes & 24H Timer (Snow White) on sale for $179.99 - 50% off when you apply promo code Z95HWPXY at checkout = $89.9","1500 qm Ft. 21-Pint-Dravonic-Luftentfeuchter mit Ablaufschlauch, 3 Modi und 24-Stunden-Timer 90 $ + kostenloser Versand und Versand. Seikes bietet über Amazon einen 1500 Sq Ft großen 21-Pint-Dravonic-Luftentfeuchter mit Ablaufschlauch, 3 Modi und 24-Stunden-Timer (Schneewittchen) für 179,99 $ an – 50 % Rabatt, wenn Sie an der Kasse den Aktionscode Z95HWPXY eingeben = 89,9 $","1500 Qu. Ft. 21-Pint Dravonic Dehumidifier w/ Drain Hose, 3 Modi & 24H Timer $90 + Free S&H. Seikes via Amazon habet 1500 Sq Ft 21-Pint Dravonic Dehumidifier w/ Exhaurire Hose, 3 Modos & 24H Vicis (nivis White) de sale pro $179.99 - 50% off cum promo code Z95HWPXY ad checkout = $89.9 applicas"
6d00cf2a219b14196c6777bc50f6b0f0,2026-09-01T07:12:51Z,Landslide,Impacts,slashdot.org,en,0.9,"China warns of ‘major’ glacier collapse risk as landslide death toll nears 1,000 - South China Morning Post","China warns of ‘major’ glacier collapse risk as landslide death toll nears 1,000South China Morning Post China Says 261 Foreigners From 23 Countries Are Missing in Tibet FloodThe New York Times Chinese rescue work in Tibet flood disaster zone still trudging a…",https://slashdot.org/firehose.pl?op=view&amp;id=185341408,,http://web.archive.org/web/20160119174443/http://slashdot.org/firehose.pl?op=view,The Fine Print: The following comments are owned by whoever posted them. We are not responsible for them in any way.,"China warns of ‘major’ glacier collapse risk as landslide death toll nears 1,000 - South China Morning Post. China warns of ‘major’ glacier collapse risk as landslide death toll nears 1,000South China Morning Post China Says 261 Foreigners From 23 Countries Are Missing in Tibet FloodThe New York Times Chinese rescue work in Tibet flood disaster zone still trudging a…","China warnt vor „großer“ Gletscherkollapsgefahr, da die Zahl der Todesopfer durch Erdrutsche fast 1.000 beträgt – South China Morning Post. China warnt vor „großer“ Gletscherkollapsgefahr, da die Zahl der Todesopfer durch Erdrutsche sich der 1.000-Marke nähertSouth China Morning Post China sagt, dass 261 Ausländer aus 23 Ländern bei Überschwemmung in Tibet vermisst werdenDie New York Times Chinesische Rettungsarbeiten im Hochwasserkatastrophengebiet in Tibet schleppen sich immer noch voran…","Sina monet de periculo ruinae gravioris glaciei periculum mortis tollentis prope 1,000 - South China Matutinam Post. Sina monet de periculum 'maioris glaciei ruinae periculum ut tollatur mortis portio appropinquat 1,000South Sina Mane Post China dicit 261 Alieni Ex 23 regiones Absentis in Tibet Flood The New York Times Sinenses laborantes in Tibet inundatione cladis zonae adhuc laborantes a…"
b9b8e1f0b4221965384e73b74447a0b7,2026-09-01T07:12:54Z,Thunderstorm,Hazard,www.derstandard.at,de,0.8,"Hagel, Überflutungen und Murenabgang bei Unwetter in Salzburg",Einige Straßen und Flächen waren mit einer dicken Schicht aus Hagelkörnern bedeckt. Der Verkehr war zwischenzeitlich beeinträchtigt,https://www.derstandard.at/story/3000000337851/hagel-220berflutungen-und-murenabgang-bei-unwetter-in-salzburg,https://i.ds.at/6wSp_A/rs:fill:1200:600/plain/lido-images/2026/09/01/8463a423-9695-4d3b-984c-94ec09da96c7.jpg,,"Sie entscheiden darüber, wie Sie unsere Inhalte nutzen wollen. Ihr Gerät erlaubt uns derzeit leider nicht, die entsprechenden Optionen anzuzeigen.
Bitte deaktivieren Sie sämtliche Hard- und Software… [+180 chars]","Hail, floods and mudslides during storms in Salzburg. Some streets and areas were covered with a thick layer of hailstones. Traffic was temporarily disrupted","Hagel, Überflutungen und Murenabgang bei Unwetter in Salzburg. Einige Straßen und Flächen waren mit einer dicken Schicht aus Hagelkörnern bedeckt. Der Verkehr war zwischenzeitlich beeinträchtigt","Ave, inundationes et turbationes in procellis Salisburgi. Alie plateae et areae densitate grandinum iacu obductae erant. Negotiationis tempus turbato"
2c709d6ee85d702e4f2d49d62da89cc2,2026-09-01T07:17:58Z,Drought,Hazard,www.faz.net,de,0.9,Folge der Dürre: Weizen wird teurer,Trockenheit hat ihren Preis: Das zeigt eine Studie von Mainzer Forschern. Durch Dürren wird vor allem Weizen auf der ganzen Welt teurer.,https://www.faz.net/aktuell/rhein-main/hitzesommer-2026-weizenpreise-steigen-wegen-trockenheit-accg-201173198.html,https://media0.faz.net/image/w1200h627/34f4d33ee5f4/w4742h2477x0y127o/202608/43601.0.2448074116/duerre-hitze-kriege-all-das.webp,http://web.archive.org/web/20260901082523/https://www.faz.net/aktuell/rhein-main/hitzesommer-2026-weizenpreise-steigen-wegen-trockenheit-accg-201173198.html,"Ein internationales Team mit Forschern der Uni Mainz hat Klimadaten, Anbauflächen, Rohstoffpreise und Simulationen von 31 Klimamodellen ausgewertet und ist zu dem Ergebnis gekommen: Wasserknappheit l… [+2047 chars]",Consequence of the drought: wheat becomes more expensive. Drought has its price: this is shown by a study by Mainz researchers. Droughts in particular make wheat more expensive around the world.,Folge der Dürre: Weizen wird teurer. Trockenheit hat ihren Preis: Das zeigt eine Studie von Mainzer Forschern. Durch Dürren wird vor allem Weizen auf der ganzen Welt teurer.,Consecutio siccitatis carior fit triticum. Siccitas suum pretium habet: hoc per investigatores Moguntini ostenditur. Siccitates maxime faciunt triticum pretiosius circa mundum.
09d58f4fc08010ba401b8989e85bc201,2026-09-01T07:49:57Z,Flood,Hazard,www.aljazeera.com,en,0.9,"Death toll from devastating floods in China and Nepal surpasses 1,000","Rescue efforts continue to focus on hydropower sites, where hundreds of workers are believed to be trapped.",https://www.aljazeera.com/news/2026/9/1/death-toll-from-devastating-floods-in-china-and-nepal-surpasses-1000,https://www.aljazeera.com/wp-content/uploads/2026/09/AFP__20260901__C6YE2Q8__v3__HighRes__TopshotNepalDisasterFlood-1788243856.jpg?resize=1920%2C1440,http://web.archive.org/web/20260904091541/https://www.aljazeera.com/news/2026/9/1/death-toll-from-devastating-floods-in-china-and-nepal-surpasses-1000,"The death toll from catastrophic flooding in Nepal and China has surpassed 1,000 and more than 4,400 people remain missing as rescue crews work to reach communities cut off by the disaster.
Nepals N… [+2921 chars]","Death toll from devastating floods in China and Nepal surpasses 1,000. Rescue efforts continue to focus on hydropower sites, where hundreds of workers are believed to be trapped.","Die Zahl der Todesopfer durch verheerende Überschwemmungen in China und Nepal übersteigt 1.000. Die Rettungsbemühungen konzentrieren sich weiterhin auf Wasserkraftwerke, wo vermutlich Hunderte von Arbeitern eingeschlossen sind.","Mortuus vectigal de inundationibus vastandis in Sinis et Nepalia mille superat. Eripe nisus ut focus in sitibus hydropower, ubi centum opificum capi creduntur."
23a25a5ca2dca2bbfc6ef515ec6336fd,2026-09-01T07:54:43Z,Snow Avalanche,Mitigation,www.abc.net.au,en,0.3,"Warning signs visible days before glacier collapse in Nepal, report finds","A rapid hazard assessment of the Nepal-Tibet disaster says there were ""pre-event indications"" of the avalanche, including satellite imagery showing a change in the surface of the collapsed glacier.",https://www.abc.net.au/news/2026-09-01/warning-signs-visible-before-glacier-collapse-in-nepal/107097636,https://live-production.wcms.abc-cdn.net.au/88bbacb74d0f995954b0d2df525b6384?impolicy=wcms_watermark_news&cropH=900&cropW=1600&xPos=0&yPos=83&width=862&height=485&imformat=generic,http://web.archive.org/web/20260901193135/https://www.abc.net.au/news/2026-09-01/warning-signs-visible-before-glacier-collapse-in-nepal/107097636,"A rapid hazard assessment of the Nepal-Tibet disaster by a group of international scientists says there were ""pre-event indications"" of the avalanche, including satellite imagery showing a change in … [+9245 chars]","Warning signs visible days before glacier collapse in Nepal, report finds. A rapid hazard assessment of the Nepal-Tibet disaster says there were ""pre-event indications"" of the avalanche, including satellite imagery showing a change in the surface of the collapsed glacier.","Laut Bericht waren Warnzeichen schon Tage vor dem Gletscherkollaps in Nepal sichtbar. Einer schnellen Gefahreneinschätzung der Nepal-Tibet-Katastrophe zufolge gab es „Vorwarnungen“ für die Lawine, darunter Satellitenbilder, die eine Veränderung der Oberfläche des eingestürzten Gletschers zeigten.","Monitio signa dierum visibilium antequam in Nepal glaciei ruinam fama invenit. Celeri aleae aestimatio cladis Nepal-Tibetis dicit ""praestare indicia"" NIVIS, inclusa imaginum satellitum monstrans mutationem in superficie glaciei collapsae."
24114a92c3cc632c434d34977ce25ac8,2026-09-01T08:00:00Z,Fog,Mitigation,stylebyemilyhenderson.com,en,0.3,47 Years Around The Sun,"Today Emily has turned 47 years old and after reading a great book, this is how she looks at life and regret. Come read her annual birthday post.",https://stylebyemilyhenderson.com/47-years-around-the-sun,https://stylebyemilyhenderson.com/wp-content/uploads/2026/08/Emily-Henderson_Turning-47_OPENER.jpg,http://web.archive.org/web/20260901132314/https://stylebyemilyhenderson.com/47-years-around-the-sun,"Today is my 47th birthday, which seems impossible since I feel firmly 35… Well, outside of the hair loss, hilarious brain fog (I don’t remember anything right now), and irrational mood swings due to,… [+7753 chars]","47 Years Around The Sun. Today Emily has turned 47 years old and after reading a great book, this is how she looks at life and regret. Come read her annual birthday post.","47 Jahre um die Sonne. Heute ist Emily 47 Jahre alt geworden und nachdem sie ein großartiges Buch gelesen hat, blickt sie so auf das Leben und bereut es. Kommen Sie und lesen Sie ihren jährlichen Geburtstagsbeitrag.","47 Annos circum Solem. Hodie Aemilia XLVII annos vertit et post magnum librum legit, hoc modo vitam et paenitentiam spectat. Venite legite diem natalem eius annuum."
0fe1e1fe7b28c2b1632ba0bdb39b9ff7,2026-09-01T08:44:52Z,Thunderstorm,Hazard,www.zeit.de,de,0.9,Unwetter in Thüringen: Umstürzender Baum trifft zwei Autos im Wartburgkreis,Hier finden Sie Informationen zu dem Thema „Unwetter in Thüringen“. Lesen Sie jetzt „Umstürzender Baum trifft zwei Autos im Wartburgkreis“.,https://www.zeit.de/news/2026-09/01/umstuerzender-baum-trifft-zwei-autos-im-wartburgkreis,https://img.zeit.de/news/2026-09/01/umstuerzender-baum-trifft-zwei-autos-im-wartburgkreis-image-group/wide__1300x731,,"Ein umstürzender Baum hat im Wartburgkreis zwei Autos getroffen und einen 50 Jahre alten Mann leicht verletzt. Er wurde mit einem Rettungswagen in ein Krankenhaus gebracht, wie die Polizei mitteilte.… [+454 chars]",Storm in Thuringia: Falling tree hits two cars in the Wartburg district. Here you will find information on the topic of “Severe weather in Thuringia”. Now read “Falling tree hits two cars in the Wartburg district”.,Unwetter in Thüringen: Umstürzender Baum trifft zwei Autos im Wartburgkreis. Hier finden Sie Informationen zu dem Thema „Unwetter in Thüringen“. Lesen Sie jetzt „Umstürzender Baum trifft zwei Autos im Wartburgkreis“.,"Tempestas in Thuringia: Arbor cadens duos currus in agro Wartburgensi pervenit. Hic informationes invenies in argumento ""Tempestatis Severae in Thuringia"". Nunc legitur ""Agnus cadens duos currus in agro Wartburgo pervenit""."
050e661f5d74f4ef70b513e1cb3f1c6d,2026-09-01T09:06:10Z,Flood,Hazard,www.sciencedaily.com,en,0.9,One of Earth’s driest places was just covered in snow,"Rare storms covered huge stretches of Chile’s Atacama Desert in snow and dumped extraordinary amounts of rain on one of the driest regions on Earth. The extreme weather shut down observatories, triggered damaging floods and mudflows, and unfolded against the …",https://www.sciencedaily.com/releases/2026/09/260901010709.htm,https://www.sciencedaily.com/images/1920/atacama-desert-snow.webp,http://web.archive.org/web/20260901134403/https://www.sciencedaily.com/releases/2026/09/260901010709.htm,"A series of winter storms swept across northern Chile in August 2026, bringing an unusual covering of snow to parts of the Atacama Desert. Snowfall in this famously dry region is not unprecedented. S… [+3922 chars]","One of Earth’s driest places was just covered in snow. Rare storms covered huge stretches of Chile’s Atacama Desert in snow and dumped extraordinary amounts of rain on one of the driest regions on Earth. The extreme weather shut down observatories, triggered damaging floods and mudflows, and unfolded against the …","Einer der trockensten Orte der Erde war gerade mit Schnee bedeckt. Seltene Stürme bedeckten weite Teile der chilenischen Atacama-Wüste mit Schnee und ließen außergewöhnliche Regenmengen in einer der trockensten Regionen der Erde niedergehen. Das extreme Wetter schloss Observatorien, löste verheerende Überschwemmungen und Schlammlawinen aus und richtete sich gegen die …","Locus aridissimus Telluris unus modo nive obsitus erat. Rara tempestates ingentes fines Chile Atacama Desert in nivis obduxerunt et proiecerunt extraordinarias pluvias in una ex regionibus siccissimis in Terra. Tempestas extrema in observationibus descendit, inundationes et mudfluxus damnosos Urguet, et contra ... explicatur."
a740114f28f4e05a5954f02f1bf29764,2026-09-01T09:09:37Z,Heat Wave,Hazard,www.n-tv.de,de,0.9,"Neun Dinge, die wiederkommen: Nie war der Herbst verlockender","Die Natur wird zum Hingucker, das Essen wärmt wieder und das Bett spendet endlich Erholung: Wenn der Herbst einzieht, hat er einiges im Gepäck, das nach den langen Sommertagen verlockend ist.",https://www.n-tv.de/panorama/Nie-war-der-Herbst-verlockender-id31238734.html,https://www.n-tv.de/img/31238841/1787838677/Img_16_9/1200/615026110.jpg,http://web.archive.org/web/20260901155028/https://www.n-tv.de/panorama/Nie-war-der-Herbst-verlockender-id31238734.html,"Der Sommer war lang und heiß, jetzt freuen sich viele auf den Herbst. (Foto: picture alliance/dpa)
Die Natur wird zum Hingucker, das Essen wärmt wieder und das Bett spendet endlich Erholung: Wenn de… [+5196 chars]","Nine things that will return: Autumn has never been more tempting. Nature becomes an eye-catcher, the food warms you up again and the bed finally provides relaxation: When autumn arrives, it brings with it a lot of things that are tempting after the long summer days.","Neun Dinge, die wiederkommen: Nie war der Herbst verlockender. Die Natur wird zum Hingucker, das Essen wärmt wieder und das Bett spendet endlich Erholung: Wenn der Herbst einzieht, hat er einiges im Gepäck, das nach den langen Sommertagen verlockend ist.","Novem revertuntur: numquam Autumnus tentatus est. Natura fit oculatus, cibus iterum calefacit te, lectus tandem relaxatur: Cum autumnus venerit, multum secum fert, quae post longas aestates dies tentat."
425a8b09b11d53b08aee04e1758ecafe,2026-09-01T09:13:03Z,Flood,Causes,nypost.com,en,0.3,Tropical Storm Edouard forms near Texas and Louisiana while a storm moves toward Hawaii,"Tropical Storm Edouard is set to hit Texas on Tuesday, bringing up to 9 inches of rain, as Tropical Storm Lowell moves toward Hawaii.",https://nypost.com/2026/09/01/us-news/tropical-storm-edouard-forms-near-texas-and-louisiana-while-a-storm-moves-toward-hawaii/,https://nypost.com/wp-content/uploads/sites/2/2026/09/139159518.jpg?quality=75&strip=all&w=1200,,"Tropical Storm Edouard formed Monday in the Gulf of Mexico and was expected to gain strength before bringing potentially heavy rains and flooding into parts of Texas and Louisiana.
The storm was upg… [+2677 chars]","Tropical Storm Edouard forms near Texas and Louisiana while a storm moves toward Hawaii. Tropical Storm Edouard is set to hit Texas on Tuesday, bringing up to 9 inches of rain, as Tropical Storm Lowell moves toward Hawaii.","Der Tropensturm Edouard bildet sich in der Nähe von Texas und Louisiana, während ein Sturm auf Hawaii zuzieht. Der Tropensturm Edouard wird am Dienstag Texas treffen und bis zu 23 cm Regen bringen, während der Tropensturm Lowell auf Hawaii zuzieht.","Tropical Tempestas Edouard prope Texas et Louisianam efficit dum procella versus Hawaii movetur. Tempestas Tropical Edouard constituitur ut Texas die Martis feriatur, usque ad IX uncias pluviae adducens, sicut Tropical Lowell versus Hawaii movet."
3a718d5a692c22fac830ae15c96649ca,2026-09-01T09:32:35Z,Landslide,Hazard,slashdot.org,en,0.9,They were building infrastructure in Nepal. Their families in China want to know what happened to them - CNN,They were building infrastructure in Nepal. Their families in China want to know what happened to themCNN Chinese rescue work in Tibet flood disaster zone still trudging along days laterReuters China warns of ‘major’ glacier collapse risk as landslide death t…,https://slashdot.org/firehose.pl?op=view&amp;id=185343254,,http://web.archive.org/web/20160119174443/http://slashdot.org/firehose.pl?op=view,The Fine Print: The following comments are owned by whoever posted them. We are not responsible for them in any way.,They were building infrastructure in Nepal. Their families in China want to know what happened to them - CNN. They were building infrastructure in Nepal. Their families in China want to know what happened to themCNN Chinese rescue work in Tibet flood disaster zone still trudging along days laterReuters China warns of ‘major’ glacier collapse risk as landslide death t…,"Sie bauten Infrastruktur in Nepal auf. Ihre Familien in China wollen wissen, was mit ihnen passiert ist – CNN. Sie bauten Infrastruktur in Nepal auf. Ihre Familien in China wollen wissen, was mit ihnen passiert istCNN Chinesische Rettungsarbeiten im Flutkatastrophengebiet in Tibet schleppen sich noch Tage später voranReuters China warnt vor „großer“ Gletscherkollapsgefahr, da Erdrutsch Todesopfer fordert …",Infrastructuram in Nepalia aedificabant. Familiae eorum in Sinis scire cupiunt quid eis acciderit - Rhoncus. Infrastructuram in Nepalia aedificabant. Familiae eorum in Sinis scire cupiunt quid acciderit eis CNN Sinenses laborantes in Tibet inundatione cladis zonae adhuc trudendo per dies postReuters Sinarum monet de periculo ruinae maioris glaciei periculum mortis t…
83e4d08fe96a062dfee0f00fcb4a7d30,2026-09-01T09:40:27Z,Flood,Hazard,news.samsung.com,en,0.7,"He Was Nine When the Floods Hit Kerala. Now, at 17, He’s Building AI Technology to Prevent the Next One","From a nine-year-old watching floodwaters engulf a familiar landscape to a 17-year-old building an AI-enabled dam-management prototype, Novain’s journey is a reminder that innovation does not always begin with access to a sophisticated laboratory Some memorie…",https://news.samsung.com/in/he-was-nine-when-the-floods-hit-kerala-now-at-17-hes-building-ai-technology-to-prevent-the-next-one,https://img.global.news.samsung.com/in/wp-content/uploads/2026/09/01125724/feature-Thrissur-1.jpg,,"Some memories fade with time. For 17-year-old Novain Shibu, the memory of water rising through Kerala during the devastating floods of 2018 never did.
He was only nine then, but the images of floodi… [+3572 chars]","He Was Nine When the Floods Hit Kerala. Now, at 17, He’s Building AI Technology to Prevent the Next One. From a nine-year-old watching floodwaters engulf a familiar landscape to a 17-year-old building an AI-enabled dam-management prototype, Novain’s journey is a reminder that innovation does not always begin with access to a sophisticated laboratory Some memorie…","Er war neun Jahre alt, als die Überschwemmungen Kerala heimsuchten. Jetzt, mit 17, baut er KI-Technologie auf, um das nächste zu verhindern. Von einem Neunjährigen, der beobachtet, wie Hochwasser eine vertraute Landschaft verschlingt, bis hin zu einem 17-Jährigen, der einen KI-gestützten Staudammmanagement-Prototyp baut – Novains Reise ist eine Erinnerung daran, dass Innovation nicht immer mit dem Zugang zu einem hochentwickelten Labor beginnt. Einige Erinnerungen …","Novem cum flumina percute Kerala. Nunc, in 17, aedificat AI Technologiam ut unum proximum praeveniat. Ab undeviginti annorum vigiliis aquarum diluvium inundatio notissima ad 17 annos aedificationis AI-parationem dam procurationis prototypum, Novain iter commemoratio innovatio non semper incipit accessu ad laboratorium sophisticatum Quidam memorie…"
ee74882d22ed1d92fc44944a66ed5d62,2026-09-01T09:42:53Z,Cold Wave,Hazard,www.mcnews.com.au,en,0.3,2026 Honda CB1000GT Review | 2500 km in three days,"We put Honda’s CB1000GT through 2500 kilometres in three days, taking in Mount Lindesay, the Oxley, Clyde Mountain and the Bonang to test its performance, comfort and touring credentials.
The post 2026 Honda CB1000GT Review | 2500 km in three days appeared fi…",https://www.mcnews.com.au/2026-honda-cb1000gt-review/,https://www.mcnews.com.au/wp-content/uploads/2026/08/2026-Honda-CB1000GT-RobPhotos-RHS-Track.jpg,,"The reminiscing started earlier than expected.
We had barely reached the Mount Lindesay Highway when driving the CB1000GT hard over the first crest sent the front light and a little wiggle through t… [+27750 chars]","2026 Honda CB1000GT Review | 2500 km in three days. We put Honda’s CB1000GT through 2500 kilometres in three days, taking in Mount Lindesay, the Oxley, Clyde Mountain and the Bonang to test its performance, comfort and touring credentials.
The post 2026 Honda CB1000GT Review | 2500 km in three days appeared fi…","Testbericht zur Honda CB1000GT 2026 | 2500 km in drei Tagen. Wir haben Hondas CB1000GT in drei Tagen 2500 Kilometer zurückgelegt und dabei Mount Lindesay, Oxley, Clyde Mountain und Bonang besucht, um seine Leistung, seinen Komfort und seine Tourentauglichkeit zu testen.
Der Beitrag zur Honda CB1000GT 2026 im Test | 2500 km in drei Tagen erschienen als erstes …","2026 Honda CB1000GT Review | MMD km in tribus diebus. Honda CB1000GT per 2500 chiliometrorum trium dierum collocavimus, in monte Lindesay, Oxley, Clyde Mons et Bonang ut documentorum effectum, consolationem et touring documenta experirentur.
Post 2026 Honda CB1000GT Review | MMD km per tres dies apparuit fi…"
c9c649976ba55d1b60bceda3e9492190,2026-09-01T09:48:53Z,Flood,Hazard,abcnews.com,en,0.9,"Death toll tops 1,000 after Nepal flooding, as search continues for thousands","A total of 3,916 people were said to be missing throughout Nepal, the government said.",https://abcnews.com/International/death-toll-tops-1000-after-nepal-flooding-search/story?id=136108774,https://i.abcnewsfe.com/a/194ad2ac-83fc-4261-aeba-e9a2ca3eb65d/nepal-main_1788252734403_hpMain_16x9.jpg?w=1600,,"LONDON -- More than 1,000 people were confirmed dead and almost 4,000 others were thought to be missing as of Tuesday afternoon in Nepal, where deadly flash flooding last week destroyed towns and swe… [+3192 chars]","Death toll tops 1,000 after Nepal flooding, as search continues for thousands. A total of 3,916 people were said to be missing throughout Nepal, the government said.","Zahl der Todesopfer nach Überschwemmung in Nepal übersteigt 1.000, die Suche nach Tausenden geht weiter. Nach Angaben der Regierung galten in ganz Nepal insgesamt 3.916 Menschen als vermisst.","Mortuus toll capita 1000 post Nepalia inundationem, sicut pergit quaerere per milia. Summa 3,916 homines dixerunt imperium totius Nepal defuit esse."
d4337b35fa3c34fde445be5f1d8464f3,2026-09-01T09:48:58Z,Earthquake,Hazard,www.faz.net,de,0.9,katastrophe von Nepal: „Wir hoffen auf ein Umdenken“,"Für die Katastrophenregion in Nepal hat ein deutscher Erdbebenforscher ein spezielles Frühwarnsystem entwickelt. Was fehlte, war die Finanzierung: Sie wurde wegen des Ukrainekriegs kurzfristig gestoppt.",https://www.faz.net/aktuell/wissen/erde-klima/nach-der-nepal-katastrophe-wir-hoffen-auf-ein-umdenken-accg-201176037.html,https://media0.faz.net/image/w1200h627/66442308d08a/w1919h1002x0y138o/202608/43601.0.2489303054/die-opfer-der.webp,http://web.archive.org/web/20260901114126/https://www.faz.net/aktuell/wissen/erde-klima/nach-der-nepal-katastrophe-wir-hoffen-auf-ein-umdenken-accg-201176037.html,"Die Bundesregierung hat es 2022 abgelehnt, ein federführend von deutschen Wissenschaftlern entwickeltes Frühwarnsystem für Sturzfluten in Nepal zu finanzieren. Dies bestätigte das Bundesforschungsmin… [+5246 chars]",Nepal disaster: “We hope for a rethink”. A German earthquake researcher has developed a special early warning system for the disaster region in Nepal. What was missing was funding: it was stopped at short notice because of the war in Ukraine.,"katastrophe von Nepal: „Wir hoffen auf ein Umdenken“. Für die Katastrophenregion in Nepal hat ein deutscher Erdbebenforscher ein spezielles Frühwarnsystem entwickelt. Was fehlte, war die Finanzierung: Sie wurde wegen des Ukrainekriegs kurzfristig gestoppt.","Calamitas Nepalia: ""Sperimus recogitemus"". Germanus inquisitor terrae motus specialem praenuntia systema calamitatis in Nepalia evolvit. Quod erat sumptu defuit: propter bellum in Ucraina celeriter substitit."
e6f0eaa14d807e11a92d271c7528c5be,2026-09-01T09:51:35Z,Flood,Causes,abcnews.com,en,0.3,WATCH: Woman roller skates for the first time before a large crowd,ABC News' Danny New explains how one woman turned her first time on roller skates into a social media event.,https://abcnews.com/video/136108708/,https://i.abcnewsfe.com/a/3a867198-b7f9-44af-9151-b32292440450/260901_gmafl_roller_skates_hpMain_16x9.jpg?w=992,http://web.archive.org/web/20260901115751/https://abcnews.com/video/136108708/,"<ul><li>Trumps changing tariff policy draws bipartisan criticism
</li><li>At least 2 dead in Grand Canyon flash flooding as urgent search for missing continues
</li><li>World Central Kitchen respon… [+4412 chars]",WATCH: Woman roller skates for the first time before a large crowd. ABC News' Danny New explains how one woman turned her first time on roller skates into a social media event.,"SEHEN: Eine Frau läuft zum ersten Mal Rollschuh vor einer großen Menschenmenge. Danny New von ABC News erklärt, wie eine Frau ihr erstes Mal auf Rollschuhen zu einem Social-Media-Event machte.",VIG: Mulier cylindro poliuntur primum magna turba ante. ABC News' Danny Novae explicat quomodo una mulier primum in cylindro skates in socialis instrumenti eventum vertit.
a0ed9b32e780263783067952050a466d,2026-09-01T09:55:33Z,Flood,Impacts,biztoc.com,en,0.9,"Nepal flood deaths top 1,000, nearly 4,000 missing","The death toll from severe flooding in Nepal has topped 1,000, while nearly 4,000 people remain missing, with rescue operations continuing across affected areas. The Nepali National Disaster Risk Redu...",https://biztoc.com/x/60b63f96abd610e4,https://biztoc.com/cdn/60b63f96abd610e4_s.webp,,"The death toll from severe flooding in Nepal has topped 1,000, while nearly 4,000 people remain missing, with rescue operations continuing across affected areas. The Nepali National Disaster Risk Red… [+69 chars]","Nepal flood deaths top 1,000, nearly 4,000 missing. The death toll from severe flooding in Nepal has topped 1,000, while nearly 4,000 people remain missing, with rescue operations continuing across affected areas. The Nepali National Disaster Risk Redu...","Über 1.000 Todesopfer durch Überschwemmungen in Nepal, fast 4.000 werden vermisst. Die Zahl der Todesopfer durch schwere Überschwemmungen in Nepal hat 1.000 überschritten, während fast 4.000 Menschen weiterhin vermisst werden und die Rettungsaktionen in den betroffenen Gebieten fortgesetzt werden. Die nepalesische nationale Katastrophenvorsorge...","Inundatio Nepalorum mortes supremae 1,000, 4000 fere desunt. Mortuus vectigal ex gravi inundatione in Nepalia 1,000 cumulum fecit, cum fere 4,000 homines absentes manent, cum operationibus trans affectis locis permanentibus subveniendum est. In National Nepalica Risk Redu ... malum"
6b382e6fd6461dae3b8e5c8e5dc59467,2026-09-01T10:00:57Z,Flood,Hazard,gothamist.com,en,0.7,'Where are we going to go?': Flooding forces Queens family out of home of 34 years,"Anita Hack, left, with her son Jonathan outside the family’s home in Hollis, Queens.
 

The city has yet to purchase flood-prone homes despite years of buyout plans. [ more › ]",https://gothamist.com/news/where-are-we-going-to-go-flooding-forces-queens-family-out-of-home-of-34-years,https://api-prod.gothamist.com/images/358910/fill-1200x650|format-webp|webpquality-85/,,"The block in Hollis, Queens, where Anita Hack and her family moved in 1992 is on the frontline of New York Citys losing battle against disastrous floods.
Five years ago, two tenants drowned in a bas… [+7191 chars]","'Where are we going to go?': Flooding forces Queens family out of home of 34 years. Anita Hack, left, with her son Jonathan outside the family’s home in Hollis, Queens.
 

The city has yet to purchase flood-prone homes despite years of buyout plans. [ more › ]","„Wohin gehen wir?“: Eine Überschwemmung zwingt die Familie Queens, ihr 34-jähriges Zuhause zu verlassen. Anita Hack, links, mit ihrem Sohn Jonathan vor dem Haus der Familie in Hollis, Queens.
 

Die Stadt hat trotz jahrelanger Übernahmepläne noch keine überschwemmungsgefährdeten Häuser gekauft. [ mehr > ]","'Quo imus?': Reginarum copiae inundationes familiae e domo 34 annorum. Anita Hack cum filio suo Ionathan filio suo extra domum in Hollis, Reginarum reliquit.
 

Urbs adhuc cataractas proclives domos redimere obstante annis de consiliis buyouis. [ magis ]"
62fb02a58c5b1c0f5b98161854a2c9fb,2026-09-01T10:09:01Z,Flood,Causes,biztoc.com,en,0.9,Tropical Storm Edouard: List of School Districts Announcing Closures in Texas,"Multiple school districts across southeast Texas have canceled classes on Tuesday as Tropical Storm Edouard approaches the upper Texas Gulf Coast, bringing a growing threat of heavy rainfall, flash flooding and hazardous travel conditions.
District leaders sa…",https://biztoc.com/x/d0122eb1c3a5256c,https://biztoc.com/cdn/d0122eb1c3a5256c_s.webp,,"Multiple school districts across southeast Texas have canceled classes on Tuesday as Tropical Storm Edouard approaches the upper Texas Gulf Coast, bringing a growing threat of heavy rainfall, flash f… [+145 chars]","Tropical Storm Edouard: List of School Districts Announcing Closures in Texas. Multiple school districts across southeast Texas have canceled classes on Tuesday as Tropical Storm Edouard approaches the upper Texas Gulf Coast, bringing a growing threat of heavy rainfall, flash flooding and hazardous travel conditions.
District leaders sa…","Tropensturm Edouard: Liste der Schulbezirke, die Schließungen in Texas ankündigen. Mehrere Schulbezirke im Südosten von Texas haben am Dienstag den Unterricht abgesagt, da sich der Tropensturm Edouard der oberen Golfküste von Texas nähert, was eine wachsende Gefahr von starken Regenfällen, Sturzfluten und gefährlichen Reisebedingungen mit sich bringt.
Bezirksleiter sagen…","Tropical Storm Edouard: List of School Districts Annuntians Closures in Texas. Multiplices scholae regiones per Texas meridiem orientalem classes die Martis deleverunt ut Tropical Edouard appropinquat ad superiorem Texas sinus Coasts, minas ingravescentes pluvias, mico inundationes et ancipites peregrinationes condiciones.
Districtus ducum sa…"
60489ad5fc5625a0764d84f5dd0d2651,2026-09-01T10:17:19Z,Flood,Hazard,www.cbc.ca,en,0.9,"More than 1,000 dead from catastrophic Nepal-China floods as rescuers search for survivors","The death toll from catastrophic flooding in Nepal and China passed 1,000 on Tuesday, authorities said, as rescue teams worked to reach communities cut off by the disaster.",https://www.cbc.ca/news/world/nepal-china-flood-1-000-dead-9.7327637,"https://i.cbc.ca/ais/cb7174ae-3211-45c8-b2fb-ba305e6948e0,1788245687112/full/max/0/default.jpg?im=Crop%2Crect%3D%280%2C31%2C594%2C334%29%3BResize%3D620",http://web.archive.org/web/20260902161941/https://www.cbc.ca/news/world/nepal-china-flood-1-000-dead-9.7327637,"The death toll from catastrophic flooding in Nepal and China passed 1,000 on Tuesday, authorities said, as rescue teams worked to reach communities cut off by the disaster. 
Nepal's disaster agency … [+2270 chars]","More than 1,000 dead from catastrophic Nepal-China floods as rescuers search for survivors. The death toll from catastrophic flooding in Nepal and China passed 1,000 on Tuesday, authorities said, as rescue teams worked to reach communities cut off by the disaster.","Mehr als 1.000 Tote bei den katastrophalen Überschwemmungen zwischen Nepal und China, während Retter nach Überlebenden suchen. Die Zahl der Todesopfer durch die katastrophale Überschwemmung in Nepal und China hat am Dienstag die 1.000-Marke überschritten, teilten die Behörden mit, während Rettungsteams daran arbeiteten, die durch die Katastrophe abgeschnittenen Gemeinden zu erreichen.","Plus quam 1,000 mortui e catastrophico Nepal-China inundationes tamquam servatores residuos quaerunt. Mortis vectigal ex catastrophicis inundationibus in Nepal et Sinis 1000 die Martis transiit, auctores dixerunt, ut iugis liberandis laboratum est ut communitates calamitate interclusae pervenirent."
b819318e4752182d79f42e46fe612136,2026-09-01T10:26:00Z,Landslide,Hazard,www.dw.com,de,0.9,Mehr als 1000 Tote nach Schlammlawine in Nepal und Tibet,"Helfer bergen immer mehr Leichen, suchen aber auch mit Hochdruck nach Hunderten Arbeitern, von denen viele in den Tunnelsystemen verwüsteter Wasserkraftanlagen vermutet werden. Sechs Tage nach der gewaltigen Sturzflut im Himalaya ist die Zahl der Toten in Nep…",https://www.dw.com/de/mehr-als-1000-tote-nach-schlammlawine-in-nepal-und-tibet-cholera-wasserkraftwerk-tunnel/a-78587778,https://static.dw.com/image/78583266_6.jpg,http://web.archive.org/web/20260902020827/https://www.dw.com/de/mehr-als-1000-tote-nach-schlammlawine-in-nepal-und-tibet-cholera-wasserkraftwerk-tunnel/a-78587778,Sechs Tage nach der gewaltigen Sturzflut im Himalaya ist die Zahl der Toten in Nepal und Tibet auf mehr als 1000 gestiegen. Die Polizei in Kathmandu spricht inzwischen von 1007 Todesopfern und fast 4… [+4331 chars],"More than 1,000 dead after mudslide in Nepal and Tibet. Helpers are recovering more and more bodies, but are also searching intensively for hundreds of workers, many of whom are suspected to be in the tunnel systems of devastated hydroelectric power plants. Six days after the massive flash flood in the Himalayas, the number of deaths in Nep...","Mehr als 1000 Tote nach Schlammlawine in Nepal und Tibet. Helfer bergen immer mehr Leichen, suchen aber auch mit Hochdruck nach Hunderten Arbeitern, von denen viele in den Tunnelsystemen verwüsteter Wasserkraftanlagen vermutet werden. Sechs Tage nach der gewaltigen Sturzflut im Himalaya ist die Zahl der Toten in Nep…","Plus quam 1,000 mortui in Nepalia et Tibet post mudslides mortui. Adiutores magis magisque corpora recuperant, sed etiam intensive centena operarum scrutantur, quorum multi suspicantur in cuniculo systemata hydroelectric potentiae plantae devastatae esse. Sex diebus post diluvium ingens in Himalayas, numerus funerum Nep..."
92bfb425d7382e3196b65d5b3a421739,2026-09-01T10:32:18Z,Landslide,Impacts,slashdot.org,en,0.9,Chinese rescue work in Tibet flood disaster zone still trudging along days later - Reuters,Chinese rescue work in Tibet flood disaster zone still trudging along days laterReuters They were building infrastructure in Nepal. Their families in China want to know what happened to themCNN China warns of ‘major’ glacier collapse risk as landslide death t…,https://slashdot.org/firehose.pl?op=view&amp;id=185344214,,http://web.archive.org/web/20160119174443/http://slashdot.org/firehose.pl?op=view,The Fine Print: The following comments are owned by whoever posted them. We are not responsible for them in any way.,Chinese rescue work in Tibet flood disaster zone still trudging along days later - Reuters. Chinese rescue work in Tibet flood disaster zone still trudging along days laterReuters They were building infrastructure in Nepal. Their families in China want to know what happened to themCNN China warns of ‘major’ glacier collapse risk as landslide death t…,"Chinesische Rettungsarbeiten im Flutkatastrophengebiet Tibet schleppen sich Tage später noch immer voran – Reuters. Chinesische Rettungsarbeiten im Flutkatastrophengebiet von Tibet schleppen sich Tage später immer noch voranReuters Sie bauten Infrastruktur in Nepal auf. Ihre Familien in China wollen wissen, was mit ihnen passiert ist. CNN China warnt vor „großer“ Gletscherkollapsgefahr, da Erdrutsch Todesopfer fordert …",Sinenses laborantes in Tibet inundatione calamitatis zonae liberandae adhuc per dies post - Reuters traxerunt. Sinenses laborantes in Tibet inundatione cladis zonae adhuc laborantes per dies laterReuters aedificabant infrastructuram in Nepalia. Suae familiae in Sinis scire cupiunt quid his CN Sinis acciderit monet de periculo ruinae maioris glaciei periculum mortis t…
81ee2757d14ffe0e7d6c4c479be50f9d,2026-09-01T10:39:43Z,Flood,Hazard,www.nbcnews.com,en,0.9,"Smell of death hangs over rescue efforts in Nepal as deaths pass 1,000",The overwhelming stench of death is crushing hopes that more survivors will be found in this Nepalese town devastated by last week’s catastrophic floods.,https://www.nbcnews.com/world/asia/nepal-floods-deaths-pass-1000-death-smell-rcna595469,"https://media-cldnry.s-nbcnews.com/image/upload/t_nbcnews-fp-1200-630,f_auto,q_auto:best/rockcms/2026-09/260901-Nuwakot-rs-02218f.jpg",,"BIDUR, Nepal The overwhelming stench of death is crushing hopes that more survivors will be found in this Nepalese town devastated by last weeks catastrophic floods.
Workers in white hazmat suits un… [+3928 chars]","Smell of death hangs over rescue efforts in Nepal as deaths pass 1,000. The overwhelming stench of death is crushing hopes that more survivors will be found in this Nepalese town devastated by last week’s catastrophic floods.","Der Geruch des Todes hängt über den Rettungsbemühungen in Nepal, da die Zahl der Toten auf über 1.000 gestiegen ist. Der überwältigende Gestank des Todes zerstört die Hoffnung, dass in dieser nepalesischen Stadt, die letzte Woche von den katastrophalen Überschwemmungen verwüstet wurde, weitere Überlebende gefunden werden.","Odor mortis imminet in Nepalia nisus opem ferens ut mortes 1,000. Foetor opprimens mortis spem opprimit quod plures reliquiae in hoc oppido Nepalese per ultimas hebdomades inundationes calamitosas devastatae invenientur."
cbef7f0be81158879a7fba20053bce5b,2026-09-01T10:44:21Z,Flood,Hazard,timesofindia.indiatimes.com,en,0.9,"Gujarat schools hit by heavy rain can hold classes on holidays to complete syllabus, say officials","Heavy rainfall and flooding in south Gujarat have disrupted classes in several areas, prompting schools to adjust their academic schedules. The state education department has prioritised syllabus completion, with schools allowed to use Saturdays and special c…",https://timesofindia.indiatimes.com/education/news/gujarat-schools-brace-for-syllabus-crunch-as-floods-disrupt-classes-saturday-special-classes-may-help-make-up-lost-time/articleshow/133678137.cms,"https://static.toiimg.com/thumb/msid-133678137,width-1280,height-720,resizemode-6,overlay-toi_sw,pt-32,y_pad-600/photo.jpg",,"<ul><li>News</li>
<li>Education News</li>
<li>News</li>
<li>Gujarat schools hit by heavy rain can hold classes on holidays to complete syllabus, say officials</li></ul>
Follow Us On Social Media… [+2121 chars]","Gujarat schools hit by heavy rain can hold classes on holidays to complete syllabus, say officials. Heavy rainfall and flooding in south Gujarat have disrupted classes in several areas, prompting schools to adjust their academic schedules. The state education department has prioritised syllabus completion, with schools allowed to use Saturdays and special c…","Von starkem Regen betroffene Schulen in Gujarat können an Feiertagen Unterricht abhalten, um den Lehrplan zu vervollständigen, sagen Beamte. Starke Regenfälle und Überschwemmungen in Süd-Gujarat haben in mehreren Gebieten zu Unterrichtsunterbrechungen geführt, was die Schulen dazu veranlasste, ihre Stundenpläne anzupassen. Das staatliche Bildungsministerium hat der Fertigstellung des Lehrplans Priorität eingeräumt, wobei den Schulen erlaubt ist, Samstage und Sonderschulen zu nutzen …","Gujarat scholae pluviae pluviae percussae continere classes feriarum potest ut syllabus complendis dicat magistratus. Imbres graves et inundationes in Gujarat australi in compluribus locis classes disiecerunt, scholas suaserunt ut cedulas academicas suas accommodarent. Status educationis department prioritizavit syllabus complementum, cum scholis Sabbati uti permissum est et specialibus c…"
31110734da986ef9d7d733d5e9158a22,2026-09-01T10:46:06Z,Tropical Cyclone,Impacts,abcnews.com,en,0.9,Tropical Storm Edouard could strengthen to hurricane before landfall: Officials,"Tropical Storm Edouard is poised to significantly strengthen before reaching the northwestern Gulf Coast on Tuesday, potentially reaching hurricane strength.",https://abcnews.com/US/tropical-storm-edouard-strengthen-hurricane-landfall-officials/story?id=136110215,https://i.abcnewsfe.com/a/864916ab-b4b1-46b1-93dd-04eca8883c99/rain-puddle-gty-jt-241102_1730580732740_hpMain_16x9.jpg?w=1600,http://web.archive.org/web/20260901232708/https://abcnews.com/US/tropical-storm-edouard-strengthen-hurricane-landfall-officials/story?id=136110215,"Tropical Storm Edouard is poised to significantly strengthen before reaching the northwestern Gulf Coast on Tuesday, potentially reaching hurricane strength, the National Hurricane Center said.
Hurr… [+1142 chars]","Tropical Storm Edouard could strengthen to hurricane before landfall: Officials. Tropical Storm Edouard is poised to significantly strengthen before reaching the northwestern Gulf Coast on Tuesday, potentially reaching hurricane strength.","Tropensturm Edouard könnte sich vor der Landung zum Hurrikan verstärken: Beamte. Der Tropensturm Edouard dürfte sich erheblich verstärken, bevor er am Dienstag die nordwestliche Golfküste erreicht und möglicherweise die Stärke eines Hurrikans erreicht.","Tempestas tropica Edouard potest firmare ad procellam ante casum: Officiales. Tropical Edouard tempestas est ad signanter confirmandum antequam ad Coast Sinus septentrionalis die Martis pervenit, potentia ventorum fortitudinem attingens."
c0f5332ae18e8b0186e659b6e34df498,2026-09-01T11:00:00Z,Flood,Causes,www.kqed.org,en,0.9,"El Niño Could Bring a Wet, Wild Winter. How Can You — and Your Home — Be Ready?","A powerful El Niño could bring flooding, high tides, and fierce storms. Here’s how Bay Area residents can prepare.",https://www.kqed.org/news/12097546/el-nino-could-bring-a-wet-wild-winter-how-can-you-and-your-home-be-ready,https://cdn.kqed.org/wp-content/uploads/sites/10/2026/08/022_KQED_StormSanFrancisco_01102023_qed.jpg,http://web.archive.org/web/20260901110231/https://www.kqed.org/news/12097546/el-nino-could-bring-a-wet-wild-winter-how-can-you-and-your-home-be-ready,"Higher seas. Back-to-back storms. Mudslides. Flooded homes and highways. 
The mere mention of El Niño and the headlines youre seeing can be anxiety-provoking. But how real should your worry be? And … [+9078 chars]","El Niño Could Bring a Wet, Wild Winter. How Can You — and Your Home — Be Ready?. A powerful El Niño could bring flooding, high tides, and fierce storms. Here’s how Bay Area residents can prepare.","El Niño könnte einen nassen, wilden Winter bringen. Wie können Sie – und Ihr Zuhause – bereit sein? Ein starker El Niño könnte Überschwemmungen, Flut und heftige Stürme mit sich bringen. So können sich Bewohner der Bay Area vorbereiten.","El Niño umidam, hyemem ferum efficere potuit. Quomodo potes — et domum tuam — Paratus esto? Potens El Niño potuit inundationes, aestus maximos, procellas ferreas efficere. Hic est quomodo incolae Bay Area parare possunt."
1602032f3be25d51c4fc148aa36dd367,2026-09-01T11:00:35Z,Landslide,Mitigation,legalinsurrection.com,en,0.3,The Ghoulish Race to Turn Nepal’s Flood Victims Into a ‘Climate Crisis’ Talking Point,"The political talking point ignores tens of millions of years of plate tectonics and its consequences, and completely dismisses well-established mountain-weather dynamics.
The post The Ghoulish Race to Turn Nepal’s Flood Victims Into a ‘Climate Crisis’ Talkin…",https://legalinsurrection.com/2026/09/the-ghoulish-race-to-turn-nepals-flood-victims-into-a-climate-crisis-talking-point/,https://legalinsurrection.com/wp-content/uploads/2026/08/LI-201-Nepal-Flood.png,http://web.archive.org/web/20260902033911/https://legalinsurrection.com/2026/09/the-ghoulish-race-to-turn-nepals-flood-victims-into-a-climate-crisis-talking-point/,"Reports of the devastation in Nepal following a massive landslide now indicate that the death toll from Wednesday’s devastating flash floods in Nepal and China has risen to 800, with around 3,000 peo… [+9812 chars]","The Ghoulish Race to Turn Nepal’s Flood Victims Into a ‘Climate Crisis’ Talking Point. The political talking point ignores tens of millions of years of plate tectonics and its consequences, and completely dismisses well-established mountain-weather dynamics.
The post The Ghoulish Race to Turn Nepal’s Flood Victims Into a ‘Climate Crisis’ Talkin…","Der gruselige Wettlauf, Nepals Flutopfer in ein Gesprächsthema über die „Klimakrise“ zu verwandeln. Der politische Diskussionspunkt ignoriert zig Millionen Jahre Plattentektonik und ihre Folgen und lehnt die gut etablierte Gebirgswetterdynamik völlig ab.
Der Beitrag Der gruselige Wettlauf, Nepals Flutopfer in eine „Klimakrise“ zu verwandeln, spricht …","Ghoulish Race ad victimas Diluvium Nepal's Turn in 'Clima Crisis' Loquentem Point. Publica disputatio punctum decem milium annorum patellarum tectonicarum et eius consequentium ignorat, et motus tempestatum montanorum bene confirmatos omnino dimittit.
Post The Ghoulish Race to turn Nepal's Diluvium Victimae in 'Clima Crisis' Talkin..."
8d415a37af33d07ffb9339b764a7f79e,2026-09-01T11:40:51Z,Flood,Causes,www.thenewhumanitarian.org,en,0.3,The Himalayan disaster Nepal could not see coming,Repeated glacier-related disasters have exposed the limits of warning systems and raise urgent questions over the region’s monitoring and development.,https://www.thenewhumanitarian.org/analysis/2026/09/01/himalayan-disaster-nepal-could-not-see-coming,https://www.thenewhumanitarian.org/s3/files/styles/social_large/public/2026-09/Nepal-flood-Ahmer-Khan-1.jpg?itok=7buc2_5G,,"Ashok Shrestha was doing what he routinely did on his journeys eating near a riverside when a raging wall of ice-cold water, slush, and rocks came crashing down a narrow Himalayan mountain valley and… [+11157 chars]",The Himalayan disaster Nepal could not see coming. Repeated glacier-related disasters have exposed the limits of warning systems and raise urgent questions over the region’s monitoring and development.,Die Himalaya-Katastrophe konnte Nepal nicht erwarten. Wiederholte Gletscherkatastrophen haben die Grenzen von Warnsystemen deutlich gemacht und dringende Fragen zur Überwachung und Entwicklung der Region aufgeworfen.,Calamitas Himalaica Nepal venire non potuit. Repetitiones glaciei-related clades limites systematum monitorii aperuerunt et quaestiones urgentes in vigilantia et progressu regionis ponunt.
90f876ac187def7eb0b8f560eb9759a4,2026-09-01T12:01:38Z,Storm,Hazard,www.nhc.noaa.gov,en,0.7,Tropical Storm Edouard Graphics,"Wind Speed Probabilities last updated Tue, 01 Sep 2026 09:22:06 GMT",https://www.nhc.noaa.gov/refresh/graphics_at5+shtml/120138.shtml?cone,,,"* If the storm is forecast to dissipate within 3 days, the ""Full Forecast"" and ""3 day"" graphic will be identical
Click Here for a 5-day Cone Printer Friendly GraphicHow to use the cone graphic (vide… [+2695 chars]","Tropical Storm Edouard Graphics. Wind Speed Probabilities last updated Tue, 01 Sep 2026 09:22:06 GMT","Tropischer Sturm Edouard Graphics. Die Windgeschwindigkeitswahrscheinlichkeiten wurden zuletzt am Dienstag, den 01. September 2026 um 09:22:06 Uhr GMT aktualisiert","Tropical Edouard Graphics. Ventus Speed ​​Probabilitates renovatio Tue, 01 Sep 2026 09:22:06 GMT"
641555fdf15bd0d0504cafd98d3b185e,2026-09-01T12:03:16Z,Storm,Hazard,www.azcentral.com,en,0.9,Kenny Dillingham's program has evolved since that first haboob game,Arizona State coach Kenny Dillingham's first game was memorable for all the wrong reasons.,https://www.azcentral.com/story/sports/college/asu/2026/09/01/asu-football-dust-storm-game/91551990007/,https://s.yimg.com/lo/mysterio/api/d53190cfd76960619ca65becb3326be5244ce94cfb0fa298d2fb4a39eef8c7e6/lightyear_networkapi/resizefill_w1200%3Bquality_80%3Bformat_webp/https%3A%2F%2Fmedia.zenfs.com%2Fen%2Fazcentral-the-arizona-republic%2F0659074fb26ed6838c0ef165ba352fb8.jpg,,Arizona State football coach Kenny Dillingham is days away from the first game of his fourth season. During his first media availability of the week ahead of the season opener against Morgan State (1… [+3152 chars],Kenny Dillingham's program has evolved since that first haboob game. Arizona State coach Kenny Dillingham's first game was memorable for all the wrong reasons.,Kenny Dillinghams Programm hat sich seit diesem ersten Haboob-Spiel weiterentwickelt. Das erste Spiel von Arizona State-Trainer Kenny Dillingham war aus den falschen Gründen unvergesslich.,Kenny Dillingham propositum evolvit ex quo primum illud ludum haboob. Arizona raeda publica Kenny Dillingham primus ludus omnium iniuriae causa memorabilis fuit.
facabfa4c4e0d97dfe844eb4031b1a9a,2026-09-01T12:06:14Z,Storm,Hazard,theconversation.com,en,0.9,The greenest building is the one still standing after a disaster,"A ‘green’ building has to last for its intentionally small carbon footprint to pay off. That includes surviving flood, storm or wildfire damage.",https://theconversation.com/the-greenest-building-is-the-one-still-standing-after-a-disaster-290313,https://images.theconversation.com/files/755772/original/file-20260824-50-qnvssj.jpg?ixlib=rb-4.1.1&rect=0%2C6%2C4253%2C2126&q=45&auto=format&w=1356&h=668&fit=crop,,"Construction choices are often the difference between a house surviving a hurricane or being torn apart. Mark Wallheiser/Getty Images
When Hurricane Michael tore through the Florida Panhandle in 201… [+5223 chars]","The greenest building is the one still standing after a disaster. A ‘green’ building has to last for its intentionally small carbon footprint to pay off. That includes surviving flood, storm or wildfire damage.","Das grünste Gebäude ist das, das nach einer Katastrophe noch steht. Ein „grünes“ Gebäude muss lange halten, damit sich sein bewusst kleiner CO2-Fußabdruck auszahlt. Hierzu zählen auch Schäden durch Überschwemmungen, Unwetter oder Waldbrände.","Viridissimum aedificium est adhuc post calamitatem stans. A 'aedificatio viridis industriae parvae vestigium carbonii durare debet ad solvendum. Quod includit superstitum diluvium, tempestas vel incendium incendium damnum est."
b25dcdc0676b243bb03a04dc384d20d2,2026-09-01T12:20:39Z,Storm,Hazard,www.dailymail.com,en,0.9,Hurricane watch issued along US Coast TODAY as storm Edouard takes aim at millions: 'This is a life-threatening situation',A hurricane watch has been issued for parts of the US Gulf Coast as Tropical Storm Edouard rapidly strengthens ahead of landfall on Tuesday.,https://www.dailymail.com/sciencetech/article-16095833/hurricane-edouard-hits-texas-louisiana-coast.html,https://i.dailymail.com/1s/2026/09/01/13/110974263-0-image-a-11_1788264826424.jpg,,"A hurricane watch has been issued for parts of the US Gulf Coast as Tropical Storm Edouard rapidly strengthens ahead of landfall on Tuesday.
The National Hurricane Center (NHC) warned that Edouard i… [+2663 chars]",Hurricane watch issued along US Coast TODAY as storm Edouard takes aim at millions: 'This is a life-threatening situation'. A hurricane watch has been issued for parts of the US Gulf Coast as Tropical Storm Edouard rapidly strengthens ahead of landfall on Tuesday.,"HEUTE wird entlang der US-Küste eine Hurrikanwarnung ausgegeben, da der Sturm Edouard Millionen von Menschen ins Visier nimmt: „Dies ist eine lebensbedrohliche Situation.“ Für Teile der US-Golfküste wurde eine Hurrikanwarnung ausgegeben, da der Tropensturm Edouard am Dienstag vor der Landung rasch stärker wird.","Procellae vigiliae in US Coast TODAY edita sicut tempestas Edouard intentat decies centena millia: ""Hic est condicio vitae imminens"". Vigilia turbinis edita est ad partes Sinus Coast US quasi Tropical Edouard celerius ante terram ruinae die Martis confirmat."
a06781f0853ea0412875e048fcfb5990,2026-09-01T12:25:36Z,Thunderstorm,Hazard,www.bild.de,de,0.9,Sommer-Gewitter-Bilanz 2026 - Alle 80 Sekunden ein Blitz! Wo es am meisten krachte,"Die Meteorage-Blitzbilanz zeigt: Im Sommer 2026 zuckten 97.899 Blitze über Deutschland. Erfahren Sie hier, welche Regionen und Tage besonders betroffen waren.",https://www.bild.de/leben-wissen/wissenschaft/deutschlands-wetter-bilanz-97-899-blitze-im-sommer-2026-6a96bbfd9452c5223822f7a6,"https://images.bild.de/6a96bbfd9452c5223822f7a6/adf001156602bf6cb306d43e0853b6ed,5c630a49?w=1280",http://web.archive.org/web/20260902030600/https://www.bild.de/leben-wissen/wissenschaft/deutschlands-wetter-bilanz-97-899-blitze-im-sommer-2026-6a96bbfd9452c5223822f7a6,"TTS-Player überspringenArtikel weiterlesenHagel-Chaos, Starkregen, schwere Sturmböen und sogar Tornados: Der Sommer 2026 hat Deutschland mehrfach heftige Unwetter beschert. Jetzt zeigt die offizielle… [+2097 chars]","Summer thunderstorm balance 2026 - lightning every 80 seconds! Where it crashed the most. The meteorage lightning balance shows: In the summer of 2026, 97,899 lightning strikes struck over Germany. Find out here which regions and days were particularly affected.","Sommer-Gewitter-Bilanz 2026 - Alle 80 Sekunden ein Blitz! Wo es am meisten krachte. Die Meteorage-Blitzbilanz zeigt: Im Sommer 2026 zuckten 97.899 Blitze über Deutschland. Erfahren Sie hier, welche Regionen und Tage besonders betroffen waren.","Aestas tonitribus libra 2026 - fulgur omnis 80 seconds! Ubi crepuit maxime. Statera meteorago fulguris ostendit: Aestate anni 2026, 97,899 fulmina in Germaniam icta sunt. Hic cognosce quae regiones et dies maxime affecti sunt."
02d75b8923da63289af94d165a7a2c55,2026-09-01T12:30:00Z,Storm,Hazard,www.scientificamerican.com,en,0.9,Why the Grand Canyon flash flood was so devastating,Experts explain why the monsoon storm turned so deadly,https://www.scientificamerican.com/article/why-the-grand-canyon-flash-flood-was-so-devastating/,https://static.scientificamerican.com/dam/asset/188faae2-d075-4313-9624-d010e5f3f818/grand-canyon.jpg?m=1788265524.319&w=1200,http://web.archive.org/web/20260901143609/https://www.scientificamerican.com/article/why-the-grand-canyon-flash-flood-was-so-devastating/,"A flash flood swept through the Grand Canyon on Saturday, killing at least two people. The event is a vital part if the canyon ecosystem, but it just happened to hit in the worst possible spot to cau… [+3901 chars]",Why the Grand Canyon flash flood was so devastating. Experts explain why the monsoon storm turned so deadly,"Warum die Sturzflut im Grand Canyon so verheerend war. Experten erklären, warum der Monsunsturm so tödlich wurde","Quare Magnae Angustiae mico diluvio tam vastatae sunt. Periti explicant cur ETESIA, tempestas tam letifera"
423d0b309b2fb213fffb674ab67cb91d,2026-09-01T12:38:16Z,Landslide,Hazard,timesofindia.indiatimes.com,en,0.9,"Guwahati landslide kills 3 of family, son rescued after being trapped under debris",Three family members died and one was injured in a landslide in Guwahati's Mathgharia area. Incessant rain since Tuesday morning is suspected to have triggered the devastating mudslide. A couple and their daughter perished while sleeping inside their home dur…,https://timesofindia.indiatimes.com/city/guwahati/guwahati-landslide-kills-3-of-family-son-rescued-after-being-trapped-under-debris/articleshow/133681417.cms,"https://static.toiimg.com/thumb/msid-133681503,width-1280,height-720,resizemode-6,overlay-toi_sw,pt-32,y_pad-600/photo.jpg",,"Follow Us On Social Media
NCLT bars Subhash Chandra from alienating assets, stays Rs 6.5-crore settlement orderSanmar Group invests in renewable energy platform AltEonsJewellery shopowner shot at in… [+1664 chars]","Guwahati landslide kills 3 of family, son rescued after being trapped under debris. Three family members died and one was injured in a landslide in Guwahati's Mathgharia area. Incessant rain since Tuesday morning is suspected to have triggered the devastating mudslide. A couple and their daughter perished while sleeping inside their home dur…","Erdrutsch in Guwahati tötet drei Familienmitglieder, Sohn gerettet, nachdem er unter Trümmern eingeklemmt war. Bei einem Erdrutsch im Mathgharia-Gebiet von Guwahati kamen drei Familienmitglieder ums Leben und einer wurde verletzt. Es wird vermutet, dass anhaltender Regen seit Dienstagmorgen die verheerende Schlammlawine ausgelöst hat. Ein Ehepaar und seine Tochter starben, während sie in ihrem Haus schliefen.","Guwahati LAPSUS III familiae interficit, filius ereptus cum capti sub obstantia. Tres familiares mortui sunt et unus vulneratus est in LAPSA in area Guwahati Mathgharia. Imbribus assiduis ex quo die Martis mane suspicatus est urguere mudslide vastare. Coniuges et filia eorum dormientes intra domum suam perierunt."
e9edb99db2d1cfc2bc1b22d83279d80c,2026-09-01T12:40:47Z,Storm,Hazard,comicbookmovie.com,en,0.7,X-Men Star Maya Boyd Reveals Some Of The Comic Books She's Been Researching To Play Storm,"In a new Instagram post, Maya Boyd has shared a photo of some of the comic books she's been reading in order to better familiarise herself with the X-Men's Storm...",https://comicbookmovie.com/x_men/x-men-star-maya-boyd-reveals-some-of-the-comic-books-shes-been-researching-to-play-storm-a229648,https://comicbookmovie.com/images/articles/banners/x-men-star-maya-boyd-reveals-some-of-the-comic-books-shes-been-researching-to-play-storm-ab229648.jpg,,"Several main cast members for Marvel Studios' long-awaited X-Men reboot were announced during D23 last month, including Maya Boyd as Storm.
Boyd, who had not been rumored for the role (most recently… [+3073 chars]","X-Men Star Maya Boyd Reveals Some Of The Comic Books She's Been Researching To Play Storm. In a new Instagram post, Maya Boyd has shared a photo of some of the comic books she's been reading in order to better familiarise herself with the X-Men's Storm...","X-Men-Star Maya Boyd enthüllt einige der Comics, nach denen sie recherchiert hat, um Storm zu spielen. In einem neuen Instagram-Beitrag hat Maya Boyd ein Foto einiger Comics geteilt, die sie gelesen hat, um sich besser mit den X-Men's Storm vertraut zu machen ...","X-Men Star Maya Boyd Reveals Some Of The Comic Books She's been Researching to Play Storm. In novo Instagram post, Maya Boyd photographicam nonnullorum librorum comicorum communicavit illa ut melius persuaderet se cum X-Hominum Storm..."
6fb0cb3b9b9a1f2818e0091d5e73436d,2026-09-01T12:53:59Z,Flood,Hazard,www.foxnews.com,en,0.9,2 Grand Canyon flooding victims photographed on hiking trip in days before deaths,"John Giusti and Brent Rosenkranz, from Texas, posted selfies from the Grand Canyon before devastating flash flooding swept through the area on Saturday.",https://www.foxnews.com/us/grand-canyon-flooding-victims-photographed-hiking-trip-days-before-deaths,https://static.foxnews.com/foxnews.com/content/uploads/2026/09/Grand-Canyon-Deaths.jpg,http://web.archive.org/web/20260901134030/https://www.foxnews.com/us/grand-canyon-flooding-victims-photographed-hiking-trip-days-before-deaths,"The two victims whose remains were found after flash flooding swept through the Grand Canyon were seen photographed on the same trip prior to the deadly incident.
The families of Texas chiropractor … [+3509 chars]","2 Grand Canyon flooding victims photographed on hiking trip in days before deaths. John Giusti and Brent Rosenkranz, from Texas, posted selfies from the Grand Canyon before devastating flash flooding swept through the area on Saturday.","Zwei Überschwemmungsopfer im Grand Canyon wurden wenige Tage vor den Todesfällen auf einer Wanderung fotografiert. John Giusti und Brent Rosenkranz aus Texas posteten Selfies vom Grand Canyon, bevor am Samstag verheerende Sturzfluten über die Gegend fegten.","2 Grand Canyon victimae inundantes photographatae in itinere hiking in diebus ante mortem. John Giusti et Brent Rosenkranz, ex Texas, autocineto e Magnae Angustiae missae antequam fulguris inundationes vastarentur per aream die Saturni rapuerunt."
82241986c83e04d23d4b505b29a4c329,2026-09-01T13:00:08Z,Storm,Hazard,www.medicaldaily.com,en,0.7,Houston Area Schools Close as Tropical Storm Edouard Nears and the Health Risks Outlast the Rain,Southeast Texas districts closed campuses Tuesday as Tropical Storm Edouard neared landfall. The largest health risks arrive after the rain stops.,https://www.medicaldaily.com/houston-tropical-storm-edouard-school-closures-flood-health-risks-478033,https://d.medicaldaily.com/en/full/485292/thomas-shea-afp-via-getty-images.jpg,,"More than a dozen Southeast Texas school districts canceled Tuesday classes as Tropical Storm Edouard approached the upper Texas coast, and the reasoning behind those closures is worth holding onto a… [+8095 chars]",Houston Area Schools Close as Tropical Storm Edouard Nears and the Health Risks Outlast the Rain. Southeast Texas districts closed campuses Tuesday as Tropical Storm Edouard neared landfall. The largest health risks arrive after the rain stops.,"Schulen im Raum Houston schließen, da der Tropensturm Edouard näher rückt und die Gesundheitsrisiken den Regen überdauern. Bezirke im Südosten von Texas schlossen am Dienstag ihre Campusse, als sich der Tropensturm Edouard dem Land näherte. Die größten Gesundheitsrisiken treten auf, wenn der Regen aufhört.",Houston Area Schools Close as Tropical Tempestatem Edouard Nears et Salus Risks superant pluvia. Southeast Texas districts occlusa campuses Martis ad Tropical Edouard appropinquavit landfall. Maximae salutis pericula perveniunt postquam cessat pluvia.
987391f4b5d46ed3115e1a93a4b9f7c3,2026-09-01T13:00:15Z,Storm,Hazard,apnews.com,en,0.9,"Trop storm could reach hurricane strength as it approaches Texas, Louisiana...","Weather forecasters are warning that Tropical Storm Edouard could reach hurricane strength as it heads toward the Gulf Coast, and it's likely to bring heavy rains and flooding to parts of Texas and Louisiana. The National Hurricane Center says the storm will …",https://apnews.com/article/hurricane-karina-storm-edouard-lowell-pacific-gulf-947df7d220e9793e353631f51e40a06c,https://dims.apnews.com/dims4/default/4b629cd/2147483647/strip/true/crop/1599x1065+0+217/resize/980x653!/quality/90/?url=https%3A%2F%2Fassets.apnews.com%2Faf%2Fa1%2Fc594aab364ae9679b40ded77e514%2F19cad56b65024e0d9f1ae6748d807717,,"MIAMI (AP) Tropical Storm Edouard was expected to strengthen significantly and possibly reach hurricane force Tuesday as it moved toward the Gulf Coast, where heavy rains and flooding were possible i… [+2896 chars]","Trop storm could reach hurricane strength as it approaches Texas, Louisiana.... Weather forecasters are warning that Tropical Storm Edouard could reach hurricane strength as it heads toward the Gulf Coast, and it's likely to bring heavy rains and flooding to parts of Texas and Louisiana. The National Hurricane Center says the storm will …","Der Tropensturm könnte die Stärke eines Hurrikans erreichen, wenn er sich Texas, Louisiana, nähert. Wettervorhersager warnen, dass der Tropensturm Edouard auf seinem Weg zur Golfküste die Stärke eines Hurrikans erreichen könnte und wahrscheinlich schwere Regenfälle und Überschwemmungen in Teilen von Texas und Louisiana mit sich bringen wird. Das National Hurricane Center sagt, dass der Sturm …","Trop tempestas tempestatis ad Texas appropinquantem, Louisiana.. Tempestates praenuntiant tempestates Tropical Edouard vim tempestatis attingere posse, quae ad sinum Coast tendens, et pluvias graves allatura est et inundationem ad partes Texas et Louisiana. In National Procellae Center dicit tempestas erit ..."
8956c179d27733434aac6d2bf22157e7,2026-09-01T13:18:00Z,Snow Avalanche,Impacts,www.dw.com,en,0.8,"As glaciers melt, can communities be protected?","Rising temperatures are increasing the risk of floods and avalanches in mountain regions. The disaster in Nepal and Tibet shows the urgent need for solutions, and the tools that could help save lives.",https://www.dw.com/en/nepal-flood-disaster-glacial-collapse-climate-change-impacts/a-78615775,https://static.dw.com/image/78504703_6.jpg,http://web.archive.org/web/20260902020106/https://www.dw.com/en/nepal-flood-disaster-glacial-collapse-climate-change-impacts/a-78615775,"High mountain glaciers formed in the ice age are retreating and becoming unstable as the burning of fossil fuels heats the climate and leads to a decline in snowfall.
The instability creates the con… [+6033 chars]","As glaciers melt, can communities be protected?. Rising temperatures are increasing the risk of floods and avalanches in mountain regions. The disaster in Nepal and Tibet shows the urgent need for solutions, and the tools that could help save lives.","Können Gemeinden beim Abschmelzen der Gletscher geschützt werden? Steigende Temperaturen erhöhen die Gefahr von Überschwemmungen und Lawinen in Bergregionen. Die Katastrophe in Nepal und Tibet zeigt den dringenden Bedarf an Lösungen und Werkzeugen, die helfen könnten, Leben zu retten.","Cum molibus tabescent, communitates defendi possunt? Temperatura surgentia periculum diluvii et avalanches in montosis regionibus augent. Clades in Nepal et Tibet ostendit necessitatem solutionis et instrumenta quae vitam salvare possent."
dd41d898ff6e971fd8a14b56c0ebf51e,2026-09-01T13:19:01Z,Landslide,Hazard,peoplesreview.com.np,en,0.9,Political parties agree to form all-party mechanism in local and provincial levels of the flood-hit areas,"Kathmandu, September 1: Rastriya Swatantra Party (RSP) spokesperson Jagadish Kharel said that an agreement had been reached to form all-party mechanisms from the provincial to the local level in the flood- and landslide-affected districts and mobilize them fo…",https://peoplesreview.com.np/2026/09/01/political-parties-agree-to-form-all-party-mechanism-in-local-and-provincial-levels-of-the-flood-hit-areas/,https://peoplesreview.com.np/wp-content/uploads/2026/09/all-party-meeting.webp,,"Kathmandu, September 1: Rastriya Swatantra Party (RSP) spokesperson Jagadish Kharel said that an agreement had been reached to form all-party mechanisms from the provincial to the local level in the … [+1243 chars]","Political parties agree to form all-party mechanism in local and provincial levels of the flood-hit areas. Kathmandu, September 1: Rastriya Swatantra Party (RSP) spokesperson Jagadish Kharel said that an agreement had been reached to form all-party mechanisms from the provincial to the local level in the flood- and landslide-affected districts and mobilize them fo…","Die politischen Parteien vereinbaren die Bildung eines Allparteienmechanismus auf lokaler und provinzieller Ebene der von der Überschwemmung betroffenen Gebiete. Kathmandu, 1. September: Der Sprecher der Rastriya Swatantra Party (RSP), Jagadish Kharel, sagte, dass eine Vereinbarung getroffen worden sei, um in den von Überschwemmungen und Erdrutschen betroffenen Bezirken parteiübergreifende Mechanismen von der Provinz- bis zur lokalen Ebene zu bilden und diese für … zu mobilisieren.","Partes politicae consentiunt ut omnes mechanismum partium localium et provinciarum in locis inundationis hits formare valeant. Kathmandu, Septembris 1: Rastriya Swatantra Factio (RSP) orator persona Jagadish Kharel dixit pactionem perventum esse ut machinas omnes factionis provincialis ad localem in diluvio et regione affectata moverent et eas fo…"
5594c28031e2abc9aad551e36882bdf7,2026-09-01T13:20:15Z,Landslide,Hazard,www.wimp.com,en,0.9,Falling boulders making a massive landslide.,"Approximately four thousand cubic meters of rock came loose from a cliff face above the site, and thankfully, no one was injured.",https://www.wimp.com/falling-boulders-making-a-massive-landslide/,https://www.wimp.com/wp-content/uploads/2026/09/italian-landslide-huge-boulders-destroy-buildings-in-south-tyrol.jpg,,"Approximately four thousand cubic meters of rock came loose from a cliff face above the site, and thankfully, no one was injured.","Falling boulders making a massive landslide.. Approximately four thousand cubic meters of rock came loose from a cliff face above the site, and thankfully, no one was injured.","Herabfallende Felsbrocken lösten einen gewaltigen Erdrutsch aus. Ungefähr viertausend Kubikmeter Fels lösten sich von einer Felswand oberhalb des Geländes, und glücklicherweise wurde niemand verletzt.","Saxa cadentes in terram magnam faciebant. Fere quattuor milia metrorum cubicorum saxorum e facie rupe supra situm solvebantur, et gratanter nemo laesus est."
f0431e619899430027f065ec77df242a,2026-09-01T13:34:04Z,Flood,Hazard,www.bbc.co.uk,en,0.9,One still missing after Grand Canyon floods kill two and prompts rescue efforts,"Almost everyone is now accounted for after dozens of hikers were airlifted to safety, an official says.",https://www.bbc.co.uk/news/articles/c62e6rkn43ko,https://ichef.bbci.co.uk/ace/branded_news/1200/cpsprodpb/b1ca/live/41edbe20-a581-11f1-ae94-15924a612dd1.jpg,,"All but one person missing after flash flooding devastated parts of the Grand Canyon has now been found, the National Parks Service (NPS) says. 
Thirty people had previously been unaccounted for, bu… [+1203 chars]","One still missing after Grand Canyon floods kill two and prompts rescue efforts. Almost everyone is now accounted for after dozens of hikers were airlifted to safety, an official says.","Einer wird immer noch vermisst, nachdem bei den Überschwemmungen im Grand Canyon zwei Menschen ums Leben kamen und Rettungsmaßnahmen erforderlich wurden. Nachdem Dutzende Wanderer mit dem Flugzeug in Sicherheit gebracht wurden, seien mittlerweile fast alle gestorben, sagt ein Beamter.","Unus adhuc defuit postquam Grand Canyon inundationes duas necant et conatus liberare suggerit. Fere omnes nunc aestimantur quia post justos hikeros ad salutem elati sunt, dicit officialis."
436a1488f8a22e00a6fd3fd88a15e4d1,2026-09-01T13:41:00Z,Storm,Hazard,www.newser.com,en,0.7,"Tropical Storm Edouard Eyes Hurricane Strength, Gulf Coast","Tropical Storm Edouard was expected to strengthen significantly and possibly reach hurricane force Tuesday as it moved toward the Gulf Coast, where heavy rains and flooding were possible in parts of Texas and Louisiana, the National Hurricane Center warned. T…",https://www.newser.com/story/395655/tropical-storm-edouard-eyes-hurricane-strength-gulf-coast.html,https://cdn.newser.com/image/1708895-12-20260901084102.jpeg,,"Tropical Storm Edouard was expected to strengthen significantly and possibly reach hurricane force Tuesday as it moved toward the Gulf Coast, where heavy rains and flooding were possible in parts of … [+2509 chars]","Tropical Storm Edouard Eyes Hurricane Strength, Gulf Coast. Tropical Storm Edouard was expected to strengthen significantly and possibly reach hurricane force Tuesday as it moved toward the Gulf Coast, where heavy rains and flooding were possible in parts of Texas and Louisiana, the National Hurricane Center warned. T…","Tropischer Sturm Edouard erwartet Hurrikanstärke an der Golfküste. Das National Hurricane Center warnte, dass sich der Tropensturm Edouard am Dienstag deutlich verstärken und möglicherweise Hurrikanstärke erreichen werde, während er sich auf die Golfküste zubewege, wo in Teilen von Texas und Louisiana heftige Regenfälle und Überschwemmungen möglich seien. T…","Tropical Edouard Eyes Procellae Fortitudo, sinus Coast. Tropical Edouard exspectabatur ut signanter confirmaret et forte ad vim tempestatis Martis ad Sinu Coast movendam, ubi imbres graves et inundationes fieri posse in partibus Texas et Louisiana, National Hurricane Centrum monuit. T…"
35c0f386cd03d4866d8556d50cdfd294,2026-09-01T13:52:46Z,Storm,Hazard,slashdot.org,en,0.7,Tropical Storm Edouard could reach hurricane strength as it approaches Texas and Louisiana - apnews.com,Tropical Storm Edouard could reach hurricane strength as it approaches Texas and Louisianaapnews.com Tropical Storm Edouard expected to bring flooding and gusty wind to Southeast Texas | Detailed timelinekhou.com Tropical Storm Edouard expected to make Texas …,https://slashdot.org/firehose.pl?op=view&amp;id=185347304,,http://web.archive.org/web/20160119174443/http://slashdot.org/firehose.pl?op=view,The Fine Print: The following comments are owned by whoever posted them. We are not responsible for them in any way.,Tropical Storm Edouard could reach hurricane strength as it approaches Texas and Louisiana - apnews.com. Tropical Storm Edouard could reach hurricane strength as it approaches Texas and Louisianaapnews.com Tropical Storm Edouard expected to bring flooding and gusty wind to Southeast Texas | Detailed timelinekhou.com Tropical Storm Edouard expected to make Texas …,"Der Tropensturm Edouard könnte Hurrikanstärke erreichen, wenn er sich Texas und Louisiana nähert – apnews.com. Tropischer Sturm Edouard könnte Hurrikanstärke erreichen, wenn er sich Texas und Louisiana nähertapnews.com Tropischer Sturm Edouard wird voraussichtlich Überschwemmungen und böigen Wind in den Südosten von Texas bringen | Detaillierte Zeitleistekhou.com Der Tropensturm Edouard wird voraussichtlich Texas … treffen.",Tempestas Tropical Edouard vim tempestatis attingere potuit cum appropinquat Texas et Louisiana - apnews.com. Tropical Storm Edouard poterat zephyris vires attingere ut appropinquat Texas et Louisianaapnews.com Tropical Tempestas Edouard expectat ad inundationem et ventositatem ad Southeast Texas | Detailed timelinekhou.com Tropical Edouard expectatur ut Texas ...
a9f92cb39609e4c96ec888a9192d0199,2026-09-01T13:59:02Z,Storm,Hazard,www.houstonchronicle.com,en,0.7,Houston Texans fans line up at Reliant for rivalry gear despite Tropical Storm Edouard's approach,Houston Texans fans lined up outside the team shop for new rivalry gear even as Tropical Storm Edouard neared the city.,https://www.houstonchronicle.com/news/houston-texas/trending/article/houston-texans-rivalry-uniform-22412289.php?utm_medium=referral&amp;utm_campaign=yahoo_syndication,https://s.yimg.com/lo/mysterio/api/570fde46fb813afc0aed7dffc45b90e4d747d2979a10791fc221597f03df3588/lightyear_networkapi/resizefill_w1200%3Bquality_80%3Bformat_webp/https%3A%2F%2Fmedia.zenfs.com%2Fen%2Fhouston_chronicle_hearst_715%2Fda178c8a201b52bf7be1909b7e344b46.jpg,,"Despite approaching Tropical Storm Edouard, diehard Houston Texans fans were lining up Tuesday morning outside Reliant Stadium to get their hands on the team's new rivalry uniform gear. 
The Houston… [+2057 chars]",Houston Texans fans line up at Reliant for rivalry gear despite Tropical Storm Edouard's approach. Houston Texans fans lined up outside the team shop for new rivalry gear even as Tropical Storm Edouard neared the city.,"Die Fans der Houston Texans stellen sich trotz des Ansturms von Tropensturm Edouard bei Reliant auf, um ihre Rivalitätsausrüstung zu holen. Die Fans der Houston Texans standen vor dem Teamladen Schlange, um neue Rivalitätsausrüstung zu kaufen, selbst als sich der Tropensturm Edouard der Stadt näherte.",Houston Texans fans aciem ad Reliant propter certaminum calces obstante Tropical Edouard adventus. Houston Texans fans extra tabernam turmae ad novas certationis calces instruxit etiam sicut Tropical Edouard urbi appropinquavit.
d99160343d03dd3b6cf5cdf9f7ee4f04,2026-09-01T14:00:13Z,Storm,Hazard,www.foxnews.com,en,0.9,"Gary, Indiana, can’t blame racism for every failure exposed by its catastrophic blackout","A derecho with 99 mph winds left Gary, Indiana, in darkness for weeks, but Project H.O.O.D. says blaming systemic racism won't rebuild the city.",https://www.foxnews.com/opinion/gary-indiana-cant-blame-racism-every-failure-exposed-catastrophic-blackout,https://static.foxnews.com/foxnews.com/content/uploads/2026/08/gary-indiana-power-out-august-20-2026-.jpg,http://web.archive.org/web/20260901150541/https://www.foxnews.com/opinion/gary-indiana-cant-blame-racism-every-failure-exposed-catastrophic-blackout,"Gary, Indiana sits on the southern shore of Lake Michigan not too far from where I am on the South Side of Chicago. I know that city well and my Project H.O.O.D. has done many events and good works t… [+7468 chars]","Gary, Indiana, can’t blame racism for every failure exposed by its catastrophic blackout. A derecho with 99 mph winds left Gary, Indiana, in darkness for weeks, but Project H.O.O.D. says blaming systemic racism won't rebuild the city.","Gary, Indiana, kann Rassismus nicht für jedes Versagen verantwortlich machen, das durch den katastrophalen Stromausfall aufgedeckt wurde. Ein Derecho mit Windgeschwindigkeiten von 99 Meilen pro Stunde ließ Gary, Indiana, wochenlang im Dunkeln liegen, aber Project H.O.O.D. sagt, dass die Schuld für systemischen Rassismus die Stadt nicht wieder aufbauen wird.","Gary, Indiana, racismum racismum reprehendere non potest propter omnem defectum suo nigro catastropho detecto. A derecho cum 99 mph ventis discessit Gary, Indiana in tenebris per septimanas, sed Project H.O.O.D. inquit reprehendens racismum systemicum civitatem non aedificaturum."
96cf923cd4c3725f4abd5231c077a9eb,2026-09-01T14:02:14Z,Drought,Hazard,www.channelnewsasia.com,en,0.8,UK chalks up hottest summer on record for second year running,"LONDON: Britain experienced its hottest summer on record for the second year in a row, the UK's national weather agency announced Tuesday (Sep 1), after weeks of successive heatwaves and widespread drought conditions.""Summer 2026 is provisionally the UK's war…",https://www.channelnewsasia.com/world/uk-heatwave-hottest-summer-2026-6355221,"https://dam.mediacorp.sg/image/upload/s--bFmO1og5--/c_crop,h_449,w_799,x_1,y_30/c_fill,g_auto,h_676,w_1200/fl_relative,g_south_east,l_mediacorp:cna:watermark:2024-04:reuters_1,w_0.1/f_auto,q_auto/v1/one-cms/core/2026-06-25T131219Z_1_LYNXMPEM5O11S_RTROPTP_3_EUROPE-WEATHER-BRITAIN.JPG?itok=HfOcJ8og",,"""These records are now breaking with increasing frequency, reflecting the influence of human-induced climate change on the temperatures we're experiencing in the UK,"" said Amy Doherty from the Met Of… [+980 chars]","UK chalks up hottest summer on record for second year running. LONDON: Britain experienced its hottest summer on record for the second year in a row, the UK's national weather agency announced Tuesday (Sep 1), after weeks of successive heatwaves and widespread drought conditions.""Summer 2026 is provisionally the UK's war…","Großbritannien verzeichnet zum zweiten Mal in Folge den heißesten Sommer seit Beginn der Aufzeichnungen. LONDON: Großbritannien erlebte zum zweiten Mal in Folge den heißesten Sommer seit Beginn der Aufzeichnungen, gab die nationale Wetterbehörde des Vereinigten Königreichs am Dienstag (1. September) bekannt, nach wochenlangen aufeinanderfolgenden Hitzewellen und weit verbreiteten Dürrebedingungen. „Der Sommer 2026 ist vorläufig der Krieg des Vereinigten Königreichs…“","UK cretulam aestatem calidissimam in memoria pro secundo anno currit. LONDINI: Britannia aestatem suam calidissimam in memoria percepit pro secundo anno in ordine, in UK nationalis tempestatis agentis die Martis (Sep. 1) nuntiata, post septimanas aestuum continuorum et siccitates condiciones diffusae."
86862ff36f0c8bbd976c74f1d0bbb6a5,2026-09-01T15:26:31Z,Tropical Cyclone,Impacts,www.insurancejournal.com,en,0.9,Texas Mobilizes Ahead of Tropical Storm Edouard,Texas is mobilizing emergency response crews in anticipation of expected flash flooding from a now fully-formed tropical storm that forecasters predicted would hit the southeast part of the state on Tuesday. Federal forecasters elevated a tropical depression …,https://www.insurancejournal.com/news/southcentral/2026/09/01/883570.htm,https://www.insurancejournal.com/app/uploads/2026/09/Texas-Storm-Response.jpg,http://web.archive.org/web/20260901215841/https://www.insurancejournal.com/news/southcentral/2026/09/01/883570.htm,Texas is mobilizing emergency response crews in anticipation of expected flash flooding from a now fully-formed tropical storm that forecasters predicted would hit the southeast part of the state on … [+3685 chars],Texas Mobilizes Ahead of Tropical Storm Edouard. Texas is mobilizing emergency response crews in anticipation of expected flash flooding from a now fully-formed tropical storm that forecasters predicted would hit the southeast part of the state on Tuesday. Federal forecasters elevated a tropical depression …,"Texas mobilisiert vor Tropensturm Edouard. Texas mobilisiert Notfallteams in Erwartung der zu erwartenden Sturzfluten durch einen inzwischen vollständig ausgereiften Tropensturm, der laut Prognostik am Dienstag den südöstlichen Teil des Bundesstaates treffen würde. Bundesprognostiker haben ein tropisches Tiefdruckgebiet vorhergesagt …",Texas Mobilizes Ante Tropical Storm Edouard. Texas subitis responsio nautarum movens in exspectatione inundationis fulguri expectatae ex tempestate tropicae iam plene formatae quae forecasters praedixit partem orientalem civitatis die Martis fore percussuram. Foederati forecasters cavum tropicum elevavit ...
61300312d26e045e360fd2a95147a3d3,2026-09-01T16:00:15Z,Tropical Cyclone,Mitigation,abc13.com,en,0.9,RADAR...,ABC13 is your source for weather alerts and upcoming 10-day forecasts. Stay up to date on severe storms and hurricane tracking for southeast Texas.,https://abc13.com/weather/,https://cdn.abcotvs.net/abcotv/assets/news/ktrk/images/logos/default_800x450.jpg,http://web.archive.org/web/20260829173340/https://abc13.com/weather/,"<li>Tropical Storm Warning* LOCATIONS AFFECTED
- Anahuac
- Beach City
- Mont Belvieu
* WIND
- LATEST LOCAL FORECAST: Tropical storm force gusts.
- Peak Wind Forecast: 20-30 mph with gusts to 40… [+12654 chars]",RADAR.... ABC13 is your source for weather alerts and upcoming 10-day forecasts. Stay up to date on severe storms and hurricane tracking for southeast Texas.,RADAR.... ABC13 ist Ihre Quelle für Wetterwarnungen und bevorstehende 10-Tage-Vorhersagen. Bleiben Sie über schwere Stürme und Hurrikanverfolgung im Südosten von Texas auf dem Laufenden.,RADAR.... ABC13 fons est tuus pro summis tempestatibus et ventura 10 dierum praenoscere. Manete hodie in gravibus procellis et procellae vestigia ad Texas meridiem versus.
df5cc96661fb6897a918ad575ec41ddc,2026-09-01T16:01:49Z,Volcano,Hazard,timesofindia.indiatimes.com,en,0.9,454-million-year-old supervolcano found beneath England may explain a vast ash layer across northern Europe,Scientists found evidence of a massive ancient volcano under The Wash. Tiny zircon crystals helped date this eruption to over 454 million years ago. This ancient volcanic system likely produced the Kinnekulle ash layer found across Europe. The volcano disappe…,https://timesofindia.indiatimes.com/world/rest-of-world/454-million-year-old-supervolcano-found-beneath-england-may-explain-a-vast-ash-layer-across-northern-europe/articleshow/133686280.cms,"https://static.toiimg.com/thumb/msid-133686472,width-1280,height-720,resizemode-6,overlay-toi_sw,pt-32,y_pad-600/photo.jpg",,"Follow Us On Social Media
Stone Cold Racist &amp; Nut Job: Hakeem Jeffries Tears Into Trump Bff Laura Loomer Over Ilhan Omar JabManipur Violence: Three Naga Villages Attacked, 10 Houses Torched In F… [+3023 chars]",454-million-year-old supervolcano found beneath England may explain a vast ash layer across northern Europe. Scientists found evidence of a massive ancient volcano under The Wash. Tiny zircon crystals helped date this eruption to over 454 million years ago. This ancient volcanic system likely produced the Kinnekulle ash layer found across Europe. The volcano disappe…,"Der 454 Millionen Jahre alte Supervulkan unter England könnte eine riesige Ascheschicht in Nordeuropa erklären. Wissenschaftler fanden Hinweise auf einen riesigen alten Vulkan unter The Wash. Winzige Zirkonkristalle halfen dabei, diesen Ausbruch auf über 454 Millionen Jahre zu datieren. Dieses alte Vulkansystem produzierte wahrscheinlich die Kinnekulle-Ascheschicht, die in ganz Europa zu finden ist. Der Vulkan verschwindet…",454-million annos natus supervolcano sub Anglia repertus potest explicare vastam iacum cineris per Europam septentrionalem. Scientistae testimonium invenerunt ponderis veteris vulcani sub The Wash. Minima crystalla zircon diem hanc eruptionem ad plus 454 decies annos abhinc adiuvisse. Haec systema volcanica antiqua probabile edidit Kinnekulle stratum cineris trans Europam repertum. Volcano evanescet…
6591f628a3dbaf18aa97857ee40100a3,2026-09-01T16:40:51Z,Drought,Mitigation,timesofindia.indiatimes.com,en,0.9,"Firm linked to Cong MLA, BJP MP bags Rs 28.5cr cloud seeding deal without tender","Karnataka okays Rs 28.5 crore cloud seeding deal without tender, granting procurement exemption to a firm linked to a Congress MLA and BJP MP families.",https://timesofindia.indiatimes.com/city/bengaluru/firm-linked-to-cong-mla-bjp-mp-bags-rs-28-5cr-cloud-seeding-deal-without-tender/articleshow/133687448.cms,"https://static.toiimg.com/thumb/msid-133687445,width-1280,height-720,resizemode-6,overlay-toi_sw,pt-32,y_pad-600/photo.jpg",http://web.archive.org/web/20260902012601/https://timesofindia.indiatimes.com/city/bengaluru/firm-linked-to-cong-mla-bjp-mp-bags-rs-28-5cr-cloud-seeding-deal-without-tender/articleshow/133687448.cms,"Follow Us On Social Media
Pakistan Cropped Modi Out Of SCO Summit Photo, Put Sharif Centre-Stage | What Was Islamabad Hiding?Putin Aide Mocks Kyivs Hunt For More Western Cash | WatchEUs Kaja Kallas … [+2685 chars]","Firm linked to Cong MLA, BJP MP bags Rs 28.5cr cloud seeding deal without tender. Karnataka okays Rs 28.5 crore cloud seeding deal without tender, granting procurement exemption to a firm linked to a Congress MLA and BJP MP families.","Firma, die mit Cong MLA verbunden ist, BJP-Abgeordneter erhält Cloud-Seeding-Deal über Rs 28,5 crr ohne Ausschreibung. Karnataka stimmt einem Cloud-Seeding-Deal über 28,5 Crore Rupien ohne Ausschreibung zu und gewährt einer Firma, die mit einem MLA des Kongresses und einer BJP-Abgeordnetenfamilie verbunden ist, eine Beschaffungsbefreiung.","Firma coniungitur cum Cong MLA, BJP MP saccis Rs 28.5cr nubes seminis multum sine tenera. Karnataka okays Rs 28.5 crore nubes seminis multum sine tenera, procurationem praestans exemptionem ad firmam coniunctionem cum familiis Congressibus MLA et BJP MP."
0e5ab0f1673e71e2bcd1f5367a623509,2026-09-01T16:45:30Z,Drought,Mitigation,timesofindia.indiatimes.com,en,0.3,Patna to get advanced drug testing facility,"Patna will get a state-of-the-art drug testing lab and analytical development facility to boost Bihar’s drug quality monitoring, research and training with NIPER support.",https://timesofindia.indiatimes.com/city/patna/patna-to-get-advanced-drug-testing-facility/articleshow/133687553.cms,https://static.toiimg.com/photo/msid-47529300/47529300.jpg,http://web.archive.org/web/20260902012454/https://timesofindia.indiatimes.com/city/patna/patna-to-get-advanced-drug-testing-facility/articleshow/133687553.cms,"Follow Us On Social Media
Stone Cold Racist &amp; Nut Job: Hakeem Jeffries Tears Into Trump Bff Laura Loomer Over Ilhan Omar JabManipur Violence: Three Naga Villages Attacked, 10 Houses Torched In F… [+3023 chars]","Patna to get advanced drug testing facility. Patna will get a state-of-the-art drug testing lab and analytical development facility to boost Bihar’s drug quality monitoring, research and training with NIPER support.","Patna erhält moderne Einrichtung für Drogentests. Patna erhält ein hochmodernes Drogentestlabor und eine analytische Entwicklungseinrichtung, um mit Unterstützung von NIPER die Überwachung, Forschung und Schulung der Arzneimittelqualität in Bihar zu verbessern.","Patna ut medicamento probatio provectus facilitas. Patna statum medicamentorum experimenti lab artis et analyticae evolutionis facile consequetur ut boost Bihar's medicamentorum qualitas vigilantia, investigatio et educatio apud NIPER suscipiat."
51474a48a893df5d9312657cd8a241ec,2026-09-01T16:51:40Z,Drought,Mitigation,timesofindia.indiatimes.com,en,0.3,"Uttarakhand rain havoc: 7 killed as landslides, house collapses, swollen rivers disrupt life",Heavy rains caused at least seven deaths and triggered landslides across Uttarakhand. A house wall collapse in Almora killed three people early Tuesday morning. Two Nepalese laborers also died in a separate house collapse incident in Almora. The Dehradun-Muss…,https://timesofindia.indiatimes.com/city/dehradun/uttarakhand-rain-havoc-7-killed-as-landslides-house-collapses-swollen-rivers-disrupt-life/articleshow/133687569.cms,"https://static.toiimg.com/thumb/msid-133687671,width-1280,height-720,resizemode-6,overlay-toi_sw,pt-32,y_pad-600/photo.jpg",http://web.archive.org/web/20260902013448/https://timesofindia.indiatimes.com/city/dehradun/uttarakhand-rain-havoc-7-killed-as-landslides-house-collapses-swollen-rivers-disrupt-life/articleshow/133687569.cms,"Follow Us On Social Media
Stone Cold Racist &amp; Nut Job: Hakeem Jeffries Tears Into Trump Bff Laura Loomer Over Ilhan Omar JabManipur Violence: Three Naga Villages Attacked, 10 Houses Torched In F… [+3023 chars]","Uttarakhand rain havoc: 7 killed as landslides, house collapses, swollen rivers disrupt life. Heavy rains caused at least seven deaths and triggered landslides across Uttarakhand. A house wall collapse in Almora killed three people early Tuesday morning. Two Nepalese laborers also died in a separate house collapse incident in Almora. The Dehradun-Muss…","Regenverwüstung in Uttarakhand: 7 Tote durch Erdrutsche, Hauseinsturz, anschwellende Flüsse stören das Leben. Heftige Regenfälle verursachten mindestens sieben Todesopfer und lösten Erdrutsche in ganz Uttarakhand aus. Bei einem Hauswandeinsturz in Almora kamen am frühen Dienstagmorgen drei Menschen ums Leben. Auch zwei nepalesische Arbeiter kamen bei einem separaten Hauseinsturz in Almora ums Leben. Der Dehradun-Muss…","Uttarakhand strages pluviae: 7 occidit proruit, domus concidit, flumina turbant vitam. Imbres graves fecerunt septem saltem mortes et urguebant trans Uttarakhand prolapsae. Murus domus ruinae in Almora tres homines primo mane Martis occidit. Duo operarii Nepalese in ruina domus separatae incidentes in Almora mortui sunt. Dehradun-Muss…"
fab1a54cab190f0a53c4562bcd1d5637,2026-09-01T17:00:00Z,Cold Wave,Hazard,www.prnewswire.com,en,0.3,"In HelloNation, Insulation Expert Darren Haggett Explains Why Air Sealing Matters After Insulation","The Article Explains How Air Sealing Works Alongside Insulation to Prevent Cold Rooms and Wasted Energy. ALBANY, N.Y., Sept. 1, 2026 /PRNewswire/ -- Why does a room still feel cold after new insulation is installed? A HelloNation article explains how sealing …",https://www.prnewswire.com/news-releases/in-hellonation-insulation-expert-darren-haggett-explains-why-air-sealing-matters-after-insulation-302866530.html,https://mmx.prnewswire.com/media/MS1979629/Darren-Haggett-Branch-Manager.mp4?id=OA2923612&p=thumbnail,http://web.archive.org/web/20260901212059/https://www.prnewswire.com/news-releases/in-hellonation-insulation-expert-darren-haggett-explains-why-air-sealing-matters-after-insulation-302866530.html,"The Article Explains How Air Sealing Works Alongside Insulation to Prevent Cold Rooms and Wasted Energy.
ALBANY, N.Y., Sept. 1, 2026 /PRNewswire/ -- Why does a room still feel cold after new insulat… [+3875 chars]","In HelloNation, Insulation Expert Darren Haggett Explains Why Air Sealing Matters After Insulation. The Article Explains How Air Sealing Works Alongside Insulation to Prevent Cold Rooms and Wasted Energy. ALBANY, N.Y., Sept. 1, 2026 /PRNewswire/ -- Why does a room still feel cold after new insulation is installed? A HelloNation article explains how sealing …","In HelloNation erklärt der Isolierungsexperte Darren Haggett, warum Luftabdichtung nach der Isolierung wichtig ist. Der Artikel erklärt, wie die Luftabdichtung neben der Isolierung funktioniert, um zu kalte Räume und Energieverschwendung zu verhindern. ALBANY, N.Y., 1. September 2026 /PRNewswire/ – Warum fühlt sich ein Raum immer noch kalt an, nachdem eine neue Isolierung installiert wurde? Ein HelloNation-Artikel erklärt, wie die Versiegelung …","In HelloNation, Insulation Peritus Darren Haggett explicat cur Air signantes res post Insulation. Articulus declarat quomodo Aeris signantes Works Prope Insulation ad praeveni frigus conclavia et vastata Energy. ALBANY, N.Y., 1 sept. A articulum HelloNation declarat quomodo signantes ..."
1bcf6cb2fbe6f8f9a374f915c7dc9511,2026-09-01T17:34:27Z,Tropical Cyclone,Hazard,theeconomiccollapseblog.com,en,0.7,Is There A Possibility That A Hurricane Could Make Landfall In Southern California Next Week?,"I want to be very careful with what I say in this article, because the forecasts that I am going to discuss are not completely certain. Meteorologists are telling us that a tropical disturbance in the Pacific Ocean known as “95E” has now become a named storm …",http://theeconomiccollapseblog.com/is-there-a-possibility-that-a-hurricane-could-make-landfall-in-southern-california-next-week/,http://theeconomiccollapseblog.com/wp-content/uploads/2026/09/Snip20260901_127.png,,"I want to be very careful with what I say in this article, because the forecasts that I am going to discuss are not completely certain. Meteorologists are telling us that a tropical disturbance in th… [+8631 chars]","Is There A Possibility That A Hurricane Could Make Landfall In Southern California Next Week?. I want to be very careful with what I say in this article, because the forecasts that I am going to discuss are not completely certain. Meteorologists are telling us that a tropical disturbance in the Pacific Ocean known as “95E” has now become a named storm …","Besteht die Möglichkeit, dass nächste Woche ein Hurrikan in Südkalifornien landen könnte? Ich möchte mit dem, was ich in diesem Artikel sage, sehr vorsichtig sein, da die Prognosen, die ich diskutieren werde, nicht völlig sicher sind. Meteorologen sagen uns, dass eine tropische Störung im Pazifischen Ozean, bekannt als „95E“, mittlerweile zu einem benannten Sturm geworden ist …","Estne possibilitas Quod Procellae Posset Landfall In Southern California Next Hebdomada?. Quod autem in hoc articulo dico, diligentissime cupio, quia praedicta, quae disputo, non sunt omnino certa. Meteorologi narrant perturbationem tropicam in Oceano Pacifico notam ""95E"" nunc factam esse tempestas nominata."
a74986660fb7949b943b8d92dc97d0ae,2026-09-01T17:45:54Z,Landslide,Hazard,timesofindia.indiatimes.com,en,0.9,5 dead in separate rain-related incidents in Almora,"Five die in rain incidents in Almora: family of three buried by landslide debris, two Nepali workers killed in hut collapse; schools shut Sept 2.",https://timesofindia.indiatimes.com/city/dehradun/5-dead-in-separate-rain-related-incidents-in-almora/articleshow/133689070.cms,"https://static.toiimg.com/thumb/msid-133689066,width-1280,height-720,resizemode-6,overlay-toi_sw,pt-32,y_pad-600/photo.jpg",,"Follow Us On Social Media
Donald Trumps Eyes Close for 20 Seconds, Sparking Fresh Sleepy Questions as White House Hits BackStone Cold Racist &amp; Nut Job: Hakeem Jeffries Tears Into Trump Bff Laura… [+1469 chars]","5 dead in separate rain-related incidents in Almora. Five die in rain incidents in Almora: family of three buried by landslide debris, two Nepali workers killed in hut collapse; schools shut Sept 2.","5 Tote bei einzelnen regenbedingten Vorfällen in Almora. Fünf Menschen kommen bei Regenfällen in Almora ums Leben: dreiköpfige Familie unter Erdrutschtrümmern begraben, zwei nepalesische Arbeiter bei Einsturz einer Hütte getötet; Schulen geschlossen am 2. September.","5 mortui in Almora incidentibus separatis pluviis actis. Quinque in Almora incidentes pluviae moriuntur: familia trium obstantia obruta est, duo Nepalica operarum in casa ruina occisa; scholas inclusit 2 sept."
fcf2668b226cf7a84ec4fdb42eb3fb0f,2026-09-01T17:57:56Z,Cold Wave,Hazard,www.breitbart.com,en,0.2,Xi Jinping Gives Iran President Cold Reception at Shanghai Cooperation Org Summit,"Iranian President Masoud Pezeshkian, who is subservient to missing ""supreme leader"" Mojtaba Khamenei, held an expected, but apparently brief, meeting with Chinese dictator Xi Jinping on Tuesday, one that state media coverage suggests Xi had little interest in…",https://www.breitbart.com/asia/2026/09/01/xi-jinping-gives-iran-president-cold-reception-at-shanghai-cooperation-org-summit/,https://media.breitbart.com/media/2026/09/GettyImages-2292355040-640x335.png,,"Iranian President Masoud Pezeshkian, who is subservient to missing “supreme leader” Mojtaba Khamenei, held an expected, but apparently brief, meeting with Chinese dictator Xi Jinping on Tuesday, one … [+5433 chars]","Xi Jinping Gives Iran President Cold Reception at Shanghai Cooperation Org Summit. Iranian President Masoud Pezeshkian, who is subservient to missing ""supreme leader"" Mojtaba Khamenei, held an expected, but apparently brief, meeting with Chinese dictator Xi Jinping on Tuesday, one that state media coverage suggests Xi had little interest in…","Xi Jinping bereitet dem iranischen Präsidenten beim Gipfeltreffen der Shanghai Cooperation Org einen kalten Empfang. Der iranische Präsident Masoud Pezeshkian, der sich dem vermissten „Obersten Führer“ Mojtaba Khamenei unterwirft, hielt am Dienstag ein erwartetes, aber offenbar kurzes Treffen mit dem chinesischen Diktator Xi Jinping ab, ein Treffen, das laut Berichterstattung in den staatlichen Medien darauf hindeutet, dass Xi daran wenig Interesse hatte …","XI Jinping Iran Praeses Receptionem frigidam in Shanghai Cooperatione Org Summit dat. Iranian Praeses Masoud Pezeshkian, qui inservit absentis ""summi ducis"" Mojtaba Khamenei, exspectationem tenuit, sed brevem, ut videtur, congressus cum dictatore Sinensi Xi Jinping die Martis, qui status instrumentorum coverage suggerit Xi parum interest in…"
3c31206dfa18463d62736b72bdaff559,2026-09-01T18:21:32Z,Landslide,Hazard,timesofindia.indiatimes.com,en,0.9,Govt vows compensation for victims’ kin,"Guwahati Mathgharia landslide kills 3; Dimoria MLA Tapan Das assures compensation, aid for survivor, and relocation of families from vulnerable slopes.",https://timesofindia.indiatimes.com/city/guwahati/govt-vows-compensation-for-victims-kin/articleshow/133690013.cms,https://static.toiimg.com/photo/msid-47529300/47529300.jpg,,"Follow Us On Social Media
Former Tupac Producer Says Keffe D Was His Own Worst Enemy After VerdictPakistans PoK Elections Under Fire: Rights Watchdog Exposes CrackdownPM Modis SCO Warning: Terrorism… [+2787 chars]","Govt vows compensation for victims’ kin. Guwahati Mathgharia landslide kills 3; Dimoria MLA Tapan Das assures compensation, aid for survivor, and relocation of families from vulnerable slopes.","Regierung verspricht Entschädigung für die Angehörigen der Opfer. Erdrutsch in Guwahati Mathgharia tötet 3; Dimoria MLA Tapan Das gewährleistet Entschädigung, Hilfe für Hinterbliebene und die Umsiedlung von Familien aus gefährdeten Hängen.","Sumptum vota pro victimis expiandis. Guwahati Mathgharia Lappa III curtes; Dimoria MLA Tapan Das recompensationem confirmat, auxilium superstes, et relocationem familiarum de clivis vulnerabilibus."
723d711bb37f49a4509b123bd030b0ce,2026-09-01T18:21:59Z,Landslide,Hazard,timesofindia.indiatimes.com,en,0.9,Kamrup-M families risk lives for livelihoods on hill slopes,"Guwahati landslide risk: Kamrup Metro officials struggle to relocate hill-slope families, citing livelihood ties, costs, and land rights on miyadi/eksonia plots.",https://timesofindia.indiatimes.com/city/guwahati/kamrup-m-families-risk-lives-for-livelihoods-on-hill-slopes/articleshow/133690021.cms,https://static.toiimg.com/photo/msid-47529300/47529300.jpg,,"Follow Us On Social Media
Former Tupac Producer Says Keffe D Was His Own Worst Enemy After VerdictPakistans PoK Elections Under Fire: Rights Watchdog Exposes CrackdownPM Modis SCO Warning: Terrorism… [+2787 chars]","Kamrup-M families risk lives for livelihoods on hill slopes. Guwahati landslide risk: Kamrup Metro officials struggle to relocate hill-slope families, citing livelihood ties, costs, and land rights on miyadi/eksonia plots.","Kamrup-M-Familien riskieren ihr Leben für ihren Lebensunterhalt an Berghängen. Erdrutschgefahr in Guwahati: Beamte der U-Bahn von Kamrup kämpfen mit der Umsiedlung von Familien in Hanglagen unter Berufung auf Existenzsicherung, Kosten und Landrechte auf Miyadi-/Eksonia-Grundstücken.","Kamrup-M familiae periculum vitae ad victum in clivis montanis vivit. Guwahati periculum subruit: Kamrup Metro magistratus contendunt ut familias montanas declivi transvolarent, testantes victum, necessitudines, impensas, iura terrae in miyadi/eksonia machinationes."
2d7ecb8f0538238b0de74b2fdeae406b,2026-09-01T18:22:17Z,Flood,Impacts,www.aljazeera.com,en,0.9,"Health crisis looming as Gaza heads towards rainy season, warns WHO","Water quality in embattled Palestinian enclave already poor; flooding will exacerbate threat to health, says UN agency.",https://www.aljazeera.com/news/2026/9/1/health-crisis-looming-as-gaza-heads-towards-rainy-season-warns-who,https://www.aljazeera.com/wp-content/uploads/2026/09/afp_6a96de09b1e2-1788272137.jpg?resize=1920%2C1440,http://web.archive.org/web/20260901221632/https://www.aljazeera.com/news/2026/9/1/health-crisis-looming-as-gaza-heads-towards-rainy-season-warns-who,"The approach of winter and cold rains are set to worsen a public health crisis that already has a firm grip in the embattled Gaza Strip, the World Health Organization (WHO) has warned.
Recent water … [+2027 chars]","Health crisis looming as Gaza heads towards rainy season, warns WHO. Water quality in embattled Palestinian enclave already poor; flooding will exacerbate threat to health, says UN agency.","Gesundheitskrise droht, während Gaza auf die Regenzeit zusteuert, warnt die WHO. Wasserqualität in umkämpfter palästinensischer Enklave bereits schlecht; Überschwemmungen werden die Gesundheitsgefahr verschärfen, sagt die UN-Agentur.","Medicae discriminis instar Gazae capita ad tempus pluviosum, admonet QUI. Aquae qualis in pugna Palaestinae inclusae jam pauperi; inundatio minas valetudinis exacerbabit, dicit IR procuratione."
cb70a893c5f13e37a0b2d4aa1a4a36bb,2026-09-01T18:39:57Z,Wildfire,Causes,www.nzherald.co.nz,en,0.9,El Niño expected to be ‘strongest in recent history’,"Strong winds, dry weather and wildfire risks are set to rise in the east.",https://www.nzherald.co.nz/nz/el-nino-expected-to-be-strongest-in-recent-history/SH7DTDPENZHKNBHJG7DLLA4WUA/,https://www.nzherald.co.nz/resizer/v2/QHW3I3KUJRHXDLNS72WB7UFETI.jpg?auth=9d4cb6e2c223940462aca60d2cf04c4a3e0011928fd7545917432ca8bab8e7ae&width=1200&height=675&quality=70&focal=625%2C438&smart=false,,"If we get those events kind of occurring repeatedly, even if theres a couple of days break over time the environment becomes less capable of handling a big rain event.
Last week, a winter storm in t… [+1488 chars]","El Niño expected to be ‘strongest in recent history’. Strong winds, dry weather and wildfire risks are set to rise in the east.","Es wird erwartet, dass El Niño „das stärkste in der jüngeren Geschichte“ wird. Im Osten dürften starke Winde, trockenes Wetter und die Gefahr von Waldbränden zunehmen.","El Niño expectat se 'fortissimum in recenti historia'. Ventorum vehementes, siccitatem et ignem ferum periclitantur, ut in oriente oriantur."
1a1256784bae0336093ff54f75a23fb2,2026-09-01T20:17:33Z,Drought,Causes,theconversation.com,en,0.3,"Despite years of rain, Blue Mountains forests still haven’t recovered from the Black Summer megafires",Heavy rains after the Black Summer megafires drove rapid regrowth of plants. But these signs of recovery can hide the true story.,https://theconversation.com/despite-years-of-rain-blue-mountains-forests-still-havent-recovered-from-the-black-summer-megafires-290432,https://images.theconversation.com/files/756926/original/file-20260831-50-6srhxj.jpg?ixlib=rb-4.1.1&rect=0%2C93%2C5123%2C2561&q=45&auto=format&w=1356&h=668&fit=crop,,"Brook Mitchell/Getty
For three years before the Black Summer megafires of 2019–20, cool season rainfall in southeastern Australia was only half that of normal. When fires broke out, intensely dry co… [+6358 chars]","Despite years of rain, Blue Mountains forests still haven’t recovered from the Black Summer megafires. Heavy rains after the Black Summer megafires drove rapid regrowth of plants. But these signs of recovery can hide the true story.",Trotz jahrelanger Regenfälle haben sich die Wälder der Blue Mountains immer noch nicht von den Megabränden im Black Summer erholt. Heftige Regenfälle nach den Großbränden im Schwarzen Sommer führten zu einem raschen Nachwachsen der Pflanzen. Aber diese Anzeichen einer Erholung können die wahre Geschichte verbergen.,"Quamvis annos pluviae, Blue Montes silvae e megafires Niger Aestivali adhuc non recuperaverunt. Imbres graves post megafires Niger Aestas rapidum plantarum regrowth compulerunt. Sed haec signa salutis veram fabulam celare possunt."
24588ba0e12b5d7c2459bf568f890670,2026-09-01T21:00:28Z,Heat Wave,Hazard,consequence.net,en,0.3,"Kacey Musgraves Rides Disco Balls, Mourns Dolly Parton, and Remains Unbothered at MSG: Review + Setlist","The country star's ""Middle of Nowhere Tour"" is warm, weird, and a prime example of what sets Musgraves apart.
Kacey Musgraves Rides Disco Balls, Mourns Dolly Parton, and Remains Unbothered at MSG: Review + Setlist
Paolo Ragusa",https://consequence.net/2026/09/kacey-musgraves-middle-of-nowhere-tour-msg-nyc-review-setlist/,https://consequence.net/wp-content/uploads/2026/09/Kacey-Musgraves.jpeg,http://web.archive.org/web/20260903124002/https://consequence.net/2026/09/kacey-musgraves-middle-of-nowhere-tour-msg-nyc-review-setlist/,"Kacey Musgraves is a real one, y’all. Her “Middle of Nowhere” tour stop on Monday night at New York’s Madison Square Garden wasn’t just a testament to her star power, it was a reminder that Musgraves… [+5581 chars]","Kacey Musgraves Rides Disco Balls, Mourns Dolly Parton, and Remains Unbothered at MSG: Review + Setlist. The country star's ""Middle of Nowhere Tour"" is warm, weird, and a prime example of what sets Musgraves apart.
Kacey Musgraves Rides Disco Balls, Mourns Dolly Parton, and Remains Unbothered at MSG: Review + Setlist
Paolo Ragusa","„Kacey Musgraves reitet auf Discokugeln, trauert um Dolly Parton und bleibt unbeeindruckt bei MSG: Rezension + Setlist“ . Die „Middle of Nowhere Tour“ des Country-Stars ist warmherzig, seltsam und ein Paradebeispiel dafür, was Musgraves auszeichnet.
„Kacey Musgraves reitet auf Discokugeln, trauert um Dolly Parton und bleibt unbeeindruckt bei MSG: Rezension + Setlist“
Paolo Ragusa","Kacey Musgraves Rides Disco Balls, Dolly Parton deplorat, et in MSG reliquiae indecorae: Review + Setlist. Stella regio ""Medium Nusquam Tour"" calidum est, fatum est, et primum exemplum eorum quae Musgrave separant.
Kacey Musgraves Rides Disco globos, luget Dolly Parton, et manet intactus in VUL: Review + Setlist
Paulus de Ragusio"
e93f79b432554a46a8d9217c5e5b0ae4,2026-09-01T21:10:54Z,Flood,Hazard,www.abc.net.au,en,0.9,"Aboriginal community still damaged, without services months after floods","Months after record flooding, the remote Aboriginal community of Nauiyu / Daly River remains significantly damaged and without services. Locals say some are still without power and little has been done to prepare for the next wet season.",https://www.abc.net.au/news/2026-09-02/nt-daly-river-nauiyu-record-flood-remains-damaged-no-services/107101142,https://live-production.wcms.abc-cdn.net.au/8ec26d7452b951d79503d2949a754504?impolicy=wcms_watermark_news&cropH=4536&cropW=8064&xPos=0&yPos=177&width=862&height=485&imformat=generic,http://web.archive.org/web/20260902014956/https://www.abc.net.au/news/2026-09-02/nt-daly-river-nauiyu-record-flood-remains-damaged-no-services/107101142,"At the end of a dust-laden road on the banks of the Daly River, the remote Indigenous community of Nauiyu bears the scars of disaster.
The entrance road is marred by large potholes eating into speed… [+6535 chars]","Aboriginal community still damaged, without services months after floods. Months after record flooding, the remote Aboriginal community of Nauiyu / Daly River remains significantly damaged and without services. Locals say some are still without power and little has been done to prepare for the next wet season.","Aborigine-Gemeinschaft noch immer beschädigt, ohne Dienstleistungen Monate nach Überschwemmungen. Monate nach Rekordüberschwemmungen ist die abgelegene Aborigine-Gemeinde Nauiyu / Daly River weiterhin erheblich beschädigt und ohne Dienstleistungen. Einheimische sagen, dass einige immer noch keinen Strom haben und wenig getan wurde, um sich auf die nächste Regenzeit vorzubereiten.","Communitas archetypa adhuc vexata, sine meri mensium inundationibus. Menses post inundationem recordum, remota communitas Aboriginalorum Nauiyu / Daly Fluminis insigniter laesa et sine servitiis manet. Incolae dicunt quosdam adhuc sine viribus et parum esse factum, ut proximo humido tempore paretur."
0b7a63b4b5fba9233d7085449c59b49e,2026-09-01T22:19:48Z,Wildfire,Hazard,biztoc.com,en,0.9,"California lawmakers stall Newsom’s wildfire liability bill, saying it doesn’t go far enough for victims","The California Assembly opted not to vote Tuesday on legislation meant to help wildfire victims, deciding at the last minute to push back a decision on a bill that some Democrats, including Gov. Gavin Newsom, said wouldn’t meaningfully address the financial c…",https://biztoc.com/x/107fffcdbec7eadf,https://biztoc.com/cdn/107fffcdbec7eadf_s.webp,,"The California Assembly opted not to vote Tuesday on legislation meant to help wildfire victims, deciding at the last minute to push back a decision on a bill that some Democrats, including Gov. Gavi… [+135 chars]","California lawmakers stall Newsom’s wildfire liability bill, saying it doesn’t go far enough for victims. The California Assembly opted not to vote Tuesday on legislation meant to help wildfire victims, deciding at the last minute to push back a decision on a bill that some Democrats, including Gov. Gavin Newsom, said wouldn’t meaningfully address the financial c…","Kalifornische Gesetzgeber verzögern Newsoms Gesetz zur Waldbrandhaftung mit der Begründung, es gehe den Opfern nicht weit genug. Die kalifornische Versammlung entschied sich am Dienstag dafür, nicht über ein Gesetz abzustimmen, das den Opfern von Waldbränden helfen soll, und beschloss in letzter Minute, eine Entscheidung über einen Gesetzentwurf zurückzudrängen, von dem einige Demokraten, darunter Gouverneur Gavin Newsom, sagten, er würde sich nicht sinnvoll mit den finanziellen Problemen befassen.","California legislatores stabuli Newsom reatum ignem ferum rogaverunt, dicentes eum non satis pro victimis esse. Conventus Californiae non optavit ut die Martis suffragium in legibus dare voluisset, victimas ferales adiuvare, extremo momento decrevisse ut decisionem in libellum reppulisset, quem quidam Democratae, in iis Gov. Gavin Newsom, dixerunt significanter non c..."
ba0fb77b756b8d0e21fd2e7a1e48ee01,2026-09-01T23:07:41Z,Wildfire,Hazard,www.kqed.org,en,0.7,Deal on California Wildfire Liability Collapses in Legislature,"Gov. Gavin Newsom criticized the deal he reached just days ago with legislative leaders, which utilities said did not go far enough to ease their financial risks.",https://www.kqed.org/news/12097752/deal-on-california-wildfire-liability-collapses-in-legislature,https://cdn.kqed.org/wp-content/uploads/sites/10/2026/08/GannFireGetty1.jpg,http://web.archive.org/web/20260901230911/https://www.kqed.org/news/12097752/deal-on-california-wildfire-liability-collapses-in-legislature,"A last-minute legislative deal to change Californias rules governing the fallout of damaging wildfires sparked by utility equipment fell apart Tuesday, after the state Assembly ended its regular sess… [+4996 chars]","Deal on California Wildfire Liability Collapses in Legislature. Gov. Gavin Newsom criticized the deal he reached just days ago with legislative leaders, which utilities said did not go far enough to ease their financial risks.","Einigung über die Haftung für Waldbrände in Kalifornien scheitert in der Legislaturperiode. Gouverneur Gavin Newsom kritisierte die Vereinbarung, die er erst vor wenigen Tagen mit führenden Vertretern der Legislative getroffen hatte, und die den Versorgungsunternehmen zufolge nicht weit genug ginge, um ihre finanziellen Risiken zu verringern.","Fac in California Wildfire Rusticis collapsus in Legislature. Gov. Gavin Newsom plurimum reprehendit quod proximis diebus ante cum legislativis ducibus pervenit, quod utilitates dixit non satis longe ire ad pericula eorum oeconomicos sublevandos."
fca27215c0564fb9c3fdac48f47b36dd,2026-09-01T23:38:00Z,Wildfire,Impacts,www.prnewswire.com,en,0.3,"AB 2529, Sponsored by Cities of Hidden Hills and Carson, Passes the Legislature and Heads to the Governor","HIDDEN HILLS, Calif., Sept. 1, 2026 /PRNewswire/ -- Assembly Bill 2529 (Johnson), the Government Claims Act measure co-sponsored by the Cities of Hidden Hills and Carson, has passed both houses of the California Legislature and is headed to the Governor's des…",https://www.prnewswire.com/news-releases/ab-2529-sponsored-by-cities-of-hidden-hills-and-carson-passes-the-legislature-and-heads-to-the-governor-302866943.html,https://mmx.prnewswire.com/media/MS1834766/City-of-Hidden-Hills-Logo.jpg?id=OA2924333&p=facebook,,"HIDDEN HILLS, Calif., Sept. 1, 2026 /PRNewswire/ -- Assembly Bill 2529 (Johnson), the Government Claims Act measure co-sponsored by the Cities of Hidden Hills and Carson, has passed both houses of th… [+3439 chars]","AB 2529, Sponsored by Cities of Hidden Hills and Carson, Passes the Legislature and Heads to the Governor. HIDDEN HILLS, Calif., Sept. 1, 2026 /PRNewswire/ -- Assembly Bill 2529 (Johnson), the Government Claims Act measure co-sponsored by the Cities of Hidden Hills and Carson, has passed both houses of the California Legislature and is headed to the Governor's des…","AB 2529, gesponsert von den Städten Hidden Hills und Carson, verabschiedet die Legislative und geht an den Gouverneur. HIDDEN HILLS, Kalifornien, 1. September 2026 /PRNewswire/ -- Assembly Bill 2529 (Johnson), die von den Städten Hidden Hills und Carson mitgetragene Maßnahme des Government Claims Act, hat beide Kammern der kalifornischen Legislative passiert und wird dem Gouverneur vorgelegt …","AB 2529, Sponsored by Cities of Hidden Hills and Carson, the Legislature and Capitula ad Gubernatorem. CONVENTUS HILLS, Calif., 1 Sept. 2026 / PRNewswire/ -- Conventus Bill 2529 (Johnson), Gubernium Clamatum Actus mensura co-sponsorum a Urbibus Montium Occultarum et Carsonorum, utraque domus Legislaturae Californiae transiit et ad Gubernatoris des ... tendit."
85a4aa4bcf1717a03158e68eee5ce69f,2026-09-01T23:45:11Z,Fog,Impacts,bringatrailer.com,en,0.3,2019 Alfa Romeo Giulia Quadrifoglio NRING,"This 2019 Alfa Romeo Giulia Quadrifoglio NRING is #33 of 55 examples built for the North American market, and it has 27k miles. The car is finished in Circuito Gray Matte over black leather and Alcantara upholstery, and it is powered by a twin-turbocharged 2.…",https://bringatrailer.com/listing/2019-alfa-romeo-giulia-quadrifoglio-17/,https://bringatrailer.com/wp-content/uploads/2026/08/DSC_4441-scaled-copy-2026-08-21-xd3-23820.jpg,,"This 2019 Alfa Romeo Giulia Quadrifoglio NRING is #33 of 55 examples built for the North American market, and it has 27k miles. The car is finished in Circuito Gray Matte over black leather and Alcan… [+2678 chars]","2019 Alfa Romeo Giulia Quadrifoglio NRING. This 2019 Alfa Romeo Giulia Quadrifoglio NRING is #33 of 55 examples built for the North American market, and it has 27k miles. The car is finished in Circuito Gray Matte over black leather and Alcantara upholstery, and it is powered by a twin-turbocharged 2.…",2019 Alfa Romeo Giulia Quadrifoglio NRING. Dieser Alfa Romeo Giulia Quadrifoglio NRING aus dem Jahr 2019 ist die Nummer 33 von 55 für den nordamerikanischen Markt gebauten Exemplaren und hat eine Laufleistung von 27.000 Meilen. Das Auto ist in Circuito Grey Matte über schwarzem Leder und Alcantara-Polsterung lackiert und wird von einem 2-Turbo-Doppelturbolader angetrieben.,"2019 Alfa Romeo Giulia Quadrifoglio NRING. Hoc 2019 Alfa Romeo Giulia Quadrifoglio NRING est #33 de 55 exemplis ad nundinas Americae Septentrionalis aedificatae, et habet 27k milia passuum. Raeda in Circuito Grey Matte super corium nigrum et Alcantara upholstery finitur, et a gemino turbocharge- tus est... II."
ca1fb8ff72ca33c4ccabb8c5bc2fe49b,2026-09-02T00:00:00Z,Heat Wave,Causes,www.nature.com,en,0.6,UN finally admits global warming will shoot past 1.5 ºC climate limit,"Earth will breach a long-standing target before the end of the decade, report says.",https://www.nature.com/articles/d41586-026-02753-5,https://media.nature.com/lw1200/magazine-assets/d41586-026-02753-5/d41586-026-02753-5_53199302.jpg,,"A cooling station in Cologne, Germany, offered relief during a June heat wave exacerbated by climate change. Credit: Ina Fassbender/AFP/Getty
The goal of limiting global warming to 1.5 ºC to avoid t… [+1829 chars]","UN finally admits global warming will shoot past 1.5 ºC climate limit. Earth will breach a long-standing target before the end of the decade, report says.","Die Vereinten Nationen geben endlich zu, dass die globale Erwärmung die Klimagrenze von 1,5 °C überschreiten wird. Dem Bericht zufolge wird die Erde noch vor Ende des Jahrzehnts ein langjähriges Ziel durchbrechen.","IR tandem admittit calefactionem globalem iaculaturam praeter 1.5 C limitem climatis. Terra signum diuturnum ante finem decennii, fama dicit."
a96494b524ed00add126610f317d9776,2026-09-02T00:00:48Z,Wildfire,Impacts,www.kqed.org,en,0.2,Should California Backfill Science Funding After Trump Cuts? Voters Could Decide in 2028,"Last year the White House suspended or cancelled more than 1,000 California science grants. This bond measure would restore some of that funding.",https://www.kqed.org/news/12097934/should-california-backfill-science-funding-after-trump-cuts-voters-could-decide-in-2028,https://cdn.kqed.org/wp-content/uploads/sites/10/2025/03/250307-BERKELEY-SCIENCE-PROTEST-MD-01-KQED_1-1020x680.jpg,http://web.archive.org/web/20260902000344/https://www.kqed.org/news/12097934/should-california-backfill-science-funding-after-trump-cuts-voters-could-decide-in-2028,"After failing to clear a June legislative deadline to get on this years ballot, the bond proposal appeared moribund and was slashed to $5 billion.
But Wiener and a united front led by the University… [+5904 chars]","Should California Backfill Science Funding After Trump Cuts? Voters Could Decide in 2028. Last year the White House suspended or cancelled more than 1,000 California science grants. This bond measure would restore some of that funding.",Sollte Kalifornien nach den Kürzungen von Trump die Wissenschaftsfinanzierung aufstocken? Die Wähler könnten sich im Jahr 2028 entscheiden. Letztes Jahr hat das Weiße Haus mehr als 1.000 kalifornische Wissenschaftsstipendien ausgesetzt oder gestrichen. Diese Anleihemaßnahme würde einen Teil dieser Finanzierung wiederherstellen.,Nequaquam ut California Backfill Scientia Funding Post BUCINUM Secat? suffragii decerni poterant anno 2028. Superiore anno Domus Albae plus quam 1000 concessiones scientiarum Californiarum suspensus vel cassatus est. Haec syngrapha mensura aliqua illius sumptui restitueret.
0165641dae14ad0b8db1ac2faec0da25,2026-09-02T00:30:00Z,Cold Wave,Impacts,spacedaily.com,en,0.3,"An icy world only 500 kilometres across beyond Neptune was found in May 2026 to possess an atmosphere that should escape within 1,000 years. Scientists suspect a recent impact or continuing cryovolcanism—but still cannot explain what created or replenishes its improbable veil of gas.","A 2024 occultation indicates that the 500-kilometre trans-Neptunian object 2002 XV93 carries a 100-to-200-nanobar atmosphere, but neither an impact nor continuing outgassing has been demonstrated.
The post An icy world only 500 kilometres across beyond Neptun…",https://spacedaily.com/t-2002-xv93-500km-world-improbable-atmosphere/,https://spacedaily.com/wp-content/uploads/2026/09/naoj-2002-xv93-atmosphere-occultation-1024x768.jpg,http://web.archive.org/web/20260902045015/https://spacedaily.com/t-2002-xv93-500km-world-improbable-atmosphere/,"A body only about 500 kilometres wide, circling in the deep cold beyond Neptune, appears to possess an atmosphere. That sentence is difficult to reconcile with the world’s weak gravity, and the team … [+11295 chars]","An icy world only 500 kilometres across beyond Neptune was found in May 2026 to possess an atmosphere that should escape within 1,000 years. Scientists suspect a recent impact or continuing cryovolcanism—but still cannot explain what created or replenishes its improbable veil of gas.. A 2024 occultation indicates that the 500-kilometre trans-Neptunian object 2002 XV93 carries a 100-to-200-nanobar atmosphere, but neither an impact nor continuing outgassing has been demonstrated.
The post An icy world only 500 kilometres across beyond Neptun…","Im Mai 2026 wurde festgestellt, dass eine eisige Welt mit einem Durchmesser von nur 500 Kilometern jenseits von Neptun eine Atmosphäre besitzt, die innerhalb von 1.000 Jahren verschwinden sollte. Wissenschaftler vermuten einen jüngsten Einschlag oder anhaltenden Kryovulkanismus – können aber immer noch nicht erklären, was seinen unwahrscheinlichen Gasschleier erzeugt oder wieder auffüllt. Eine Bedeckung im Jahr 2024 deutet darauf hin, dass das 500 Kilometer große transneptunische Objekt 2002
Der Beitrag Eine eisige Welt mit einem Durchmesser von nur 500 Kilometern jenseits von Neptun …","Glacialis mundus tantum D chiliometrorum ultra Neptunum mense Maio 2026 repertus est ut atmosphaeram quae intra 1,000 annos effugeret. Scientistae suspicantur recentem ictum vel cryovolcanismum permanentem — attamen explicare non possunt quid creatum vel improbabile gasi velum replet.
Colloquium glacialis mundi tantum 500 chiliometrorum ultra Neptunum…"
cc04abb142b3d35edb5bf9c67420131a,2026-09-02T00:34:33Z,Wildfire,Hazard,nypost.com,en,0.9,Car crash sparks fast-moving California wildfire as urgent evacuation orders issued,"A wildfire sparked by a fiery highway crash has exploded to roughly 250 acres in Mariposa County, prompting mandatory evacuations as crews battle the blaze in steep, rugged terrain.",https://nypost.com/2026/09/01/us-news/car-crash-sparks-fast-moving-california-wildfire-as-urgent-evacuation-orders-issued/,https://nypost.com/wp-content/uploads/sites/2/2026/09/139238693.jpg?quality=75&strip=all&w=1200,,"A wildfire sparked by a fiery highway crash has exploded to roughly 250 acres in Mariposa County, prompting mandatory evacuations as crews battle the blaze in steep, rugged terrain.
The so-called Co… [+2249 chars]","Car crash sparks fast-moving California wildfire as urgent evacuation orders issued. A wildfire sparked by a fiery highway crash has exploded to roughly 250 acres in Mariposa County, prompting mandatory evacuations as crews battle the blaze in steep, rugged terrain.","Ein Autounfall löst einen sich schnell ausbreitenden Waldbrand in Kalifornien aus, da dringende Evakuierungsbefehle erlassen werden. Ein durch einen heftigen Autobahnunfall ausgelöster Waldbrand ist im Mariposa County auf einer Fläche von rund 250 Acres explodiert und hat zu obligatorischen Evakuierungen geführt, während die Einsatzkräfte in steilem, rauem Gelände gegen das Feuer kämpfen.","autocinetorum scintillae rapidae moventes Californiae incendium ferum ut urgente emissione ordines ediderunt. Ignis ferus ab igneo viae fragore commota ad fere 250 iugera in Mariposa comitatu explosa est, nuncius motus navalium in locis arduis, asperis, in arduis, asperis, excitatis."
d23217ecb80ef310dfcfff4ffa33ac88,2026-09-02T01:21:45Z,Cold Wave,Mitigation,www.lifesciencesworld.com,en,0.3,Why do I have 2 cold water tanks?,"Why Do I Have 2 Cold Water Tanks? Unraveling the Plumbing Puzzle Multiple cold water tanks often indicate a system designed to provide consistent water pressure, especially in properties with low mains pressure or high water demand. Discover why your property…",https://www.lifesciencesworld.com/why-do-i-have-2-cold-water-tanks/,,,"Why Do I Have 2 Cold Water Tanks? Unraveling the Plumbing Puzzle
Multiple cold water tanks often indicate a system designed to provide consistent water pressure, especially in properties with low ma… [+8536 chars]","Why do I have 2 cold water tanks?. Why Do I Have 2 Cold Water Tanks? Unraveling the Plumbing Puzzle Multiple cold water tanks often indicate a system designed to provide consistent water pressure, especially in properties with low mains pressure or high water demand. Discover why your property…","Warum habe ich 2 Kaltwassertanks? Warum habe ich zwei Kaltwassertanks? Lösung des Sanitär-Rätsels Mehrere Kaltwassertanks deuten häufig auf ein System hin, das darauf ausgelegt ist, einen konstanten Wasserdruck bereitzustellen, insbesondere in Gebäuden mit niedrigem Leitungsdruck oder hohem Wasserbedarf. Entdecken Sie, warum Ihre Immobilie…","Cur ego II piscinas frigidas ?. Cur Lacus aquae frigidae Habeo II? Plumbing Puzzle Multiplices aquae frigidae piscinas explicantes saepe indicant ordinatum systematis ad pressionem aquae consistentem, praesertim in proprietatibus pressionis humilis vel altae aquae postulant. Cognoscite cur res vestras…"
008738398c1aa64566bf1429bcf60c34,2026-09-02T01:30:11Z,Heat Wave,Hazard,www.medicaldaily.com,en,0.8,"Two 2025 Heat Waves Were Linked to More Than 13,000 Extra Emergency Room Visits in 19 States","A new Nature Health study links two 2025 heat waves to 13,000 excess ER visits across 19 states, with kidney disease driving much of the burden.",https://www.medicaldaily.com/heat-wave-emergency-department-visits-kidney-disease-study-478054,https://d.medicaldaily.com/en/full/485319/finn-gomez-getty-images.jpg,,"Two heat waves in the summer of 2025 were associated with more than 13,000 additional emergency department visits across 19 Eastern states, according to research published Monday in Nature Health. Th… [+8087 chars]","Two 2025 Heat Waves Were Linked to More Than 13,000 Extra Emergency Room Visits in 19 States. A new Nature Health study links two 2025 heat waves to 13,000 excess ER visits across 19 states, with kidney disease driving much of the burden.","Zwei Hitzewellen im Jahr 2025 waren mit mehr als 13.000 zusätzlichen Notaufnahmen in 19 Bundesstaaten verbunden. Eine neue Nature Health-Studie bringt zwei Hitzewellen im Jahr 2025 mit 13.000 übermäßigen Notaufnahmen in 19 Bundesstaaten in Verbindung, wobei ein Großteil der Belastung auf Nierenerkrankungen zurückzuführen ist.","Duae 2025 undae Caloris coniunctae sunt plusquam 13,000 extra tumultuariam conclave Visitationes in 19 Americae. Nova Natura Studiorum Salus coniungit duas 2025 undas caloris ad 13,000 excessus ER per 19 civitates visitat, cum renibus morbo multum oneris incessus."
acaee2412d2a13ff1e8068785a7f6be2,2026-09-02T02:07:38Z,Volcano,Hazard,en.antaranews.com,en,0.9,"Indonesia's Mount Sinabung alert raised, faster evacuations ordered",North Sumatra Governor Bobby Nasution has ordered faster evacuations from danger zones around Mount Sinabung after authorities raised the volcano&rsquo;s ...,https://en.antaranews.com/news/429456/indonesias-mount-sinabung-alert-raised-faster-evacuations-ordered,https://cdn.antaranews.com/cache/1200x800/2026/09/01/1001073872.jpg,http://web.archive.org/web/20260903171229/https://en.antaranews.com/news/429456/indonesias-mount-sinabung-alert-raised-faster-evacuations-ordered,"Medan, N Sumatra (ANTARA) - North Sumatra Governor Bobby Nasution has ordered faster evacuations from danger zones around Mount Sinabung after authorities raised the volcano’s alert status from Level… [+2875 chars]","Indonesia's Mount Sinabung alert raised, faster evacuations ordered. North Sumatra Governor Bobby Nasution has ordered faster evacuations from danger zones around Mount Sinabung after authorities raised the volcano&rsquo;s ...","Indonesiens Berg-Sinabung-Alarm wurde erhöht und schnellere Evakuierungen angeordnet. Der Gouverneur von Nord-Sumatra, Bobby Nasution, hat schnellere Evakuierungen aus Gefahrenzonen rund um den Berg Sinabung angeordnet, nachdem die Behörden den Vulkan angehoben hatten ...","Mons Sinabung erectus Indonesiae intentus, purgationes citius fieri iussit. Praefectus Sumatra Septentrionalis Bobby Nasution iussit citius evacuationes e periculo zonae circa Montem Sinabung postquam auctoritates vulcano&rsquo;s ... excitaverunt."
4649faca9173815c4851f2b57bd39efd,2026-09-02T02:38:21Z,Wildfire,Hazard,www.sfgate.com,en,0.7,Wildfire near Yosemite National Park closes Highway 140,"The Colorado Fire is burning at Highway 140 and Colorado Road, Cal Fire said.",https://www.sfgate.com/california-parks/article/colorado-fire-yosemite-highway-closed-22413697.php,,,"A required part of this site couldnt load. This may be due to a browser
 extension, network issues, or browser settings. Please check your
 connection, disable any ad blockers, or try using a diffe… [+12 chars]","Wildfire near Yosemite National Park closes Highway 140. The Colorado Fire is burning at Highway 140 and Colorado Road, Cal Fire said.","Ein Waldbrand in der Nähe des Yosemite-Nationalparks sperrt den Highway 140. Das Colorado Fire brennt auf dem Highway 140 und der Colorado Road, sagte Cal Fire.","INCAENDIUM prope Yosemite National Park claudit via 140. Ignis Colorado in via 140 et Colorado Via, Cal Fire dixit."
3e8422b8c0d8f47503f989923dafbca1,2026-09-02T02:46:45Z,Wildfire,Hazard,nypost.com,en,0.9,State Farm is finally being held accountable — by LA County,"State Farm delayed, and denied, and dragged its feet for far too long — and now wildfire victims will have their day in court.",https://nypost.com/2026/09/01/opinion/state-farm-is-finally-being-held-accountable-by-la-county/,https://nypost.com/wp-content/uploads/sites/2/2026/09/139233231.jpg?quality=75&strip=all&w=1200,http://web.archive.org/web/20260902030635/https://nypost.com/2026/09/01/opinion/state-farm-is-finally-being-held-accountable-by-la-county/,"State Farm delayed, and denied, and dragged its feet for far too long and now wildfire victims will have their day in court.
LA County sued the Illinois-based insurance giant this week, alleging tha… [+2835 chars]","State Farm is finally being held accountable — by LA County. State Farm delayed, and denied, and dragged its feet for far too long — and now wildfire victims will have their day in court.","State Farm wird endlich zur Rechenschaft gezogen – vom LA County. State Farm hat gezögert, dementiert und viel zu lange gezögert – und jetzt werden die Opfer von Waldbränden ihren Tag vor Gericht haben.","Fundus rei publicae tandem rationem redditurus est a LA Comitatu. Publica Farma morata est, et negavit, pedes in longum traxit — et nunc feralis hostiae dies in atrio habebunt."
eb33f93e787131c211de3ab0f3ef8120,2026-09-02T03:00:00Z,Tsunami,Hazard,www.derstandard.at,de,0.9,"Nepal nach dem Himalaja-Tsunami: ""Innerhalb von sieben Minuten kam alles runter""","Nach der Sturzflut in Nepal steigt die Opferzahl auf über 1000 Tote. Immer noch sind viele Regionen gar nicht erreichbar. Nepalis versuchen, mit aller Mühe zu den Überlebenden vorzudringen",https://www.derstandard.at/story/3000000337985/nepal-nach-dem-himalaja-tsunami-innerhalb-von-sieben-minuten-kam-alles-runter,https://i.ds.at/hI2MYg/rs:fill:1200:600/plain/lido-images/2026/09/01/35dfd6ff-0535-4da3-8640-f30b8157a20f.jpg,,"Das Ausmaß der Zerstörung ist gewaltig. Die Sturzflut hat eine riesige Schneise der Verwüstung in Zentralnepal hinterlassen.
IMAGO/Zou Xuemian
Das Auto ruckelt über holprige Erdpisten, draußen dämm… [+734 chars]","Nepal after the Himalayan tsunami: ""Everything came down within seven minutes"". After the flash flood in Nepal, the number of victims rises to over 1,000. Many regions are still not accessible at all. Nepalis are trying with all their might to reach the survivors","Nepal nach dem Himalaja-Tsunami: ""Innerhalb von sieben Minuten kam alles runter"". Nach der Sturzflut in Nepal steigt die Opferzahl auf über 1000 Tote. Immer noch sind viele Regionen gar nicht erreichbar. Nepalis versuchen, mit aller Mühe zu den Überlebenden vorzudringen","Nepalia post Himalayan tsunami: ""Omnia intra septem minutas descenderunt"". Post diluvium in Nepalia mico numerus victimarum supra mille surgit. Multae regiones omnino non sunt adeundae. Nepalica totis viribus ad superstites conantur"
2da164ef2dc44d4aeb5de0527c085f97,2026-09-02T03:09:02Z,Tropical Cyclone,Hazard,www.nhc.noaa.gov,en,0.7,Tropical Depression Edouard Graphics,"Wind Speed Probabilities last updated Wed, 02 Sep 2026 02:33:46 GMT",https://www.nhc.noaa.gov/refresh/graphics_at5+shtml/030902.shtml?cone,,,"* If the storm is forecast to dissipate within 3 days, the ""Full Forecast"" and ""3 day"" graphic will be identical
Click Here for a 5-day Cone Printer Friendly GraphicHow to use the cone graphic (vide… [+2695 chars]","Tropical Depression Edouard Graphics. Wind Speed Probabilities last updated Wed, 02 Sep 2026 02:33:46 GMT","Tropische Depression Edouard Graphics. Die Windgeschwindigkeitswahrscheinlichkeiten wurden zuletzt am Mittwoch, den 02. September 2026 um 02:33:46 Uhr GMT aktualisiert","Tropical Depressione Edouard Graphics. Ventus Speed ​​Probabilitates renovatio Tue, 02 Sep 2026 02:33:46 GMT"
9f5ad2462929635631b9c7417b21190d,2026-09-02T03:24:59Z,Wildfire,Hazard,en.antaranews.com,en,0.8,"Prabowo summons military, police chiefs over Sumatra, Kalimantan fires","President Prabowo Subianto summoned the military and police chiefs for updates on efforts to contain forest and land fires in Sumatra and Kalimantan, Cabinet ...",https://en.antaranews.com/news/429471/prabowo-summons-military-police-chiefs-over-sumatra-kalimantan-fires,https://cdn.antaranews.com/cache/1200x800/2026/09/02/WhatsApp-Image-2026-09-01-at-23.02.06.jpeg,,"The government is strengthening coordination to ensure a swift, integrated response while anticipating the spread of fires,
Jakarta (ANTARA) - President Prabowo Subianto summoned the military and po… [+2674 chars]","Prabowo summons military, police chiefs over Sumatra, Kalimantan fires. President Prabowo Subianto summoned the military and police chiefs for updates on efforts to contain forest and land fires in Sumatra and Kalimantan, Cabinet ...","Prabowo ruft Militär- und Polizeichefs wegen Bränden in Sumatra und Kalimantan ein. Präsident Prabowo Subianto hat die Militär- und Polizeichefs einberufen, um sich über die Bemühungen zur Eindämmung von Wald- und Landbränden in Sumatra und Kalimantan zu informieren, Kabinett ...","Prabowo vocat milites, duces capitales in Sumatra, Kalimantanos ignes. Praeses Prabowo Subianto duces militares et capitales convocavit ut conatus ad incendia silvestria et terrestria continendas in Sumatra et Kalimantan, Cabinet ..."
26b5e2bb02757951c5cf8df8c42f714c,2026-09-02T03:35:00Z,Drought,Impacts,www.nzz.ch,de,0.9,"KOMMENTAR - Dieser Hitzesommer zeigt: Weil die Gletscher verschwinden, müssen wir mehr Staudämme bauen","Die Alpen gelten als Refugium für Ausflügler und Touristen. Durch die Gletscherschmelze und den Wassermangel während Hitzewellen könnten sie aber eine viel wichtigere Bedeutung erlangen – vorausgesetzt, ihre Bewohner handeln.",https://www.nzz.ch/meinung/dieser-hitzesommer-zeigt-weil-die-gletscher-verschwinden-muessen-wir-mehr-staudaemme-bauen-ld.10020910,"https://img-msp-prod.nzz.ch/2026/09/01/109fccea-d0ba-49b4-bf85-828b5dd88545.jpg?width=1200&height=674&fit=bounds&quality=75&auto=webp&crop=4500,2531,x0,y234&wmark=nzz",,Die Alpen gelten als Refugium für Ausflügler und Touristen. Durch die Gletscherschmelze und den Wassermangel während Hitzewellen könnten sie aber eine viel wichtigere Bedeutung erlangen vorausgesetzt… [+8655 chars],"COMMENT - This hot summer shows: Because the glaciers are disappearing, we have to build more dams. The Alps are considered a refuge for day trippers and tourists. However, melting glaciers and the lack of water during heat waves could make them much more important – provided their inhabitants take action.","KOMMENTAR - Dieser Hitzesommer zeigt: Weil die Gletscher verschwinden, müssen wir mehr Staudämme bauen. Die Alpen gelten als Refugium für Ausflügler und Touristen. Durch die Gletscherschmelze und den Wassermangel während Hitzewellen könnten sie aber eine viel wichtigere Bedeutung erlangen – vorausgesetzt, ihre Bewohner handeln.","COMMENT - Hoc calidum aestas ostendit: Quia evanescunt molibus, plura molibus aedificare debemus. Alpes refugium diei peregrinatoribus et peregrinatoribus censentur. Nihilominus, molibus liquefactis et aquae penuria in undis calidis multo maiora ea facere potuit - dummodo incolae agunt."
07cb570c078fd2e73f5e3cdff8185bf3,2026-09-02T03:39:32Z,Earthquake,Hazard,noe.orf.at,de,0.9,Schwaches Erdbeben in Niederösterreich,"In der Nacht auf Mittwoch hat sich sechs Kilometer westlich von Ebreichsdorf (Bezirk Baden) ein Erdbeben der Stärke 2,5 ereignet. Der Österreichische Erdbebendienst berichtet, dass das Beben im Epizentrum deutlich verspürt wurde.",https://noe.orf.at/stories/3369448/,https://ibs.orf.at/noe?image=https%3A%2F%2Foekastatic.orf.at%2Fmims%2F2024%2F01%2F80%2Fcrops%2Fw%3D1200%2Ch%3D627%2Cq%3D75%2F2470201_master_945280_adobestock_196122496.jpeg%3Fs%3Dc090d9738db56835610b16f9e33985f814e23058,http://web.archive.org/web/20260903103444/https://noe.orf.at/stories/3369448/,Die Bevölkerung berichtete laut dem Österreichischen Erdbebendienst GeoSphere Austria vom Grollen des Untergrundes. Menschen im Epizentrum haben das Beben laut ersten Angaben deutlich verspürt. Schäd… [+760 chars],"Weak earthquake in Lower Austria. On Wednesday night, an earthquake of magnitude 2.5 occurred six kilometers west of Ebreichsdorf (Baden district). The Austrian Seismological Service reports that the earthquake was clearly felt in the epicenter.","Schwaches Erdbeben in Niederösterreich. In der Nacht auf Mittwoch hat sich sechs Kilometer westlich von Ebreichsdorf (Bezirk Baden) ein Erdbeben der Stärke 2,5 ereignet. Der Österreichische Erdbebendienst berichtet, dass das Beben im Epizentrum deutlich verspürt wurde.",Terrae motus debiles in Austria inferiori. Die Mercurii nocte terrae motus magnitudinis 2.5 sex chiliometrorum in occidente ab Ebreichsdorf factus est. Operae seismologicae Austriacae refert terrae motum luculenter in epicenter sensisse.
e19ed5a468b9f0e6431554677f1e87f8,2026-09-02T04:07:16Z,Thunderstorm,Causes,www.diepresse.com,de,0.9,Der australische Dollar bekommt Aufwind und birgt Chancen für Anleger [premium],"Auch wenn Prognosen an den globalen Devisenmärkten schwierig sind, räumen Experten der australischen Währung Potenzial ein. Risikobereite Anleger können auf einen stärkeren australischen Dollar wetten",https://www.diepresse.com/41208897/der-australische-dollar-bekommt-aufwind-und-birgt-chancen-fuer-anleger,https://img.diepresse.com/public/incoming/n5nx2d-imago608148962jpg/alternates/WEBP_WIDE_1200/imago608148962.jpg,,Wien. Die Entwicklungen an den globalen Devisenmärkten wurden zuletzt von markanten Ereignissen geprägt. Anfang August intervenierten das japanische und das US-Finanzministerium zugunsten des Yen geg… [+3909 chars],"The Australian dollar is gaining momentum and presents opportunities for investors [premium]. Even if forecasts on the global foreign exchange markets are difficult, experts believe that the Australian currency has potential. Risk-taking investors can bet on a stronger Australian dollar","Der australische Dollar bekommt Aufwind und birgt Chancen für Anleger [premium]. Auch wenn Prognosen an den globalen Devisenmärkten schwierig sind, räumen Experten der australischen Währung Potenzial ein. Risikobereite Anleger können auf einen stärkeren australischen Dollar wetten","Australian pupa momentum accipit et occasiones investivorum praebet. Etiamsi praenuntiationes in mercationibus externis globali mercaturae difficilia sunt, periti credunt monetam Australiae potentialem habere. Periculum-sumere investors plus potest bet in pupa in Australia"
c2a2940be47bdad4b123d3c2f7ef87a4,2026-09-02T04:27:19Z,Thunderstorm,Hazard,www.zeit.de,de,0.9,Wetter: Stürmische Tage im Norden – Gewitter und Regen im Anmarsch,Hier finden Sie Informationen zu dem Thema „Wetter“. Lesen Sie jetzt „Stürmische Tage im Norden – Gewitter und Regen im Anmarsch“.,https://www.zeit.de/news/2026-09/02/stuermische-tage-im-norden-gewitter-und-regen-im-anmarsch,https://img.zeit.de/news/2026-09/02/stuermische-tage-im-norden-gewitter-und-regen-im-anmarsch-image-group/wide__1300x731,http://web.archive.org/web/20260903102139/https://www.zeit.de/news/2026-09/02/stuermische-tage-im-norden-gewitter-und-regen-im-anmarsch,"Es wird nicht gerade gemütlich zum Septemberbeginn in Hamburg und Schleswig-Holstein. Der Deutsche Wetterdienst (DWD) sagt für den zweiten Teil der Woche Schauer, Gewitter und starke Windböen voraus.… [+1233 chars]",Weather: Stormy days in the north – thunderstorms and rain approaching. Here you will find information on the topic of “weather”. Read “Stormy days in the north – thunderstorms and rain approaching” now.,Wetter: Stürmische Tage im Norden – Gewitter und Regen im Anmarsch. Hier finden Sie Informationen zu dem Thema „Wetter“. Lesen Sie jetzt „Stürmische Tage im Norden – Gewitter und Regen im Anmarsch“.,"Tempestas: dies turbidi in septentrione - tonitribus et pluviis appropinquantibus. Hic informationes invenies in argumento ""tempestatis"". Lege ""Tempestae in septentrione - tonitribus et pluviis appropinquantibus"" nunc."
242f5e70cc0ca200c6471f8f769026b6,2026-09-02T05:00:25Z,Wildfire,Hazard,www.insurancejournal.com,en,0.9,California Lawmakers Adjourn Without Voting on Wildfire Bill,"The California Assembly adjourned without passing a revamp of the state’s wildfire response, sending up shares in two key power utilities, PG&E Corp. and Edison International. The deal fell apart Tuesday as lawmakers prepared to leave the state capitol. Major…",https://www.insurancejournal.com/news/west/2026/09/02/883615.htm,https://www.insurancejournal.com/app/uploads/2026/09/California-Capitol_Bloomberg-scaled.jpg,,"The California Assembly adjourned without passing a revamp of the state’s wildfire response, sending up shares in two key power utilities, PG&amp;E Corp. and Edison International.
The deal fell apar… [+3227 chars]","California Lawmakers Adjourn Without Voting on Wildfire Bill. The California Assembly adjourned without passing a revamp of the state’s wildfire response, sending up shares in two key power utilities, PG&E Corp. and Edison International. The deal fell apart Tuesday as lawmakers prepared to leave the state capitol. Major…","Kalifornische Gesetzgeber vertagen sich, ohne über Wildfire-Gesetz abzustimmen. Die kalifornische Versammlung wurde vertagt, ohne eine Überarbeitung der Reaktion des Staates auf Waldbrände zu verabschieden, was zu einem Anstieg der Aktien zweier wichtiger Energieversorger, PG&E Corp. und Edison International, führte. Der Deal scheiterte am Dienstag, als sich die Abgeordneten darauf vorbereiteten, die Landeshauptstadt zu verlassen. Wesentlich…","California Legumlatorum Adiuro Sine Suffragia in Wildfire Bibl. Coetus Californiae dimittitur sine responsione incendii revamp rei publicae, mittens partes duas clavis potentiae utilitatum, PG&E Corp. et Edison International. Pactus Martis seorsum cecidit ut legislatores in Capitolium de re publica discedere parati essent. Maior…"
a5997d186a6e7e2bec463b28d81dbdce,2026-09-02T05:46:52Z,Wildfire,Hazard,www.naftemporiki.gr,en,0.9,Piraeus Port Authority provides practical support to the municipality of Salamina for the restoration of recent wildfire affected areas,"Piraeus Port Authority (PPA) responded promptly to a request from the Municipality of Salamina for assistance with restoration efforts in areas affected by the recent wildfires on the island, covering…
Piraeus Port Authority provides practical support to the …",https://www.naftemporiki.gr/english/2155999/piraeus-port-authority-provides-practical-support-to-the-municipality-of-salamina-for-the-restoration-of-recent-wildfire-affected-areas/,https://www.naftemporiki.gr/wp-content/uploads/2026/08/salamina.jpg,,"Piraeus Port Authority (PPA) responded promptly to a request from the Municipality of Salamina for assistance with restoration efforts in areas affected by the recent wildfires on the island, coverin… [+1281 chars]","Piraeus Port Authority provides practical support to the municipality of Salamina for the restoration of recent wildfire affected areas. Piraeus Port Authority (PPA) responded promptly to a request from the Municipality of Salamina for assistance with restoration efforts in areas affected by the recent wildfires on the island, covering…
Piraeus Port Authority provides practical support to the …","Die Hafenbehörde von Piräus bietet der Gemeinde Salamina praktische Unterstützung bei der Sanierung der kürzlich von Waldbränden betroffenen Gebiete. Die Hafenbehörde von Piräus (PPA) reagierte umgehend auf eine Anfrage der Gemeinde Salamina um Unterstützung bei den Wiederherstellungsbemühungen in den von den jüngsten Waldbränden auf der Insel betroffenen Gebieten und umfasste…
Die Hafenbehörde von Piräus bietet praktische Unterstützung für …","Piraeus Portus auctoritati subsidium municipio Salaminae practicum praebet ad recentes areas affectatas incendium incendium restaurandum. Piraeus Portus auctoritati (PPA) instanter petitioni a Municipality Salaminae auxilium respondit, ut conatus reparationis in locis a recentibus incendiis in insula affectis, tegens...
Piraeus Portus auctoritati auxilium practicum praebet ad ..."
278d7e75055fccaf6e88eb056c8fe19b,2026-09-02T06:45:17Z,Drought,Causes,economictimes.indiatimes.com,en,0.8,"Drought, wildfires & a brutal 'once-in-a-millennium' summer plague Britain","Britain has endured its hottest summer on record, marked by successive heat waves, drought, destructive wildfires and water restrictions. The Met Office said the 16.5°C mean temperature surpassed last year’s record. Scientists say human-caused climate change …",https://economictimes.indiatimes.com/news/international/global-trends/drought-wildfires-a-brutal-once-in-a-millennium-summer-plague-britain-as-2026-becomes-hottest-on-record/articleshow/133700704.cms,"https://img.etimg.com/thumb/msid-133701035,width-1200,height-630,imgsize-346298,overlay-economictimes/articleshow.jpg",,"Britain has emerged from a summer of relentless heat, parched landscapes and destructive wildfires with a record it had barely had time to absorb before breaking again: the summer of 2026 was the hot… [+3061 chars]","Drought, wildfires & a brutal 'once-in-a-millennium' summer plague Britain. Britain has endured its hottest summer on record, marked by successive heat waves, drought, destructive wildfires and water restrictions. The Met Office said the 16.5°C mean temperature surpassed last year’s record. Scientists say human-caused climate change …","Dürre, Waldbrände und ein brutaler Sommer, der nur einmal im Jahrtausend vorkommt, plagen Großbritannien. Großbritannien hat seinen heißesten Sommer seit Beginn der Aufzeichnungen erlebt, der von aufeinanderfolgenden Hitzewellen, Dürreperioden, zerstörerischen Waldbränden und Wassereinschränkungen geprägt war. Das Met Office sagte, die Durchschnittstemperatur von 16,5 °C habe den Rekord des letzten Jahres übertroffen. Wissenschaftler sagen, der vom Menschen verursachte Klimawandel …","Siccitas, wildfires & truculentus, semel in millennii aestate pestem Britanniam. Britannia calidissimam aestatem in memoria pertulit, continuis undis aestus, siti, incendia et restrictiones aquarum perniciosas sustinuit. Met Officium dixit 16.5°C medium temperaturae recordum proximi anni superatum. Physici dicunt hominem factum mutationem climatis ..."
d2b6de6912dc51c26c79fa69d67806f1,2026-09-02T07:56:00Z,Drought,Impacts,www.dw.com,en,0.3,What really helps Europe deal with drought,"Fix leaks or ban pools: As European countries prepare for hotter, drier years to come, here's what the data says about how to really save water",https://www.dw.com/en/what-really-helps-europe-deal-with-drought/a-78577712,https://static.dw.com/image/78372900_6.jpg,,"Europe is in drought. As the burning of fossil fuels pushes up temperatures that are making summers hotter and drier
, the continent's soils, lakes and rivers are struggling to recover. Southern and… [+7459 chars]","What really helps Europe deal with drought. Fix leaks or ban pools: As European countries prepare for hotter, drier years to come, here's what the data says about how to really save water","Was Europa wirklich hilft, mit der Dürre umzugehen. Lecks beheben oder Pools verbieten: Während sich die europäischen Länder auf heißere und trockenere Jahre vorbereiten, erfahren Sie hier, was die Daten darüber sagen, wie Sie wirklich Wasser sparen können","Quod vere iuvat Europam siccitatem agere. Figere scillam seu piscinas interdicere: Cum Europaeae nationes calidiores et sicciores ad annos venientes parant, hic est quod notitia loquitur quomodo aquam vere salvare possit."
03d55d5062da2bcbbf5e33dcd2891cf0,2026-09-02T09:00:00Z,Heat Wave,Adaptation,www.npr.org,en,0.3,He died in a sweltering house. Why doesn't his death record show it?,"When Arizona counts heat-related deaths, Adam Willson isn't included. His story shows how thousands of heat deaths can go uncounted every year in the United States.",https://www.npr.org/2026/09/02/nx-s1-5887544/heat-deaths-undercount,https://npr.brightspotcdn.com/dims3/default/strip/false/crop/3361x1890+370+655/resize/1400/quality/85/format/jpeg/?url=http%3A%2F%2Fnpr-brightspot.s3.amazonaws.com%2F9f%2Faf%2F977ff4f645f7985352b4db9cee2b%2F359a9872-edit.jpg,http://web.archive.org/web/20260903023901/https://www.npr.org/2026/09/02/nx-s1-5887544/heat-deaths-undercount,"An NPR investigation finds that heat kills thousands of Americans every year. But official records radically undercount the toll. In this series, we are bringing you stories that reveal why this happ… [+8044 chars]","He died in a sweltering house. Why doesn't his death record show it?. When Arizona counts heat-related deaths, Adam Willson isn't included. His story shows how thousands of heat deaths can go uncounted every year in the United States.","Er starb in einem schwülen Haus. Warum zeigt seine Sterbeurkunde das nicht? Wenn Arizona hitzebedingte Todesfälle zählt, ist Adam Willson nicht enthalten. Seine Geschichte zeigt, wie in den Vereinigten Staaten jedes Jahr Tausende von Hitzetoten ungezählt bleiben können.","Mortuus est in tabernis aedibus. Cur mors eius non indicat? Cum Arizona mortes calores relatas numerat, Adam Willson inclusus non est. Narratio eius ostendit quomodo milia caloris mortes quotannis in Civitatibus Foederatis numerari possunt."
f8fd753f1e7408d4f2edc26b8a827617,2026-09-02T09:08:51Z,Flood,Hazard,www.insurancejournal.com,en,0.7,Fatal Floods Expose Threats to Hydropower in the Roof of the World,The devastating deluge that swept through the mountain valleys on the border between Nepal and Tibet in China is a potent reminder of a growing green-energy risk in one of the world’s most hazard-prone areas.Hydropower dams high in the Himalayas …,https://www.insurancejournal.com/news/international/2026/09/02/883641.htm,https://www.insurancejournal.com/app/uploads/2026/09/hydropower-plant-under-construction-in-indian-himalayas-bloomberg.jpg,,The devastating deluge that swept through the mountain valleys on the border between Nepal and Tibet in China is a potent reminder of a growing green-energy risk in one of the world’s most hazard-pro… [+9315 chars],Fatal Floods Expose Threats to Hydropower in the Roof of the World. The devastating deluge that swept through the mountain valleys on the border between Nepal and Tibet in China is a potent reminder of a growing green-energy risk in one of the world’s most hazard-prone areas.Hydropower dams high in the Himalayas …,"Tödliche Überschwemmungen gefährden die Wasserkraft auf dem Dach der Welt. Die verheerende Überschwemmung, die über die Bergtäler an der Grenze zwischen Nepal und Tibet in China fegte, ist eine deutliche Erinnerung an das wachsende Risiko grüner Energie in einem der am stärksten gefährdeten Gebiete der Welt. Wasserkraftdämme hoch im Himalaya …","Fatalem Flumina Exponere Minas Hydropower in Tectum Mundi. Diluvium vastatum, quod per valles montanas in confinio inter Nepal et Tibet in Sinis versa est, potens admonitio est periculi viridis-energiae in uno mundi periculosissimo in locis periculosissimis.Hydropower altas in Himalayas..."
c3af9ab10e9aff0db77450f1f9844a64,2026-09-02T09:42:15Z,Wildfire,Hazard,en.antaranews.com,en,0.9,Indonesia deploys 442 Alpha Team soldiers to bolster wildfire response,"The Indonesian National Armed Forces (TNI) deployed 442 personnel from four special forces across three branches, forming the Alpha Team, to strengthen ...",https://en.antaranews.com/news/429536/indonesia-deploys-442-alpha-team-soldiers-to-bolster-wildfire-response,https://cdn.antaranews.com/cache/1200x800/2026/09/01/karhutla.jpg,,"Jakarta (ANTARA) - The Indonesian National Armed Forces (TNI) deployed 442 personnel from four special forces across three branches, forming the Alpha Team, to strengthen wildfire prevention and cont… [+2051 chars]","Indonesia deploys 442 Alpha Team soldiers to bolster wildfire response. The Indonesian National Armed Forces (TNI) deployed 442 personnel from four special forces across three branches, forming the Alpha Team, to strengthen ...","Indonesien entsendet 442 Soldaten des Alpha-Teams, um die Reaktion auf Waldbrände zu verstärken. Die indonesischen Nationalen Streitkräfte (TNI) setzten 442 Mitarbeiter aus vier Spezialeinheiten in drei Zweigen ein und bildeten das Alpha-Team, um ...","Indonesia explicat 442 Alpha Team milites ad confirmandam ignem ferum responsum. Armatae Nationes Indonesianae (TNI) instruxerunt 442 curatores e quattuor viribus specialibus per tres ramos, Alpha Team efformantes, ad confirmandum ..."
c3e4ce9d7bce94b7c74bc96de233a7e7,2026-09-02T09:46:06Z,Wildfire,Hazard,en.antaranews.com,en,0.9,Indonesia probes three companies over Jambi wildfires: Minister,"Indonesian authorities have launched investigations into three companies in Jambi Province over alleged violations linked to forest and land fires, according ...",https://en.antaranews.com/news/429537/indonesia-probes-three-companies-over-jambi-wildfires-minister,https://cdn.antaranews.com/cache/1200x800/2026/09/02/432850.jpg,,"Jambi (ANTARA) - Indonesian authorities have launched investigations into three companies in Jambi Province over alleged violations linked to forest and land fires, according to Forestry Minister Raj… [+2248 chars]","Indonesia probes three companies over Jambi wildfires: Minister. Indonesian authorities have launched investigations into three companies in Jambi Province over alleged violations linked to forest and land fires, according ...","Indonesien ermittelt wegen Waldbränden in Jambi gegen drei Unternehmen: Minister. Indonesische Behörden haben Ermittlungen gegen drei Unternehmen in der Provinz Jambi wegen mutmaßlicher Verstöße im Zusammenhang mit Wald- und Landbränden eingeleitet, so ...","Indonesia tres turmas in Iambi wildfires explorat: Minister. Auctoritates Indonesianae investigationes in tres societates in Iambi Provincia de assertis violationibus cum incendiis silvestribus et terrestribus coniunctis, induxerunt, secundum ..."
d3667559a3e17bf6e53faa00381dd2ed,2026-09-02T10:00:00Z,Landslide,Hazard,newrepublic.com,en,0.9,Goodbye to the Least Apocalyptic Summer of the Rest of Your Life,"Labor Day is around the corner in the United States, and it’s worth taking stock of what has been, by any objective measure, a chaotic summer. In Nepal, at least 1,010 people have been confirmed dead, so far, after a catastrophic rock landslide on the Langtan…",https://newrepublic.com/article/215007/goodbye-least-apocalyptic-summer-rest-life,https://images.newrepublic.com/021cbd3377f892aceb6d442fd7c523db6bb26e7a.jpeg?w=1200&h=630&crop=faces&fit=crop&fm=jpg,,"Indeed, underestimating death has become something of a theme in our warming world. An investigation from NPR and researchers at Boston University revealed that heat deaths in the United States are d… [+1554 chars]","Goodbye to the Least Apocalyptic Summer of the Rest of Your Life. Labor Day is around the corner in the United States, and it’s worth taking stock of what has been, by any objective measure, a chaotic summer. In Nepal, at least 1,010 people have been confirmed dead, so far, after a catastrophic rock landslide on the Langtan…","Auf Wiedersehen zum am wenigsten apokalyptischen Sommer Ihres restlichen Lebens. In den Vereinigten Staaten steht der Tag der Arbeit vor der Tür und es lohnt sich, eine Bilanz des objektiv betrachtet chaotischen Sommers zu ziehen. In Nepal wurden bisher mindestens 1.010 Menschen als tot bestätigt, nachdem ein katastrophaler Felssturz am Langtan-Fluss verübt wurde.","Vale ad Aestatem Apocalypticam Minimam Reliquae Vitae tuae. Dies laboris circa angulum in Civitatibus Foederatis Americae est, et aestimare valet quod est, quacumque mensura obiectiva, aestate tenebrarum. In Nepalia, saltem 1,010 homines mortui confirmati sunt, quatenus post ruinam ruinae in Langtan…"
9870e3ffb57696489593596ae8b76766,2026-09-02T10:00:38Z,Wildfire,Hazard,financialpost.com,en,0.9,Canada is already building wildfire detection systems — we just call it defence technology,"Eliot Pence: We already know how to build these capabilities, and we are increasingly building them. We just haven't decided they're allowed to do more than one job",https://financialpost.com/technology/canada-building-wildfire-detection-systems-defence-technology,https://smartcdn.gprod.postmedia.digital/financialpost/wp-content/uploads/2026/09/no0901wildfire.jpg,,"Bad wildfire seasons have started to feel like weather, something Canadians endure rather than monitor and control. In cooler months, the same is becoming true of catastrophic floods, atmospheric riv… [+5048 chars]","Canada is already building wildfire detection systems — we just call it defence technology. Eliot Pence: We already know how to build these capabilities, and we are increasingly building them. We just haven't decided they're allowed to do more than one job","Kanada baut bereits Systeme zur Waldbranderkennung – wir nennen es einfach Verteidigungstechnologie. Eliot Pence: Wir wissen bereits, wie man diese Fähigkeiten aufbaut, und wir bauen sie zunehmend aus. Wir haben nur noch nicht entschieden, dass sie mehr als einen Job machen dürfen",Canada iam systemata incendium incendium deprehensio aedificat — nos modo defensionem technologiam appellamus. Eliot Pence: Iam novimus has facultates aedificandi et eas magis magisque aedificamus. Non solum non placuit ipsi erant 'liceat facere plus quam unum officium
eb234849fce02918d843b83778b8309e,2026-09-02T10:26:15Z,Storm,Hazard,www.bbc.co.uk,en,0.9,Will your name be the next UK storm?,The storm name list for the next year is out. Will your name be on it?,https://www.bbc.co.uk/news/videos/ckgxzyrk7x7o,https://ichef.bbci.co.uk/ace/branded_news/1200/cpsprodpb/93e3/live/a9a7ef50-a6b6-11f1-b109-879e35c24276.jpg,http://web.archive.org/web/20260903095600/https://www.bbc.co.uk/news/videos/ckgxzyrk7x7o,"Once a village, now barren land - BBC in valley devastated by floods. Video, 00:01:03Once a village, now barren land - BBC in valley devastated by floods",Will your name be the next UK storm?. The storm name list for the next year is out. Will your name be on it?,Wird Ihr Name der nächste britische Sturm sein? Die Sturmnamenliste für das nächste Jahr ist erschienen. Wird Ihr Name darauf stehen?,Erit nomen tuum in altera tempestate UK? Tempestas nomen album in annum proximum exit. num erit in eo nomen tuum?
2c321bce2b58cf898b2996f9ef279c4c,2026-09-02T10:30:55Z,Tropical Cyclone,Hazard,gothamist.com,en,0.7,NY's climate superfund law has been struck down. Is NJ's bill now in trouble?,"A man falls off his bike into a flooded street the morning after the remnants of Hurricane Ida drenched the New York City and New Jersey area in 2021.
 

Detractors say it's clear the New Jersey law won't stand up in the courts. [ more › ]",https://gothamist.com/news/nys-climate-superfund-law-has-been-struck-down-is-njs-bill-now-in-trouble,https://api-prod.gothamist.com/images/358956/fill-1200x650|format-webp|webpquality-85/,http://web.archive.org/web/20260902205925/https://gothamist.com/news/nys-climate-superfund-law-has-been-struck-down-is-njs-bill-now-in-trouble,New Yorks landmark law compelling oil companies to pay for state efforts to address climate change has been struck down. And the ruling casts new doubt on a similar New Jersey bill that had been gain… [+5597 chars],"NY's climate superfund law has been struck down. Is NJ's bill now in trouble?. A man falls off his bike into a flooded street the morning after the remnants of Hurricane Ida drenched the New York City and New Jersey area in 2021.
 

Detractors say it's clear the New Jersey law won't stand up in the courts. [ more › ]","Das New Yorker Klima-Superfonds-Gesetz wurde aufgehoben. Ist der Gesetzentwurf von NJ jetzt in Schwierigkeiten? Ein Mann stürzt am Morgen, nachdem die Überreste des Hurrikans Ida im Jahr 2021 die Gegend von New York City und New Jersey überschwemmt hatten, von seinem Fahrrad in eine überflutete Straße.
 

Kritiker sagen, es sei klar, dass das Gesetz von New Jersey vor Gericht keinen Bestand haben werde. [ mehr > ]","NY superfund lex climatis percussa est. Estne NJ libellum nunc in tribulatione mea. Homo cursoriam suam in plateam inundatam mane decidit postquam reliquiae Idae Turris Novi Eboraci et Novae Caesareae aream anno 2021 perfudit.
 

Obtrectatores dicunt manifestum esse legem Novam Jersey in iudiciis non stare. [ magis ]"
ebefdeacb463a518f68d406fa1b108d3,2026-09-02T10:40:02Z,Flood,Mitigation,abcnews.com,en,0.3,"Nepal-Tibet flood death toll tops 1,100 as tens of thousands search for missing","The Nepali prime minister said the government's focus would shift to ""rehabilitation.""",https://abcnews.com/International/nepal-tibet-flood-death-toll-tops-1100-tens/story?id=136136947,https://i.abcnewsfe.com/a/e27afa30-a90a-401b-873e-4c3ad5680616/nepal-main_1788342914571_hpMain_16x9.jpg?w=1600,,"LONDON -- The death toll following the massive flash flooding along the Nepal-Tibet border climbed on Wednesday to 1,114 in Nepal, officials said, as the country's leader said his government would be… [+2748 chars]","Nepal-Tibet flood death toll tops 1,100 as tens of thousands search for missing. The Nepali prime minister said the government's focus would shift to ""rehabilitation.""","Die Zahl der Todesopfer bei Überschwemmungen zwischen Nepal und Tibet liegt bei über 1.100, während Zehntausende nach Vermissten suchen. Der nepalesische Premierminister sagte, der Schwerpunkt der Regierung werde sich auf die „Rehabilitierung“ verlagern.","Nepal-Tibet inundatio mortuorum capita 1,100 sicut decem milia quaerentes desiderat. Primus minister Nepali dixit umbilicum imperii ad ""rehabilitationem"" se transferre."
f8625ab1d0b0359b2777ffab5f2138fb,2026-09-02T11:00:00Z,Landslide,Hazard,www.telepolis.de,de,0.9,"Der Bhotekoshi zeigt, wie schnell Gletscherabbrüche Folgen haben","Ein Gletscherabbruch an Nepals Grenze zu Tibet löste eine Flutwelle aus. Wasser, Eis und Geröll breiteten sich im Bhotekoshi binnen Minuten aus.",https://www.telepolis.de/article/Der-Bhotekoshi-zeigt-wie-schnell-Gletscherabbrueche-Folgen-haben-11437733.html,https://heise.cloudimg.io/v7/_www-heise-de_/imgs/18/5/1/5/7/2/3/4/shutterstock_2834830825-7ed4bbcbeb4bdb0f.jpg?func=bound&height=1200&org_if_sml=1&q=85&width=1200,http://web.archive.org/web/20260902211317/https://www.telepolis.de/article/Der-Bhotekoshi-zeigt-wie-schnell-Gletscherabbrueche-Folgen-haben-11437733.html,"Dhunge Bazaar in Nepal, weist nach schweren Überschwemmungen im Bhotekoshi-Fluss erhebliche Zerstörung auf. Bild: djisagar87 / Shutterstock.com
Ein Gletscherabbruch an Nepals Grenze zu Tibet löste e… [+5924 chars]","The Bhotekoshi shows how quickly glacier collapses have consequences. A glacier collapse on Nepal's border with Tibet triggered a tidal wave. Water, ice and rubble spread through the Bhotekoshi within minutes.","Der Bhotekoshi zeigt, wie schnell Gletscherabbrüche Folgen haben. Ein Gletscherabbruch an Nepals Grenze zu Tibet löste eine Flutwelle aus. Wasser, Eis und Geröll breiteten sich im Bhotekoshi binnen Minuten aus.","Bhotekoshi ostendit quam cito lapsus glacies consequatur habere. Glacialis ruina in Nepali terminus cum Tibet Urguet aestuosa unda. Aqua, glacies et rudera per Bhotekoshi intra minuta divulgata sunt."
d0c47a95ec762aa42a4e647f0a15bb86,2026-09-02T11:11:48Z,Snow&Ice,Hazard,www.canonrumors.com,en,0.9,What Is the Best Action Camera for Skiing and Snowboarding in 2026?,"Skiing and snowboarding are exactly the kind of activities action cameras were designed for. Fast descents, powder turns, jumps and mountain scenery can make incredible footage, but winter sports also create some unusual challenges for cameras. Freezing tempe…",https://www.canonrumors.com/what-is-the-best-action-camera-for-skiing-and-snowboarding-in-2026/,https://www.canonrumors.com/wp-content/uploads/2026/09/What-Is-the-Best-Action-Camera-for-Skiing-and-Snowboarding-in-2026-Header.jpg,,"<table><tr><td>When you purchase through links on our site, we may earn an affiliate commission. Here's how it works.
Insta360 Labor Day Sale Up to 30% Off Action Cameras
If you're shopping for an … [+8435 chars]","What Is the Best Action Camera for Skiing and Snowboarding in 2026?. Skiing and snowboarding are exactly the kind of activities action cameras were designed for. Fast descents, powder turns, jumps and mountain scenery can make incredible footage, but winter sports also create some unusual challenges for cameras. Freezing tempe…","Was ist die beste Actionkamera zum Skifahren und Snowboarden im Jahr 2026? Skifahren und Snowboarden sind genau die Aktivitäten, für die Actionkameras entwickelt wurden. Schnelle Abfahrten, Tiefschneekurven, Sprünge und Berglandschaften können unglaubliche Aufnahmen machen, aber auch Wintersport stellt Kameras vor ungewöhnliche Herausforderungen. Gefriertemperatur…","What Is the Best Action Camera for Skiing and Snowboarding in 2026?. Skiing and Duis are exactly the kind of activities action cameras were designed for. Ieiunium descensus, pulvis vices, saltus et scaenae montanae fidem footage facere possunt, sed hiemales ludi etiam insolitas aliquas provocationes pro cameras faciunt. Tempe glacians…"
ded65f395ab0bdcf1432cca8a647c1d8,2026-09-02T11:59:41Z,Flood,Impacts,biztoc.com,en,0.9,Watch: Tracing The Aftermath Of Nepal’s Fatal Flash Floods In Nuwakot,"Residents in Nepal’s northern Nuwakot district returned to their communities on Wednesday to survey the ruin left by catastrophic flooding along the Nepal-China border.
Surging waters swept through the mountainous region, devastating homes, severing vital inf…",https://biztoc.com/x/47001b22eee5f8c0,https://biztoc.com/cdn/47001b22eee5f8c0_s.webp,,Residents in Nepals northern Nuwakot district returned to their communities on Wednesday to survey the ruin left by catastrophic flooding along the Nepal-China border.Surging waters swept through the… [+144 chars],"Watch: Tracing The Aftermath Of Nepal’s Fatal Flash Floods In Nuwakot. Residents in Nepal’s northern Nuwakot district returned to their communities on Wednesday to survey the ruin left by catastrophic flooding along the Nepal-China border.
Surging waters swept through the mountainous region, devastating homes, severing vital inf…","Anschauen: Auf den Spuren der tödlichen Sturzfluten in Nuwakot in Nepal. Bewohner des nördlichen nepalesischen Distrikts Nuwakot kehrten am Mittwoch in ihre Gemeinden zurück, um die Ruinen zu begutachten, die die katastrophale Überschwemmung entlang der nepalesisch-chinesischen Grenze hinterlassen hatte.
Heftige Wassermassen fegten durch die Bergregion, verwüsteten Häuser und zerstörten lebenswichtige Organe …","Watch: Tracing In Nuwakot, postmathum Nepal's Fatal Flash Floods In Nuwakot. Residentes in districtu Nepali septentrionali Nuwakot ad suas communitates redierunt die Mercurii ut dispicerent ruinam relictam calamitatis inundationis per fines Nepal-China.
Per montes aestuantes trahuntur aquae, vastantes domos, vitales inf... separantes."
0ad934ede3574dd6928031b06bbc843e,2026-09-02T11:59:54Z,Flood,Hazard,biztoc.com,en,0.9,Tropical Storm Edouard Spaghetti Models Show Impact Zone Through Texas,"Tropical Storm Edouard is bringing heavy rain, flooding concerns, and travel disruptions across parts of Texas, as the system moves inland from the Gulf Coast.
While the storm has weakened to a tropical depression, forecasters warn that the most significant t…",https://biztoc.com/x/8052d91089bbce22,https://biztoc.com/cdn/8052d91089bbce22_s.webp,,"Tropical Storm Edouard is bringing heavy rain, flooding concerns, and travel disruptions across parts of Texas, as the system moves inland from the Gulf Coast.While the storm has weakened to a tropic… [+141 chars]","Tropical Storm Edouard Spaghetti Models Show Impact Zone Through Texas. Tropical Storm Edouard is bringing heavy rain, flooding concerns, and travel disruptions across parts of Texas, as the system moves inland from the Gulf Coast.
While the storm has weakened to a tropical depression, forecasters warn that the most significant t…","Modelle des Tropensturms Edouard Spaghetti zeigen die Einschlagszone durch Texas. Der Tropensturm Edouard sorgt in Teilen von Texas für starke Regenfälle, Überschwemmungen und Verkehrsbehinderungen, während er von der Golfküste landeinwärts vordringt.
Während sich der Sturm zu einem tropischen Tiefdruckgebiet abgeschwächt hat, warnen Meteorologen, dass die bedeutendsten …","Tropical Storm Edouard Spaghetti exemplum monstrant Impact Zonam per Texas. Tempestas Tropical Edouard pluvias graves, inundationes curas affert et distractiones peregrinationes per partes Texas, sicut ratio mediterranea ab Coast sinus movet.
Dum procella tropicae tristitiae debilitavit, forecasters monent notabiliores t…"
9249c833bc8df2c9001753e94f16e6aa,2026-09-02T12:00:00Z,Flood,Hazard,news.un.org,en,0.9,‘Fight for humanity’: Avoiding a climate catastrophe means acting now,"Record heat waves, deadly flooding and extreme weather reflect an ever-warming planet poised to soon breach safe temperature limits, according to a UN report released on Tuesday, but doubling down on climate action now could avoid a climate catastrophe. Read …",https://news.un.org/en/story/2026/09/1168240,https://global.unitednations.entermediadb.net/assets/mediadb/services/module/asset/downloads/preset/Collections/Embargoed/2026/08/27-08-2026-Adobe-Stock-drought-01.jpg/image770x420cropped.jpg,http://web.archive.org/web/20260902170426/https://news.un.org/en/story/2026/09/1168240,"Key points
<ul><li>Rapid, collective and global action is vital to cap the temperature rise at 1.5°C</li><li>Climate action can reverse current trend by slashing methane pollution, protecting land, … [+3780 chars]","‘Fight for humanity’: Avoiding a climate catastrophe means acting now. Record heat waves, deadly flooding and extreme weather reflect an ever-warming planet poised to soon breach safe temperature limits, according to a UN report released on Tuesday, but doubling down on climate action now could avoid a climate catastrophe. Read …","„Kampf für die Menschheit“: Um eine Klimakatastrophe zu vermeiden, muss jetzt gehandelt werden. Rekordhitzewellen, tödliche Überschwemmungen und extreme Wetterbedingungen spiegeln einen sich ständig erwärmenden Planeten wider, der bald sichere Temperaturgrenzen überschreiten wird, heißt es in einem am Dienstag veröffentlichten UN-Bericht. Eine Klimakatastrophe könnte jedoch vermieden werden, wenn die Klimaschutzmaßnahmen jetzt verstärkt werden. Lesen …","'Pro humanitate pugnare': calamitatem climatis vitare significat nunc agere. Commemorare fluctus aestus, inundationes et extremae tempestatis letales reflectunt planetae semper calefactibiles ad limites temperaturas cito interruptos tutos, secundum relationem IR die Martis dimissa, sed duplicare in actione climatis nunc calamitatem climatis vitare potuit. Lege ..."
093da9a5eac039132b2d02186c829ce5,2026-09-02T12:02:00Z,Wildfire,Impacts,theconversation.com,en,0.3,"Pyrograzing turns ordinary livestock into fire prevention heroes, so why isn’t it used on public lands more often?","Targeted grazing is gaining interest as fire risk rises, particularly in hard-to-manage areas of the Western US. But it isn’t always as simple as it seems.",https://theconversation.com/pyrograzing-turns-ordinary-livestock-into-fire-prevention-heroes-so-why-isnt-it-used-on-public-lands-more-often-288559,https://images.theconversation.com/files/754107/original/file-20260814-50-s8jx7y.jpg?ixlib=rb-4.1.1&rect=0%2C305%2C8256%2C4128&q=45&auto=format&w=1356&h=668&fit=crop,,"San Manuel, Calif., Assistant Fire Chief Ralph Tovar holds a young goat whose herd just spent a day eating brush and grass to reduce wildfire risk. Robyn Beck/AFP/Getty Images
In grasslands across t… [+7448 chars]","Pyrograzing turns ordinary livestock into fire prevention heroes, so why isn’t it used on public lands more often?. Targeted grazing is gaining interest as fire risk rises, particularly in hard-to-manage areas of the Western US. But it isn’t always as simple as it seems.","Pyrograzing macht gewöhnliches Vieh zu Helden des Brandschutzes. Warum wird es also nicht häufiger auf öffentlichen Flächen eingesetzt? Gezielte Beweidung gewinnt mit steigender Brandgefahr zunehmend an Interesse, insbesondere in schwer bewirtschaftbaren Gebieten im Westen der USA. Aber es ist nicht immer so einfach, wie es scheint.","Pyrograzingia ordinaria pecora in ignem praeventionis heroum vertit, quare saepius in terris publicis non adhibetur? Iaculis pascentibus interest ut ignis periculum oritur, praesertim in locis duris ad administrandum US Occidentis. Sed non semper ut videtur simplex est."
741e04f8379dc38d2b37254a27e480e3,2026-09-02T12:02:51Z,Flood,Hazard,dineshkhabar.com,en,0.9,Government Releases Rs 1.35 crores to 15 Local Levels in Five Flood-Affected Districts,"Kathmandu: The government has released Rs 1.35 crores to 15 local levels in five districts affected by flooding in the Bhotekoshi River in Rasuwa. The amount was released to the local levels in two phases.

According to the Office of the Prime Minister and C…",https://dineshkhabar.com/article/140843,https://dineshkhabar.com/sites/default/files/styles/featured/public/field/image/bf3a4695-a6d0-462f-8604-85757f36aed3_1_0.jpeg?itok=16QojBot,,Kathmandu: The government has released Rs 1.35 crores to 15 local levels in five districts affected by flooding in the Bhotekoshi River in Rasuwa. The amount was released to the local levels in two p… [+1524 chars],"Government Releases Rs 1.35 crores to 15 Local Levels in Five Flood-Affected Districts. Kathmandu: The government has released Rs 1.35 crores to 15 local levels in five districts affected by flooding in the Bhotekoshi River in Rasuwa. The amount was released to the local levels in two phases.

According to the Office of the Prime Minister and C…","Die Regierung gibt 1,35 Crores Rupien an 15 lokale Ebenen in fünf von Überschwemmungen betroffenen Bezirken frei. Kathmandu: Die Regierung hat 1,35 Crores Rupien an 15 lokale Ebenen in fünf Bezirken freigegeben, die von der Überschwemmung im Bhotekoshi-Fluss in Rasuwa betroffen sind. Der Betrag wurde in zwei Phasen an die lokale Ebene weitergeleitet.

Nach Angaben des Büros des Premierministers und des C…","Regimen Releases Rs 1.35 crores ad 15 Loci gradus in Quinque Diluvio Affectus Districts. Kathmandu: Imperium Rs 1.35 crores ad 15 gradus locales dimisit in quinque districtibus inundatione in flumen Bhotekoshi in Rasuwa affectis. Copia in duobus gradibus localibus dimissa est.

Secundum officium Primi Ministri et C…"
4ff4a77df82e9b881172189d9ea895b9,2026-09-02T12:09:25Z,Flood,Hazard,www.bild.de,de,0.9,Monsun-Hochzeit auf den Philippinen - Gesucht: Brautkleid mit „Hochwasser“,Bis zur Hüfte steht Leian Lieza Galang mit ihrem weißen Brautkleid im Wasser. Die Bilder einer Monsun-Hochzeit auf den Philippinen gehen um die Welt.,https://www.bild.de/news/ausland/hochzeit-im-monsun-diese-braut-koennte-ein-kleid-mit-hochwasser-gebrauchen-6a97c3579452c522382309d7,"https://images.bild.de/6a97c3579452c522382309d7/a9548f05d358451fc403ad5a5ce0df33,47279421?w=1280",,"TTS-Player überspringenArtikel weiterlesenHagonoy (Philippinen) Es sind unglaubliche Bilder: Bis zur Hüfte steht das trübe Wasser in der Kirche, als die Braut im weißen Kleid vorsichtig durch die Flu… [+2691 chars]",Monsoon wedding in the Philippines - Wanted: wedding dress with “flood”. Leian Lieza Galang stands in the water with her white wedding dress up to her waist. The pictures of a monsoon wedding in the Philippines are going around the world.,Monsun-Hochzeit auf den Philippinen - Gesucht: Brautkleid mit „Hochwasser“. Bis zur Hüfte steht Leian Lieza Galang mit ihrem weißen Brautkleid im Wasser. Die Bilder einer Monsun-Hochzeit auf den Philippinen gehen um die Welt.,"Monsoon nuptiae in Philippinis - Volens: vestis nuptialis cum ""diluvio"". Leian Lieza Galang in aqua stat cum veste candida nuptiali usque ad umbilicum suum. Imagines nuptiarum ETESIA in Philippinis circa mundum eunt."
964787cdb4c0e97e9386cab6cbb89d19,2026-09-02T12:15:19Z,Wildfire,Hazard,en.antaranews.com,en,0.9,BNPB confirms wildfire spots in Jambi continue to decrease,Head of Indonesia&#39;s National Disaster Mitigation Agency (BNPB) Suharyanto said the handling on forest and land fires or wildfires by the task force in ...,https://en.antaranews.com/news/429577/bnpb-confirms-wildfire-spots-in-jambi-continue-to-decrease,https://cdn.antaranews.com/cache/1200x800/2026/09/02/Kepala-BNPB-Suharyanto.jpeg,,"Jambi (ANTARA) - Head of Indonesia's National Disaster Mitigation Agency (BNPB) Suharyanto said the handling on forest and land fires or wildfires by the task force in Jambi has been fairly good, evi… [+1926 chars]",BNPB confirms wildfire spots in Jambi continue to decrease. Head of Indonesia&#39;s National Disaster Mitigation Agency (BNPB) Suharyanto said the handling on forest and land fires or wildfires by the task force in ...,"BNPB bestätigt, dass die Zahl der Waldbrände in Jambi weiter abnimmt. Der Leiter der indonesischen National Disaster Mitigation Agency (BNPB), Suharyanto, sagte, die Behandlung von Wald- und Landbränden oder Waldbränden durch die Task Force in ...",BNPB confirmat maculas ferum in Jambi decrescere pergere. Caput Indonesia&#39;s National calamitas Mitigationem Agency (BNPB) Suharyanto dixit tractationem de incendiis silvestribus et terrenis vel de incendiis silvestribus a vi molis in ...
3fa5e93abfe12ef42558bb72567a4eea,2026-09-02T12:33:56Z,Wildfire,Hazard,en.antaranews.com,en,0.8,"West, Central Kalimantan top priority as fire hotspots rise: Minister","Forestry Minister Raja Juli Antoni said forest and land fire hotspots in West Kalimantan and Central Kalimantan have risen again after previously declining, ...",https://en.antaranews.com/news/429583/west-central-kalimantan-top-priority-as-fire-hotspots-rise-minister,https://cdn.antaranews.com/cache/1200x800/2026/09/02/1001806943.jpg,,"Jakarta (ANTARA) - Forestry Minister Raja Juli Antoni said forest and land fire hotspots in West Kalimantan and Central Kalimantan have risen again after previously declining, making the two province… [+1800 chars]","West, Central Kalimantan top priority as fire hotspots rise: Minister. Forestry Minister Raja Juli Antoni said forest and land fire hotspots in West Kalimantan and Central Kalimantan have risen again after previously declining, ...","West- und Zentral-Kalimantan haben höchste Priorität, da die Brandherde zunehmen: Minister. Forstminister Raja Juli Antoni sagte, die Wald- und Landbrand-Hotspots in West-Kalimantan und Zentral-Kalimantan seien nach einem vorherigen Rückgang wieder gestiegen, ...","Occidentalis, Central Kalimantan top prioritas sicut hotspotum ignis oriuntur: Minister. Minister forestarius Raja Juli Antoni dixit silvam et aestus ignis terrae in West Kalimantan et Central Kalimantan iterum resurrexisse postquam iam declinaverant, ..."
1c463ca93f2f92210b03beda6b8b1d13,2026-09-02T12:38:41Z,Wildfire,Hazard,finance.yahoo.com,en,0.9,"PG&E launches review, defers $2 billion in spending after wildfire bill setback","Sept 2 () - Utility PG&E; said on Wednesday it will defer about $2 billion in ‌2027 spending, leaving a capital plan of ‌about $11.4 billion, as it launches...",https://finance.yahoo.com/energy/articles/pg-e-launches-review-defers-123841462.html,https://s.yimg.com/lo/mysterio/api/b14f583843291ea3440e2686cf855203456c2b84167339ebd1d07530cff5cb60/lightyear_networkapi/resizefill_w1200%3Bquality_80%3Bformat_webp/https%3A%2F%2Fmedia.zenfs.com%2Fen%2Freuters.com%2F0c6bdf580cd0765fc6738f914cdbec46.jpg,,"Sept 2 (Reuters) - Utility PG&amp;E said on Wednesday it will defer about $2 billion in 2027 spending, leaving a capital plan of about $11.4 billion, as it launches a strategic review amid wildfire l… [+1083 chars]","PG&E launches review, defers $2 billion in spending after wildfire bill setback. Sept 2 () - Utility PG&E; said on Wednesday it will defer about $2 billion in ‌2027 spending, leaving a capital plan of ‌about $11.4 billion, as it launches...","PG&E leitet Überprüfung ein und verschiebt Ausgaben in Höhe von 2 Milliarden US-Dollar nach Rückschlag beim Waldbrandgesetz. 2. September () – Versorgungsunternehmen PG&E; gab am Mittwoch bekannt, dass die Ausgaben für 2027 um etwa 2 Milliarden US-Dollar zurückgestellt werden, so dass bei der Einführung ein Kapitalplan von etwa 11,4 Milliarden US-Dollar verbleibt …","PG&E recensionem movet, $2 miliarda refert in consumptis post incendium ignem incommodum. Sept 2 ( ) - Utilitas PG&E; Dixit die Mercurii differet fere $2 miliardis in 2027 impendio, relicto capitali consilio about $11.4 sescenti, quod movet..."
0cd537c83825aeb1bae4cbf47d3520c4,2026-09-02T12:43:32Z,Wildfire,Hazard,en.protothema.gr,en,0.9,"Fire breaks out in Mytikas, Thebes, burning near solar park, eight aircraft in the battle","A wildfire in low vegetation broke out at midday on Wednesday in the Mytikas area of the Municipality of Thebes, with the blaze burning close to a solar park. According to Fire Service updates, 42 firefighters are operating at the scene, supported by a ground…",https://en.protothema.gr/2026/09/02/fire-breaks-out-in-mytikas-thebes-burning-near-solar-park-eight-aircraft-in-the-battle/,https://en.protothema.gr/wp-content/uploads/2026/09/paiania-fotia-mkt-1.jpg-1.jpg,,"A wildfire in low vegetation broke out at midday on Wednesday in the Mytikas area of the Municipality of Thebes, with the blaze burning close to a solar park.
According to Fire Service updates, 42 f… [+1010 chars]","Fire breaks out in Mytikas, Thebes, burning near solar park, eight aircraft in the battle. A wildfire in low vegetation broke out at midday on Wednesday in the Mytikas area of the Municipality of Thebes, with the blaze burning close to a solar park. According to Fire Service updates, 42 firefighters are operating at the scene, supported by a ground…","In Mytikas, Theben, bricht Feuer aus, es brennt in der Nähe des Solarparks, acht Flugzeuge sind im Kampf. Am Mittwochmittag brach im Mytikas-Gebiet der Gemeinde Theben ein Lauffeuer in niedriger Vegetation aus, wobei das Feuer in der Nähe eines Solarparks brannte. Nach Angaben der Feuerwehr sind 42 Feuerwehrleute vor Ort im Einsatz, unterstützt von einem Boden…","Ignis in Mytikas, Thebis, prope parcum solarem ardens, octo aircrafts in proelio erumpit. Ignis ferus in vegetabilibus humilibus meridiano die Mercurii in Mytikas regione municipii Thebarum erupit, incendio prope parcum solarem. Secundum Ignis Service updates, 42 ignitores ad scaenam operantur, terra suffulta…"
5bde3dfa2bb437109fb2a60a005148b3,2026-09-02T12:54:31Z,Cold Wave,Hazard,www.iphoneincanada.ca,en,0.7,Xbox Game Pass September 2026 [Wave 1]: Call of Duty: Black Ops Cold War and Speedrunners 2: King of Speed,"Xbox has revealed the latest array of games arriving on Xbox Game Pass throughout September, including Call of Duty: Black Ops Cold War.
The post Xbox Game Pass September 2026 [Wave 1]: Call of Duty: Black Ops Cold War and Speedrunners 2: King of Speed first …",https://www.iphoneincanada.ca/2026/09/02/xbox-game-pass-september-2026-wave-1/,https://cdn.iphoneincanada.ca/wp-content/uploads/2026/09/Xbox-Game-Pass-September-2026.jpg,,"Xbox has revealed the latest array of games arriving on Xbox Game Pass throughout the first half of the month. Most notably, the biggest game to arrive this month is Call of Duty: Black Ops Cold War,… [+4436 chars]","Xbox Game Pass September 2026 [Wave 1]: Call of Duty: Black Ops Cold War and Speedrunners 2: King of Speed. Xbox has revealed the latest array of games arriving on Xbox Game Pass throughout September, including Call of Duty: Black Ops Cold War.
The post Xbox Game Pass September 2026 [Wave 1]: Call of Duty: Black Ops Cold War and Speedrunners 2: King of Speed first …","Xbox Game Pass September 2026 [Welle 1]: Call of Duty: Black Ops Cold War und Speedrunners 2: King of Speed. Xbox hat die neuesten Spiele enthüllt, die im September im Xbox Game Pass erscheinen, darunter Call of Duty: Black Ops Cold War.
Der Beitrag Xbox Game Pass September 2026 [Welle 1]: Call of Duty: Black Ops Cold War und Speedrunners 2: King of Speed ​​zuerst …","Xbox Ludus Transi Septembris 2026 [unda 1]: Vocatum Pietatis: Bellum Frigidum Niger Opis et Speedrunners 2: Rex Celeritatis. Xbox recentissimam ludorum apparatum venientem in Xbox Ludus Pass per Septembrem ostendit, inter Vocatum Pietatis: Bellum Frigidum Niger Opis.
Post Xbox Ludus Transi Septembris 2026 [unda 1]: Vocatum Pietatis: Bellum Frigidum Niger Opis et Speedrunners 2: Rex Celeritatis primus ..."
6f5ea32aaa4a136837f379451216d101,2026-09-02T13:07:00Z,Flood,Mitigation,www.prnewswire.com,en,0.7,SAMARITAN'S PURSE RESPONDS TO DEADLY NEPAL FLOODING WITH AIRLIFT OF CRITICALLY NEEDED SUPPLIES,"BOONE, N.C., Sept. 2, 2026 /PRNewswire/ -- The Samaritan's Purse 767 cargo plane landed in Kathmandu, Nepal, this morning, carrying tons of desperately needed relief items. These supplies are being quickly offloaded to get them into the hands of those left de…",https://www.prnewswire.com/news-releases/samaritans-purse-responds-to-deadly-nepal-flooding-with-airlift-of-critically-needed-supplies-302867725.html,https://mmx.prnewswire.com/media/MS1980407/Samaritans-Purse-airlifted-tons-of-desperately-needed-relief-items-to-Nepal-landing-on-Wednesday.jpg?id=OA2925723&p=facebook,,"BOONE, N.C., Sept. 2, 2026 /PRNewswire/ -- The Samaritan's Purse 767 cargo plane landed in Kathmandu, Nepal, this morning, carrying tons of desperately needed relief items. These supplies are being q… [+2104 chars]","SAMARITAN'S PURSE RESPONDS TO DEADLY NEPAL FLOODING WITH AIRLIFT OF CRITICALLY NEEDED SUPPLIES. BOONE, N.C., Sept. 2, 2026 /PRNewswire/ -- The Samaritan's Purse 767 cargo plane landed in Kathmandu, Nepal, this morning, carrying tons of desperately needed relief items. These supplies are being quickly offloaded to get them into the hands of those left de…","SAMARITAN'S PURSE REAGIERT AUF DIE TÖDLICHE ÜBERschwemmung in Nepal mit einer Luftbrücke für dringend benötigte Vorräte. BOONE, N.C., 2. September 2026 /PRNewswire/ -- Das Frachtflugzeug Samaritan's Purse 767 landete heute Morgen in Kathmandu, Nepal, mit Tonnen dringend benötigter Hilfsgüter. Diese Vorräte werden schnell abgeladen, um sie in die Hände derer zu bringen, die zurückgeblieben sind.","SAMARITAN SACULA respondet EXITIABILIS NEPAL inundatio AIRLIFT CRITICUS NECESSE SUPPLEMENTUM. BOONE, N.C., die 2 sept. 2026 / PRNewswire/ -- Sacculus oneris Samaritani 767 planum mercium in Kathmandu, Nepal appulit, hoc mane portans talenta perdite subsidio necessaria. Haec commeatus celeriter in manus reliquorum de... sumenda sunt."
691cf9b6a8c44aaf0ad8e5462f49dd43,2026-09-02T13:31:28Z,Flood,Hazard,biztoc.com,en,0.9,"Labor Day Weather Map Shows Areas Facing Worst Storms, Extreme Heat","Americans looking forward to Labor Day weekend will find themselves caught between two weather extremes, with severe heat forecast for parts of the central United States and powerful storms threatening flash flooding and disruptions from the West to the South…",https://biztoc.com/x/3804528dde8aec38,https://biztoc.com/cdn/3804528dde8aec38_s.webp,,"Americans looking forward to Labor Day weekend will find themselves caught between two weather extremes, with severe heat forecast for parts of the central United States and powerful storms threateni… [+146 chars]","Labor Day Weather Map Shows Areas Facing Worst Storms, Extreme Heat. Americans looking forward to Labor Day weekend will find themselves caught between two weather extremes, with severe heat forecast for parts of the central United States and powerful storms threatening flash flooding and disruptions from the West to the South…","Die Wetterkarte zum Labor Day zeigt Gebiete, die den schlimmsten Stürmen und extremer Hitze ausgesetzt sind. Amerikaner, die sich auf das Labor-Day-Wochenende freuen, werden sich zwischen zwei Wetterextremen wiederfinden: Für Teile der zentralen Vereinigten Staaten ist schwere Hitze vorhergesagt, und vom Westen bis zum Süden drohen heftige Stürme mit Sturzfluten und Störungen …","Labor Day Weather Map Show Areas Adversus Pessimae Tempestates, Extremum Calorem. Americani volutpat laboris exspectantes se deprehendent inter duo extrema tempestates, cum gravibus caloribus praenuntientur partium Civitatum Foederatarum centralium et procellae validae minaces inundationes et discidium ab Occidente ad Meridiem."
751cb3eca63bb4fa52bd41db087264b4,2026-09-02T13:40:46Z,Tropical Cyclone,Hazard,www.nhc.noaa.gov,en,0.7,Tropical Depression Edouard Graphics,,https://www.nhc.noaa.gov/refresh/graphics_at5+shtml/134046.shtml?cone,,,"* If the storm is forecast to dissipate within 3 days, the ""Full Forecast"" and ""3 day"" graphic will be identical
Click Here for a 5-day Cone Printer Friendly GraphicHow to use the cone graphic (vide… [+2695 chars]",Tropical Depression Edouard Graphics. None,Tropische Depression Edouard Graphics. Keiner,Tropical Depressione Edouard Graphics. Nullus
0b0af9e0050a6d5a7add9ce6dc80c9bb,2026-09-02T14:28:30Z,Flood,Hazard,www.windowscentral.com,en,0.9,The Xbox Network is once again having major outages where users can't sign in and play games that require profile logins,Reports of Xbox Live suffering outages preventing players from logging in and playing their games have recently started flooding in. Microsoft is aware of the situation and is currently investigating a way to fix it.,https://www.windowscentral.com/gaming/xbox/the-xbox-network-is-once-again-having-major-outages-where-users-cant-sign-in-and-play-games-that-require-profile-logins,https://cdn.mos.cms.futurecdn.net/kxpE6pqt6LZR9ddZrZwcPk-2560-80.jpg,,"After two months of relative calm, Xbox's live services are once again suffering a major outage as of this writing.
This is confirmed by the official Xbox Status website, which states that Xbox's ""A… [+1136 chars]",The Xbox Network is once again having major outages where users can't sign in and play games that require profile logins. Reports of Xbox Live suffering outages preventing players from logging in and playing their games have recently started flooding in. Microsoft is aware of the situation and is currently investigating a way to fix it.,"Im Xbox-Netzwerk kommt es erneut zu erheblichen Ausfällen, bei denen Benutzer sich nicht anmelden und Spiele spielen können, für die eine Profilanmeldung erforderlich ist. In letzter Zeit häufen sich Berichte über Ausfälle bei Xbox Live, die Spieler daran hindern, sich einzuloggen und ihre Spiele zu spielen. Microsoft ist sich der Situation bewusst und sucht derzeit nach einer Möglichkeit, das Problem zu beheben.",Xbox Network semel iterumque maiores outages habet ubi users subscribere non possunt et ludos ludere qui logins profile requirunt. Renuntiationes de Xbox Ago laborantes outages impedientes lusores colligationem in et lusorum suorum nuper inundationem inceperunt. Microsoft situs conscius est et nunc investigat viam ut reficere possit.
a9b833d4c587bd3db9ee6da98e3eb1a7,2026-09-02T14:41:11Z,Wildfire,Hazard,nypost.com,en,0.9,Colorado Fire sparked by truck flipping near Yosemite as heart-stopping dashcam emerges,Terrifying dashcam footage shows a tipped-over cement truck hurtling towards a tour bus before eventually igniting a wildfire in Mariposa County Tuesday afternoon.,https://nypost.com/2026/09/02/us-news/colorado-fire-sparked-by-truck-flipping-near-yosemite-as-heart-stopping-dashcam-emerges/,https://nypost.com/wp-content/uploads/sites/2/2026/09/139309605.jpg?quality=75&strip=all&w=1200,http://web.archive.org/web/20260902204228/https://nypost.com/2026/09/02/us-news/colorado-fire-sparked-by-truck-flipping-near-yosemite-as-heart-stopping-dashcam-emerges/,"This is the heart-stopping moment a cement truck flips over and nearly barrels into an oncoming tour bus before sparking a fast-moving wildfire.
The video shows the vehicle flip on a narrow road bef… [+2763 chars]",Colorado Fire sparked by truck flipping near Yosemite as heart-stopping dashcam emerges. Terrifying dashcam footage shows a tipped-over cement truck hurtling towards a tour bus before eventually igniting a wildfire in Mariposa County Tuesday afternoon.,"Colorado-Feuer wurde durch einen Lastwagen ausgelöst, der in der Nähe von Yosemite überschlug, als eine atemberaubende Dashcam auftauchte. Erschreckende Dashcam-Aufnahmen zeigen einen umgekippten Zementlaster, der auf einen Reisebus zurast, bevor er am Dienstagnachmittag im Mariposa County schließlich einen Waldbrand entzündet.",Colorado Ignis excussus per salsissimus flipping prope Yosemite ut cor obturandi ashcam emergit. Dashcam footage terribilis ostendit praefixum in cemento salsissimus vulnerans versus bus bus antequam tandem ignem ferum in Mariposa comitatus die Martis post meridiem accendit.
9c00fd89063b00c79e85b1dc28933dd2,2026-09-02T15:02:40Z,Flood,Hazard,www.insurancejournal.com,en,0.9,Edouard Causes Life-Threatening Flooding in East Texas,"Life-threatening flash flooding was hitting areas of East Texas north of Beaumont early Wednesday morning, as more than 20 inches of rain had fallen from the remnants of Tropical Storm Edouard in some places, federal forecasters said. At least one …",https://www.insurancejournal.com/news/southcentral/2026/09/02/883699.htm,https://www.insurancejournal.com/img/social/opengraph/ij-social-flood-1200x630.png,,"Life-threatening flash flooding was hitting areas of East Texas north of Beaumont early Wednesday morning, as more than 20 inches of rain had fallen from the remnants of Tropical Storm Edouard in som… [+7369 chars]","Edouard Causes Life-Threatening Flooding in East Texas. Life-threatening flash flooding was hitting areas of East Texas north of Beaumont early Wednesday morning, as more than 20 inches of rain had fallen from the remnants of Tropical Storm Edouard in some places, federal forecasters said. At least one …","Edouard verursacht lebensbedrohliche Überschwemmungen in Osttexas. Lebensgefährliche Sturzfluten trafen am frühen Mittwochmorgen Gebiete im Osten von Texas nördlich von Beaumont, da aus den Überresten des Tropensturms Edouard an einigen Stellen mehr als 20 Zoll Regen gefallen waren, sagten Bundesprognosen. Mindestens ein …","Edouard Causae Vita minaces inundationis in Texas Orientali. Vita-minans mico inundatio areas Texas orientalis Texas septentrionalis de Bellomonte primo mane mercurii minans erat, cum plus quam viginti unciae pluviae ex reliquiis Tropical Edouard in locis quibusdam locis, forecasters foederati dixerunt. Saltem unum ..."
adddbc2382238e646710dd79c5771053,2026-09-02T15:15:47Z,Flood,Causes,abcnews.com,en,0.9,"Edouard, now a tropical depression, drenches Texas with flash flooding and downed trees",Tropical Storm Edouard has weakened into a depression but is still dumping heavy rain and flooding parts of Texas,https://abcnews.com/US/wireStory/edouard-now-tropical-depression-drenches-texas-flash-flooding-136143206,https://i.abcnewsfe.com/a/d90e436b-dc52-459b-9ced-835efd61f01e/wirestory_aa5eb54efac7113246603f1c40c1a037_16x9.jpg?w=1600,,"PORT ARTHUR, Texas -- The former Tropical Storm Edouard weakened into a depression but dumped heavy rain, flooded roads and knocked down trees Wednesday in parts of Texas as it slowly moved north in … [+3119 chars]","Edouard, now a tropical depression, drenches Texas with flash flooding and downed trees. Tropical Storm Edouard has weakened into a depression but is still dumping heavy rain and flooding parts of Texas","Edouard, heute ein tropisches Tiefdruckgebiet, überschwemmt Texas mit Sturzfluten und umgestürzten Bäumen. Der Tropensturm Edouard hat sich zu einem Tiefdruckgebiet abgeschwächt, lässt aber immer noch heftigen Regen fallen und überschwemmt Teile von Texas","Edouard, nunc tropica depressio, Texas perfundit mico inundatione et demissa arboribus. Tempestas tropica Edouard in depressionem debilitavit sed adhuc dumping pluviae gravis et inundatio partium Texas"
1510914bbd58a9021532423e3e7f0f84,2026-09-02T16:02:20Z,Thunderstorm,Hazard,steiermark.orf.at,de,0.9,Hagel und Sturm im Bezirk Voitsberg,Schwere Gewitter sind am späten Mittwochnachmittag über den Bezirk Voitsberg gezogen. Davor hatte es eine Unwetterwarnung auch für andere Teile der Steiermark gegeben. In Köflach und Maria Lankowitz wurden bis zu fünf Zentimeter große Hagelkörner gemessen.,https://steiermark.orf.at/stories/3369590/,https://ibs.orf.at/stm?image=https%3A%2F%2Foekastatic.orf.at%2Fmims%2F2025%2F32%2F96%2Fcrops%2Fw%3D1200%2Ch%3D627%2Cq%3D75%2F2722402_master_1048396_c6a2d2c5-10f2-448f-83c0-1d8d99675596.jpg%3Fs%3De0c507b16ebabaad64ef89531871ca07d4a04800,http://web.archive.org/web/20260902225324/https://steiermark.orf.at/stories/3369590/,"Vor starken Unwettern mit Starkregen, Hagel und Sturm warnte die Unwetterzentrale für Mittwochnachmittag. Für die Bezirke Graz, Voitsberg und Teile von Graz-Umgebung, Deutschlandsberg, Leibnitz und W… [+1006 chars]","Hail and storm in the Voitsberg district. Heavy thunderstorms hit the Voitsberg district late on Wednesday afternoon. Before that, there had also been a severe weather warning for other parts of Styria. Hailstones up to five centimeters in size were measured in Köflach and Maria Lankowitz.",Hagel und Sturm im Bezirk Voitsberg. Schwere Gewitter sind am späten Mittwochnachmittag über den Bezirk Voitsberg gezogen. Davor hatte es eine Unwetterwarnung auch für andere Teile der Steiermark gegeben. In Köflach und Maria Lankowitz wurden bis zu fünf Zentimeter große Hagelkörner gemessen.,Ave et tempestas in Voitsberg districtu. Gravis tonitrua in regione Voitsberg sero die mercurii post meridiem percusserunt. Ante hoc etiam gravis tempestatis monitus fuerat in alias Styriae partes. Grando grando usque ad quinque centimetra in Köflach et Maria Lankowitz mensurata sunt.
f1d0bad82a4888524eaca8b8f7bdee25,2026-09-02T16:05:28Z,Flood,Causes,www.rollingstone.com,en,0.7,Did Climate Change Cause the Flooding in Nepal?,"We spoke with scientists about how ""a landslide with a piece of glacier on top"" caused devastation in the Himalayas.",http://www.rollingstone.com/culture/culture-features/nepal-floods-climate-change-himalaya-1235619723/,https://www.rollingstone.com/wp-content/uploads/2026/09/what-happened-with-nepal-floods.jpg?w=1600&h=900&crop=1,,"A flash flood that struck Nepal last week has left over 1,000 people dead, and thousands more are missing. A landslide that was first thought to be the result of an earthquake actually looks to have … [+4433 chars]","Did Climate Change Cause the Flooding in Nepal?. We spoke with scientists about how ""a landslide with a piece of glacier on top"" caused devastation in the Himalayas.","Hat der Klimawandel die Überschwemmungen in Nepal verursacht? Wir sprachen mit Wissenschaftlern darüber, wie „ein Erdrutsch mit einem Stück Gletscher darauf“ im Himalaya Verwüstung anrichtete.","Nonne Clima Mutationem Diluvii in Nepalia? Locuti sumus cum phisicis quomodo ""lapis cum fragmine glaciei superne"" devastationem in Himalayas fecit."
adb3af20416891e99dc75cbd4db96dc9,2026-09-02T16:15:00Z,Tsunami,Impacts,www.derekthompson.org,en,0.3,Why Letting AI Do Our Writing Is A Bad Idea,"The act of writing is an act of thinking, and to automate our paragraphs is to populate our screens with words without filling our minds with the ideas necessary to conceive of them. – Derek Thompson",https://www.derekthompson.org/p/the-internet-is-drowning-in-ai-slop,"https://substackcdn.com/image/fetch/$s_!4ddf!,w_1200,h_675,c_fill,f_jpg,q_auto:good,fl_progressive:steep,g_auto/https%3A%2F%2Fsubstack-post-media.s3.amazonaws.com%2Fpublic%2Fimages%2F2dc24e97-4d2e-45a9-b05d-b13708214757_1534x872.png",http://web.archive.org/web/20260903021508/https://www.derekthompson.org/p/the-internet-is-drowning-in-ai-slop,"In January 1919, more than 2 million gallons of molasses exploded from inside a pressurized holding tank in Boston. A tsunami of syrup, which some reports said reached 40 feet tall, surged through th… [+28498 chars]","Why Letting AI Do Our Writing Is A Bad Idea. The act of writing is an act of thinking, and to automate our paragraphs is to populate our screens with words without filling our minds with the ideas necessary to conceive of them. – Derek Thompson","Warum es eine schlechte Idee ist, KI unser Schreiben übernehmen zu lassen. Der Akt des Schreibens ist ein Akt des Denkens, und unsere Absätze zu automatisieren bedeutet, unsere Bildschirme mit Wörtern zu füllen, ohne unseren Geist mit den Ideen zu füllen, die nötig sind, um sie zu konzipieren. – Derek Thompson","Quare Letting AI Do Our Writing Is A Bad Idea. Scribendi actus est cogitandi, atque automate nostros paragraphos disseminare nostra tegumenta verbis, quin mentes nostras impleat notionibus ad eas cogitandas necessarias. - Derek Thompson"
5969a26bafa231a10700b0328e7b72de,2026-09-02T17:06:33Z,Tropical Cyclone,Hazard,www.foxweather.com,en,0.7,Texas slammed with flash floods as Tropical Depression Edouard leaves over 70K without power,A Flash Flood Emergency for life-threatening flooding was issued for parts of Hardin and Tyler counties shortly after 5:45 a.m. local time.,https://www.foxweather.com/weather-news/tropical-depression-edouard-soaks-southeast-texas#google_vignette,https://nypost.com/wp-content/uploads/sites/2/2026/09/2026-beaumont-texas-edouard-fifth-139318216.jpg?quality=75&strip=all&w=1200,http://web.archive.org/web/20260905154758/https://www.foxweather.com/weather-news/tropical-depression-edouard-soaks-southeast-texas,"PORT ARTHUR, Texas  Tropical Depression Edouard is swamping Southeast Texas with heavy rain and flash flooding and has left more than 70,000 customers without power as it slowly makes its way inland.… [+5251 chars]",Texas slammed with flash floods as Tropical Depression Edouard leaves over 70K without power. A Flash Flood Emergency for life-threatening flooding was issued for parts of Hardin and Tyler counties shortly after 5:45 a.m. local time.,"Texas wurde von Sturzfluten heimgesucht, da das tropische Tiefdruckgebiet Edouard über 70.000 Einwohner ohne Strom zurücklässt. Für Teile der Landkreise Hardin und Tyler wurde kurz nach 5:45 Uhr Ortszeit ein Sturzflut-Notfall wegen lebensbedrohlicher Überschwemmungen ausgerufen.",Texas mico inundationes impulit ut Tropical Depressione Edouard relinquit super 70K sine potentia. Diluvium Diluvium Subitis pro vita minax inundatio pro partibus Hardin et Tyler comitatuum divulgatum est paulo post 5:45 a.m. locali tempore.
e1fcfbb2846f5ea89454546152c5b041,2026-09-02T17:44:48Z,Tropical Cyclone,Hazard,nypost.com,en,0.9,Warning issued to Californians as hurricane threat approaches: ‘Don’t Underestimate the Storm’,"California may be famous for earthquakes and wildfires, but residents are now being warned to brace for a very different threat — a tropical storm with potential to pack a serious punch. Los Angeles County officials are urging residents not to let Southern Ca…",https://nypost.com/2026/09/02/us-news/what-tropical-storm-marie-means-for-southern-california-weather/,https://nypost.com/wp-content/uploads/sites/2/2026/09/139326787_b87b28.jpg?quality=75&strip=all&w=1200,http://web.archive.org/web/20260904125857/https://nypost.com/2026/09/02/us-news/what-tropical-storm-marie-means-for-southern-california-weather/,"California may be famous for earthquakes and wildfires, but residents are now being warned to brace for a very different threat a tropical storm with potential to pack a serious punch.
Los Angeles C… [+4109 chars]","Warning issued to Californians as hurricane threat approaches: ‘Don’t Underestimate the Storm’. California may be famous for earthquakes and wildfires, but residents are now being warned to brace for a very different threat — a tropical storm with potential to pack a serious punch. Los Angeles County officials are urging residents not to let Southern Ca…","Warnung an die Kalifornier, wenn sich die Hurrikangefahr nähert: „Unterschätzen Sie den Sturm nicht.“ Kalifornien mag zwar für Erdbeben und Waldbrände bekannt sein, aber die Bewohner werden jetzt gewarnt, sich auf eine ganz andere Bedrohung vorzubereiten – einen tropischen Sturm mit dem Potenzial, schwere Schäden zu verursachen. Beamte des Los Angeles County fordern die Bewohner auf, Südkalifornien nicht zuzulassen …","Monitum de denuntiatione ad Californians ut procellae periculum accedat: 'Procellam non negligis'. California clarum esse potest propter terrae motus et incendia, sed incolas nunc admonentur ut longe aliud periculum praebeant - tempestas tropica cum potentia ad ferrum gravius ​​colligendum. Los Angeles officiales Comitatus incolas hortantur ne Ca… Southern dimittant."
b1661ad4483dc9a06775bef6ad225883,2026-09-02T17:47:52Z,Drought,Hazard,www.zeit.de,de,0.9,Wälder in Sachsen-Anhalt: Wenn Asylbewerber die deutsche Seele aufforsten sollen,"Borkenkäfer, Dürren, Extremwetter: Der deutsche Wald ist auch in Sachsen-Anhalt schwer mitgenommen. Die AfD will ihn dringend bewirtschaften – aber vor allem ideologisch.",https://www.zeit.de/feuilleton/2026-09/waelder-sachsen-anhalt-duerre-afd-asylbewerber,https://img.zeit.de/feuilleton/2026-09/waelder-sachsen-anhalt-duerre-afd-asylbewerber-bild/wide__1300x731,,"Ende Juli fährt der Spitzenkandidat der AfD im an Fahrt
gewinnenden Wahlkampf in Sachsen-Anhalt mit der Harzer Schmalspurbahn den
Brocken hoch. Die Stimmung ist gut: Die Sonne knallt, die Hemden si… [+1191 chars]","Forests in Saxony-Anhalt: When asylum seekers should reforest the German soul. Bark beetles, droughts, extreme weather: the German forest is also badly affected in Saxony-Anhalt. The AfD urgently wants to manage it - but above all ideologically.","Wälder in Sachsen-Anhalt: Wenn Asylbewerber die deutsche Seele aufforsten sollen. Borkenkäfer, Dürren, Extremwetter: Der deutsche Wald ist auch in Sachsen-Anhalt schwer mitgenommen. Die AfD will ihn dringend bewirtschaften – aber vor allem ideologisch.","Silvarum in Saxonia-Anhalt: Cum asylum petentibus Germanam reficiat anima. Cortices cantharidas, siccitates, tempestates extremas: silva Germanica etiam male afficitur in Saxonia-Anhalt. AfD instanter vult eum administrare, sed ante omnia adstat."
8c6796511592505c094030d71006dccb,2026-09-02T18:05:13Z,Volcano,Causes,theconversation.com,en,0.3,How underwater ‘booms’ could provide earlier warning of deadly volcanic tsunamis,Underwater sound signals created by 2022’s enormous Hunga eruption have pointed scientists to a new way to warn people of unpredictable volcanic tsunamis.,https://theconversation.com/how-underwater-booms-could-provide-earlier-warning-of-deadly-volcanic-tsunamis-290318,https://images.theconversation.com/files/757377/original/file-20260902-50-cy1c6d.png?ixlib=rb-4.1.1&rect=0%2C44%2C972%2C486&q=45&auto=format&w=1356&h=668&fit=crop,http://web.archive.org/web/20260903034345/https://theconversation.com/how-underwater-booms-could-provide-earlier-warning-of-deadly-volcanic-tsunamis-290318,"NASA Worldview
The massive January 2022 eruption of Hunga volcano in the Kingdom of Tonga took the world by surprise.

It blasted a plume more than 50km into the atmosphere, sent pressure waves arou… [+5853 chars]",How underwater ‘booms’ could provide earlier warning of deadly volcanic tsunamis. Underwater sound signals created by 2022’s enormous Hunga eruption have pointed scientists to a new way to warn people of unpredictable volcanic tsunamis.,"Wie Unterwasser-„Booms“ früher vor tödlichen vulkanischen Tsunamis warnen könnten. Unterwasserschallsignale, die durch den gewaltigen Hunga-Ausbruch im Jahr 2022 erzeugt wurden, haben Wissenschaftlern eine neue Möglichkeit aufgezeigt, Menschen vor unvorhersehbaren vulkanischen Tsunamis zu warnen.",Quomodo aqua summersus 'bomores' antea denuntiationem tsunamis letalis volcanicae providere potuerunt. Signa soni aquae summersorum a 2022 eruptione immane Hunga factas docuerunt phisicis novam viam monendi homines de tsunamis inaestimabilis molaris.
f59b4b74ab36ad1870760a496a2b22ce,2026-09-02T18:49:23Z,Tropical Cyclone,Impacts,abcnews.com,en,0.7,Texas faces life-threatening flash flooding as Edouard slams region with heavy rain,Parts of southeast Texas are facing life-threatening flash flooding on Wednesday as the remnants of Tropical Storm Edouard slam the region with heavy rain.,https://abcnews.com/US/flash-flood-emergency-issued-texas-2-feet-rain/story?id=136140897,https://i.abcnewsfe.com/a/3d5fde26-6281-409f-bfea-5b6ac4ff1c54/Edouard-2-ht-gmh-260902_1788354649684_hpMain_16x9.jpg?w=1600,http://web.archive.org/web/20260902234327/https://abcnews.com/US/flash-flood-emergency-issued-texas-2-feet-rain/story?id=136140897,"Parts of southeast Texas are facing life-threatening flash flooding on Wednesday as the remnants of Tropical Storm Edouard slam the region with heavy rain.
A flash flood emergency was issued in Hard… [+765 chars]",Texas faces life-threatening flash flooding as Edouard slams region with heavy rain. Parts of southeast Texas are facing life-threatening flash flooding on Wednesday as the remnants of Tropical Storm Edouard slam the region with heavy rain.,"Texas ist mit lebensgefährlichen Sturzfluten konfrontiert, da Edouard die Region mit heftigen Regenfällen heimgesucht hat. Teile des Südostens von Texas sind am Mittwoch mit lebensbedrohlichen Sturzfluten konfrontiert, da die Überreste des Tropensturms Edouard die Region mit heftigen Regenfällen überschwemmen.",Texas facies minaces vitae mico inundationem sicut Edouard regionem slams gravibus pluviam. Partes Texas meridionalis ad meridiem spectantes inundationem vitae minaces die Mercurii ut reliquiae Stormiae Edouard regionem pluviae gravi concusserunt.
346f893687b8469c3d7b245856e5c82b,2026-09-02T19:21:56Z,Tropical Cyclone,Hazard,www.kpbs.org,en,0.9,Forecasters eye Marie as hurricane threatens Labor Day holiday weather,,https://www.kpbs.org/news/environment/2026/09/02/forecasters-eye-marie-as-hurricane-threatens-labor-day-holiday-weather,https://cdn.kpbs.org/dims4/default/8b88c4a/2147483647/strip/true/crop/1000x525+0+75/resize/1200x630!/quality/90/?url=http%3A%2F%2Fkpbs-brightspot.s3.us-west-2.amazonaws.com%2F78%2F69%2F3672611d4d678e8abc93416a3e6b%2Fimage-11.jpg,,"Tropical Storm Marie is expected to strengthen into a hurricane Wednesday as it moves northwest off the Mexican coast, but forecasters said the chances of the storm directly striking Southern Califor… [+2245 chars]",Forecasters eye Marie as hurricane threatens Labor Day holiday weather. nan,"Prognostiker haben Marie im Auge, da ein Hurrikan das Feiertagswetter am Labor Day bedroht. Nan",Vatem oculi Mariae ut procellae minatur Diei Laboris feriae tempestatis. nan
562cd53746059e65dd8ee95a37ddb57c,2026-09-02T19:25:03Z,Flood,Impacts,timesofindia.indiatimes.com,en,0.9,"Blocked natural drains behind flooding in city, says Rao Inderjit","Rao Inderjit Singh says blocked natural drains and johads caused Gurgaon waterlogging; seeks satellite mapping, action on encroachments, and recharge measures.",https://timesofindia.indiatimes.com/city/gurgaon/blocked-natural-drains-behind-flooding-in-city-says-rao-inderjit/articleshow/133719428.cms,"https://static.toiimg.com/thumb/msid-133719405,width-1280,height-720,resizemode-6,overlay-toi_sw,pt-32,y_pad-600/photo.jpg",,"Follow Us On Social Media
36-day block at Chandigarh Railway Station; 12 trains cancelled, several shifted to Ambala, Mohali16-year-old killed in bike-car collision at Gogol150 govt schools in Himac… [+1084 chars]","Blocked natural drains behind flooding in city, says Rao Inderjit. Rao Inderjit Singh says blocked natural drains and johads caused Gurgaon waterlogging; seeks satellite mapping, action on encroachments, and recharge measures.","Verstopfte natürliche Abflüsse hinter Überschwemmungen in der Stadt, sagt Rao Inderjit. Rao Inderjit Singh sagt, verstopfte natürliche Abflüsse und Johads hätten zu Staunässe in Gurgaon geführt; strebt Satellitenkartierung, Maßnahmen gegen Eingriffe und Auflademaßnahmen an.","Obstructus naturalis urbis inundationem post cloacarum, dicit Rao Inderjit. Rao Inderjit Singh dicit clausus naturalis cloacarum et johads Gurgaon waterlogging causavit; quaerit satellitem destinata, actio in obeunda, et recharge mensuras."
41cb304bbea130b07b67eec80d1c3986,2026-09-02T19:48:46Z,Volcano,Impacts,www.smithsonianmag.com,en,0.3,These 20 Breathtaking Bird Images From the Audubon Photography Awards Capture the Wonder of the Winged World,"The winners of the 17th annual contest reveal the beauty of birds, the splendor of their migratory journeys and the risks they face",https://www.smithsonianmag.com/smart-news/these-20-breathtaking-bird-images-from-the-audubon-photography-awards-capture-the-wonder-of-the-winged-world-180989436/,https://th-thumbnailer.cdn-si-edu.com/KXbkogWqSf0f4iT2bEFaszeoZNw=/fit-in/1600x0/filters:focal(3008x2020:3009x2021)/https://tf-cmsv2-smithsonianmag-media.s3.amazonaws.com/filer_public/0b/41/0b41ec61-4273-4ef2-99b1-29a1cb91e9a3/aves_sin_fronteras_01_winner_aud_apa-la-2026_black-browed-alba-084504f33f946a37c701ef10cf21da27.jpg,http://web.archive.org/web/20260904162250/https://www.smithsonianmag.com/smart-news/these-20-breathtaking-bird-images-from-the-audubon-photography-awards-capture-the-wonder-of-the-winged-world-180989436/,"The annual contest highlights not only birds but their behaviors, habitats and threats.
 Rodrigo González Pairoa / Audubon Photography Awards
From a seabird flying above an erupting volcano to a wo… [+9007 chars]","These 20 Breathtaking Bird Images From the Audubon Photography Awards Capture the Wonder of the Winged World. The winners of the 17th annual contest reveal the beauty of birds, the splendor of their migratory journeys and the risks they face","Diese 20 atemberaubenden Vogelbilder von den Audubon Photography Awards fangen das Wunder der geflügelten Welt ein. Die Gewinner des 17. jährlichen Wettbewerbs enthüllen die Schönheit der Vögel, die Pracht ihrer Zugreisen und die Risiken, denen sie ausgesetzt sind","Hae 20 Imagines Avis Breathtaking Ex Audubon Photography Awards Capere Miraculum Mundi alati. Saeculi XVII certaminis victores avium pulchritudinem, migrantium itinerum splendorem ac periculorum ostendunt."
ee1a009066c61ef0a983258b17a30785,2026-09-02T20:15:00Z,Heat Wave,Hazard,www.scientificamerican.com,en,0.3,U.N. admits exceeding Paris Agreement’s 1.5-degree-C warming target is “unavoidable”,"The world is set to blow past the Paris Agreement’s longtime threshold “within the next few years,” according to a new report",https://www.scientificamerican.com/article/un-admits-exceeding-paris-agreements-1-5-degrees-c-warming-target-is-unavoidable/,https://static.scientificamerican.com/dam/m/480bc562178e5895/original/GettyImages-1421489689.jpg?m=1788381620.899&w=1200,http://web.archive.org/web/20260902231453/https://www.scientificamerican.com/article/un-admits-exceeding-paris-agreements-1-5-degrees-c-warming-target-is-unavoidable/,"The world is on track to exceed the Paris Agreement target of no more than 1.5 degrees Celsius (2.7 degrees Fahrenheit) of warming above preindustrial temperatures within the next few years, the Unit… [+2212 chars]","U.N. admits exceeding Paris Agreement’s 1.5-degree-C warming target is “unavoidable”. The world is set to blow past the Paris Agreement’s longtime threshold “within the next few years,” according to a new report","Die Vereinten Nationen geben zu, dass die Überschreitung des 1,5-Grad-Erwärmungsziels des Pariser Abkommens „unvermeidbar“ ist. Einem neuen Bericht zufolge wird die Welt „in den nächsten Jahren“ die langjährige Schwelle des Pariser Abkommens überschreiten","U.N. confitetur 1.5-gradus-C scopus calefactionis valde Parisiensis consensus est ""evitabile"". Mundus positus est ut praeteritum Paris foederis limen longi temporis ""intra paucos annos"" succendat, iuxta novam relationem."
b579e9f5d715ff5fb38acb31d35ab557,2026-09-02T22:39:13Z,Flood,Impacts,www.breitbart.com,en,0.9,Missing Tourists Make Contact as Hopes Dim for Nepal Flood Survivors,"Officials in Nepal said on Wednesday that several tourists missing since devastating floods struck the Tibetan border region last week have made contact with rescue workers.
The post Missing Tourists Make Contact as Hopes Dim for Nepal Flood Survivors appeare…",https://www.breitbart.com/asia/2026/09/02/missing-tourists-make-contact-as-hopes-dim-for-nepal-flood-survivors/,https://media.breitbart.com/media/2026/09/GettyImages2292581256-640x335.jpg,http://web.archive.org/web/20260903002503/https://www.breitbart.com/asia/2026/09/02/missing-tourists-make-contact-as-hopes-dim-for-nepal-flood-survivors/,"Officials in Nepal said on Wednesday that several tourists missing since devastating floods struck the Tibetan border region last week have made contact with rescue workers. 
Meanwhile, local famili… [+4020 chars]","Missing Tourists Make Contact as Hopes Dim for Nepal Flood Survivors. Officials in Nepal said on Wednesday that several tourists missing since devastating floods struck the Tibetan border region last week have made contact with rescue workers.
The post Missing Tourists Make Contact as Hopes Dim for Nepal Flood Survivors appeare…","Vermisste Touristen nehmen Kontakt auf, da die Hoffnungen für Überlebende der Überschwemmung in Nepal schwinden. Beamte in Nepal sagten am Mittwoch, dass mehrere Touristen, die seit den verheerenden Überschwemmungen in der tibetischen Grenzregion letzte Woche vermisst wurden, Kontakt zu Rettungskräften aufgenommen hätten.
Der Beitrag Vermisste Touristen nehmen Kontakt auf, da die Hoffnungen für Überlebende der Überschwemmung in Nepal schwinden …","Absentis Peregrinatores Contact sicut spes Dim pro Nepal Diluvium superstites. Magistratus in Nepal die Mercurii plures peregrinatores absentes dixerunt ex eo quod inundationes vastantes fines regionis Tibetani percusserunt proxima septimana contactus cum adiutoribus liberandis fecerunt.
Post Absentis Peregrinatores Contact sicut spes Dim pro Nepal Diluvium reliquiae apparent ..."
28b7a04774d3bf2d5c193c7fa9561386,2026-09-02T23:37:12Z,Flood,Hazard,punchng.com,en,0.9,"Nepal flood: Death toll hits 1,222, 4,875 missing","The death toll from devastating Nepal floods has reached 1,222, with 4,875 people still missing. Rescuers continue search operations a week after the disas

Read More: https://punchng.com/nepal-flood-death-toll-hits-1222-4875-missing/",https://punchng.com/nepal-flood-death-toll-hits-1222-4875-missing/,https://cdn.punchng.com/wp-content/uploads/2026/08/26143028/nepal2_1787751028.webp,http://web.archive.org/web/20260904130814/https://punchng.com/nepal-flood-death-toll-hits-1222-4875-missing/,"The death toll from last weeks devastating flash floods in Nepal has risen to 1,222, with 4,875 people still missing as rescuers continue to search through debris and isolated communities a week afte… [+2600 chars]","Nepal flood: Death toll hits 1,222, 4,875 missing. The death toll from devastating Nepal floods has reached 1,222, with 4,875 people still missing. Rescuers continue search operations a week after the disas

Read More: https://punchng.com/nepal-flood-death-toll-hits-1222-4875-missing/","Überschwemmung in Nepal: Zahl der Todesopfer beläuft sich auf 1.222, 4.875 werden vermisst. Die Zahl der Todesopfer durch die verheerenden Überschwemmungen in Nepal hat 1.222 erreicht, 4.875 Menschen werden noch vermisst. Retter setzen ihre Suchaktionen eine Woche nach der Katastrophe fort

Weiterlesen: https://punchng.com/nepal-flood-death-toll-hits-1222-4875-missing/","Nepal diluvium: Mors toll 1,222 pervenit, 4,875 defuit. Mortuus vectigal de populatione Nepal inundationes 1,222 pervenit, cum 4,875 hominibus adhuc defuit. Rescuers investigare operationes pergere post disas hebdomadam

Lege More: https://punchng.com/nepal-flood-death-toll-hits-1222-4875-missing/"
1c06395b324550e0b884e407e4d3fe16,2026-09-02T23:56:06Z,Flood,Hazard,www.cbc.ca,en,0.9,"Canadian missing after Nepal flooding found safe, Anand says",Foreign Affairs Minister Anita Anand says one of the 30 Canadian citizens and permanent residents missing after catastrophic flooding in Nepal's border region with China has been found safe.,https://www.cbc.ca/news/world/canadian-found-safe-nepal-9.7330358,"https://i.cbc.ca/ais/7f45a179-e9f2-4389-b801-c36caba689c3,1788392557285/full/max/0/default.jpg?im=Crop%2Crect%3D%280%2C0%2C5500%2C3093%29%3BResize%3D620",http://web.archive.org/web/20260903041032/https://www.cbc.ca/news/world/canadian-found-safe-nepal-9.7330358,"Foreign Affairs Minister Anita Anand says one of the 30 Canadian citizens and permanent residents missing after catastrophic flooding in Nepal's border region with China has been found safe.
She say… [+854 chars]","Canadian missing after Nepal flooding found safe, Anand says. Foreign Affairs Minister Anita Anand says one of the 30 Canadian citizens and permanent residents missing after catastrophic flooding in Nepal's border region with China has been found safe.","Kanadier wird vermisst, nachdem die Überschwemmung in Nepal in Sicherheit gebracht wurde, sagt Anand. Außenministerin Anita Anand sagte, einer der 30 kanadischen Staatsbürger und ständigen Einwohner, die nach der katastrophalen Überschwemmung in Nepals Grenzregion zu China vermisst wurden, sei in Sicherheit gefunden worden.","Canadian absentis postquam Nepal inundationem tuta inventa est, Anand dicit. Negotiis exteris Minister Anita Anand dicit unum ex 30 Canadian civibus et incolas permanentes absentis post calamitatem inundationem in confinio Nepalorum regionis cum Sinarum inventam esse."
f47fa7161a783e2f4a17fdb5b69278e7,2026-09-03T00:00:00Z,Flood,Mitigation,www.jw.org,en,0.7,"NEWS RELEASES | Officials Recognize Witnesses’ Relief Efforts Following 2024 Flooding in Valencia, Spain",,https://www.jw.org/en/news/region/spain/Officials-Recognize-Witnesses-Relief-Efforts-Following-2024-Flooding-in-Valencia-Spain/,https://cms-imgp.jw-cdn.org/img/p/702026159/univ/art/702026159_univ_lsr_lg.jpg,,"On July 24, 2026, Jehovahs Witnesses in Spain received official recognition from the regional government of Valencia for their relief efforts following catastrophic flooding that struck the region. I… [+1826 chars]","NEWS RELEASES | Officials Recognize Witnesses’ Relief Efforts Following 2024 Flooding in Valencia, Spain. ","Pressemitteilungen | Beamte würdigen die Hilfsmaßnahmen von Zeugen nach der Überschwemmung im Jahr 2024 in Valencia, Spanien.","NEWS RELEASES | Magistratus Recognoscant Testimenta Relevamen Conatus Post 2024 Inundationem in Valentia, Hispania."
c388e3d690a118b78d713e70028815a3,2026-09-03T00:04:00Z,Flood,Hazard,www.snopes.com,en,0.9,Did Trump divert first responders to DC beautification projects before Grand Canyon flash flood?,"The National Park Service announced two deaths, one missing person and about 80 rescues after the August 2026 flooding in the popular national park.",https://www.snopes.com//news/2026/09/02/trump-grand-canyon-flood-first-responders/,https://mediaproxy.snopes.com/width/1200/https://media.snopes.com/2026/09/el_tovar_photo_nps.jpg,http://web.archive.org/web/20260904025036/https://www.snopes.com/news/2026/09/02/trump-grand-canyon-flood-first-responders/,"<ul><li>The claim that U.S. President Donald Trump diverted 300 first responders to work on his Washington, D.C., beautification projects, thus making those workers unavailable for immediate rescue e… [+7869 chars]","Did Trump divert first responders to DC beautification projects before Grand Canyon flash flood?. The National Park Service announced two deaths, one missing person and about 80 rescues after the August 2026 flooding in the popular national park.","Hat Trump vor der Sturzflut im Grand Canyon Ersthelfer zu Verschönerungsprojekten in Washington umgeleitet? Der National Park Service meldete zwei Todesfälle, eine vermisste Person und etwa 80 Rettungen nach der Überschwemmung im August 2026 im beliebten Nationalpark.","Nonne BUCINUM primos respondentes ad DC inceptis pulchritudinis inceptis ante Grand Canyon mico diluvio avertunt? In National Park Service duas mortes denuntiavit, una persona absentis et circiter LXXX servatorum post August 2026 inundationem in hortis publicis popularibus."
9ca18a947f7b807f6adeb48daf71b7d7,2026-09-03T03:29:02Z,Heat Wave,Hazard,www.lifesciencesworld.com,en,0.3,What to do if a baby bird is cold?,"What to do if a baby bird is cold? If you find a cold baby bird, your priority is to warm it up quickly but gently. This usually involves providing external warmth using a heat source like a heating pad or warm water bottle wrapped in soft cloth, while simult…",https://www.lifesciencesworld.com/what-to-do-if-a-baby-bird-is-cold/,,,"What to do if a baby bird is cold?
If you find a cold baby bird, your priority is to warm it up quickly but gently. This usually involves providing external warmth using a heat source like a heating… [+10073 chars]","What to do if a baby bird is cold?. What to do if a baby bird is cold? If you find a cold baby bird, your priority is to warm it up quickly but gently. This usually involves providing external warmth using a heat source like a heating pad or warm water bottle wrapped in soft cloth, while simult…","Was tun, wenn einem Vogelbaby kalt ist? Was tun, wenn einem Vogelbaby kalt ist? Wenn Sie ein kaltes Vogelbaby finden, besteht Ihre Priorität darin, es schnell, aber sanft aufzuwärmen. Dabei handelt es sich in der Regel um die Bereitstellung von Wärme von außen mithilfe einer Wärmequelle wie einem Heizkissen oder einer Wärmflasche, die in ein weiches Tuch gewickelt ist, während gleichzeitig…","Quid facere, si avis infans frigida est?. Quid facerem si avis infans frigida sit? Si avem infantem frigidum inveneris, prioritas tua cito sed leniter calefaciat. Hoc fere implicat calorem externum utendo fonte calido utentem foveam aut utrem aquae calidae mollibus pannis involutum, dum simult…"
7d2d9d630ffa168439b6dbd17e772fc6,2026-09-03T03:31:44Z,Landslide,Hazard,www.yahoo.com,en,0.9,"Exclusive-Nepal to rebuild early-warning system on China border after deadly flood, sources say","By Sarita Chaganti Singh Sept 2 (Reuters) - Nepal plans to rebuild an early-warning system for landslides on part of its border with China, installing seismi...",https://www.yahoo.com/news/world/articles/exclusive-nepal-rebuild-early-warning-133616693.html,https://s.yimg.com/lo/mysterio/api/051a660ddab3c95063777197987ee12b16e8a78388ef494f92448952a0af3f5d/lightyear_networkapi/resizefill_w800_h612%3Bquality_80%3Bformat_jpg/https%3A%2F%2Fmedia.zenfs.com%2Fen%2Freuters.com%2F27ff91154d960705bcbcf2266b59ccd5.jpg,,"By Sarita Chaganti Singh
Sept 2 (Reuters) - Nepal plans to rebuild an early-warning system for landslides on part of its border with China, installing seismic sensors, cameras and a satellite link, … [+3556 chars]","Exclusive-Nepal to rebuild early-warning system on China border after deadly flood, sources say. By Sarita Chaganti Singh Sept 2 (Reuters) - Nepal plans to rebuild an early-warning system for landslides on part of its border with China, installing seismi...","Exclusive-Nepal baut nach tödlicher Überschwemmung Frühwarnsystem an der Grenze zu China wieder auf, sagen Quellen. Von Sarita Chaganti Singh, 2. September (Reuters) – Nepal plant den Wiederaufbau eines Frühwarnsystems für Erdrutsche an einem Teil seiner Grenze zu China und die Installation von seismischen Sensoren …","Exclusive-Nepalensis systema in Sinis confinium post diluvium mortiferum inundationem reficere praemonitionem primorum, fontes dicunt. Per Sarita Chaganti Singh Sept 2 (Reuters) - Consilia Nepalia ad systema praemonitum mature reficere pro proruit parte termini cum Sinis, installando seismos."
9359d9a02873943a2f9f01bf1df2dcd2,2026-09-03T04:58:27Z,Storm,Hazard,kyweathercenter.com,en,0.9,Strong Storms to Join the September Sizzle,Good Thursday to one and all. It’s another scorcher of a weather day with today likely being the hottest day of the week. This is ahead of the increasing potential for a few storms to impact the state as we head into the start of that Labor Day Weekend. Some …,https://kyweathercenter.com/?p=78661,,,Good Thursday to one and all. It’s another scorcher of a weather day with today likely being the hottest day of the week. This is ahead of the increasing potential for a few storms to impact the stat… [+1765 chars],Strong Storms to Join the September Sizzle. Good Thursday to one and all. It’s another scorcher of a weather day with today likely being the hottest day of the week. This is ahead of the increasing potential for a few storms to impact the state as we head into the start of that Labor Day Weekend. Some …,"Starke Stürme schließen sich dem Brutzeln im September an. Schönen Donnerstag euch allen. Es ist ein weiterer heißer Tag, da heute wahrscheinlich der heißeste Tag der Woche ist. Dies geschieht vor dem zunehmenden Potenzial einiger Stürme, die den Staat treffen, wenn wir uns dem Beginn des Labor-Day-Wochenendes nähern. Manche …",Tempestates validae ad Septembrem Sizzle coniunge. Feria Quinta in Parasceve ad unum et omnia. Alius dies tempestatis ustor est cum hodierno die hebdomadis calidissimus futurus est. Haec antecedit potentia augescens propter paucas tempestates ad statum rei publicae impulsum dum caput in initium laboris diei illius Volutpat. Aliquam …
90ba992a7fa51c1e687f10ed16ba09b2,2026-09-03T05:01:00Z,Storm,Causes,www.aljazeera.com,en,0.9,"Powerful storm hits Canada’s Toronto, cutting power to tens of thousands",Thunderstorm also causes severe flooding and forces flight cancellations at Pearson airport.,https://www.aljazeera.com/news/2026/9/3/powerful-storm-hits-canadas-toronto-cutting-power-to-tens-of-thousands,https://www.aljazeera.com/wp-content/uploads/2026/09/CP176847361-1-1788402318.jpg?resize=1920%2C1440,http://web.archive.org/web/20260904031108/https://www.aljazeera.com/news/2026/9/3/powerful-storm-hits-canadas-toronto-cutting-power-to-tens-of-thousands,"A powerful thunderstorm has hit Canadas largest city, Toronto, damaging buildings, closing roads and cutting power to tens of thousands of residents.
The storm on Wednesday brought torrential rain, … [+1449 chars]","Powerful storm hits Canada’s Toronto, cutting power to tens of thousands. Thunderstorm also causes severe flooding and forces flight cancellations at Pearson airport.",Ein heftiger Sturm trifft das kanadische Toronto und führt zu einem Stromausfall für Zehntausende Menschen. Gewitter verursachen auch schwere Überschwemmungen und erzwingen Flugausfälle am Flughafen Pearson.,"Validissima tempestas Toronto Canadae pervenit, potestatem decem milia secans. Procellae etiam graves inundationes et copias fugae cancellations apud Pearson aeroportus causat."
810c948dd6e3859c315ec33898a8fda7,2026-09-03T05:14:10Z,Thunderstorm,Hazard,www.n-tv.de,de,0.9,Teure Gewitter : Diese Versicherungen bieten den besten Schutz vor Blitz- und Überspannungsschäden,"Rechnerisch alle drei Minuten registrieren Deutschlands Versicherer einen Blitz- oder Überspannungsschaden. Doch längst nicht jede Police zahlt in vollem Umfang. Franke und Bornberg zeigt, welche Hausrat- und Wohngebäudetarife am besten leisten.",https://www.n-tv.de/ratgeber/Diese-Versicherungen-bieten-den-besten-Schutz-vor-Blitz-und-Ueberspannungsschaeden-id31239182.html,https://www.n-tv.de/img/3433782/1499932957/Img_16_9/1200/image.jpg,,"Krachbumm, da schlägt der Blitz ein. Mit intaktem Blitzschutz droht während eines Gewitters zumindest unter der Dusche keine Gefahr. 
Rechnerisch alle drei Minuten registrieren Deutschlands Versiche… [+7978 chars]",Expensive thunderstorms: These insurance policies offer the best protection against lightning and surge damage. Germany's insurers record lightning or surge damage every three minutes. But not every policy pays in full. Franke and Bornberg shows which household contents and residential building tariffs perform best.,"Teure Gewitter : Diese Versicherungen bieten den besten Schutz vor Blitz- und Überspannungsschäden. Rechnerisch alle drei Minuten registrieren Deutschlands Versicherer einen Blitz- oder Überspannungsschaden. Doch längst nicht jede Police zahlt in vollem Umfang. Franke und Bornberg zeigt, welche Hausrat- und Wohngebäudetarife am besten leisten.",Tonitruum pretiosa: hae initis initis optimam tutelam contra fulgurum et aestus damnum offerunt. Germaniae insurers notant fulgura vel aestus damnum singulis tribus momentis. Sed non omne consilium persolvit. Franke et Bornberg ostendit quae domestici contenta et loca residentialia portoriis optime praestant.
fc25d4c93360aee1000c1e1c0f95ff17,2026-09-03T05:20:38Z,Tsunami,Hazard,www.faz.net,de,0.9,„Silver Tsunami“: Was die Boomer-Rente für die Preise auf dem Immobilienmarkt bedeutet,"Viele fürchten die Auswirkungen davon, dass die geburtenstarken Jahrgänge in den Ruhestand gehen und ihre Häuser verlassen. Wie man den Effekt abfedern oder sogar in eine Wohnutopie verwandeln könnte.",https://www.faz.net/aktuell/feuilleton/debatten/immobilienmarkt-was-die-boomer-rente-fuer-die-preise-bedeutet-accg-201182390.html,https://media0.faz.net/image/w1200h627/c0d603dff5d6/w6144h3210x0y443o/202607/43601.0.2284476342/jeder-der-boomer-jahrgaenge.webp,http://web.archive.org/web/20260904062440/https://www.faz.net/aktuell/feuilleton/debatten/immobilienmarkt-was-die-boomer-rente-fuer-die-preise-bedeutet-accg-201182390.html,"Ein Tsunami ist keine gute Sache. Tsunamis bauen sich weit draußen auf dem Meer auf, und wenn die Frühwarnsysteme versagen, schlagen sie mit brutaler Wucht auf die Küste und zerstören dort alles. Man… [+179 chars]",“Silver Tsunami”: What the boomer pension means for prices on the real estate market. Many fear the impact of baby boomers retiring and leaving their homes. How the effect could be cushioned or even transformed into a living utopia.,"„Silver Tsunami“: Was die Boomer-Rente für die Preise auf dem Immobilienmarkt bedeutet. Viele fürchten die Auswirkungen davon, dass die geburtenstarken Jahrgänge in den Ruhestand gehen und ihre Häuser verlassen. Wie man den Effekt abfedern oder sogar in eine Wohnutopie verwandeln könnte.","""Argentum Tsunami"": Quid significat pensio boomer pro pretiis in mercatu reali. Multi infantem boomers ictum timent cedentem et domos suas relinquentes. Quomodo effectus pulvinari vel etiam transmutari in utopia viva potest."
735d2e6a2d4c3ccfba048306b62dcd0a,2026-09-03T05:39:10Z,Thunderstorm,Causes,www.n-tv.de,de,0.9,Rot-Rot-Grün möglich: Umfrage sieht SPD in Mecklenburg-Vorpommern nur knapp hinter AfD,"Eine kürzlich veröffentlichte Forsa-Umfrage zur Landtagswahl in Mecklenburg-Vorpommern sieht die SPD zwar im Aufwind, aber immer noch neun Prozent hinter der AfD. Nun veröffentlicht ein weiteres Institut seine Ergebnisse - und da ist der Abstand deutlich geri…",https://www.n-tv.de/politik/Umfrage-sieht-SPD-in-Mecklenburg-Vorpommern-nur-knapp-hinter-AfD-id31263953.html,https://www.n-tv.de/img/31263964/1788417588/Img_16_9/1200/616379863.jpg,,"Für Manuela Schwesig hängt neben dem eigenen Ergebnis wohl auch viel von den Grünen ab. Denn die haben mit der 5-Prozent-Hürde zu kämpfen. (Foto: picture alliance/dpa)
Eine kürzlich veröffentlichte … [+2349 chars]","Red-red-green possible: survey sees SPD in Mecklenburg-Western Pomerania only slightly behind AfD. A recently published Forsa survey on the state elections in Mecklenburg-Western Pomerania sees the SPD on the rise, but still nine percent behind the AfD. Now another institute is publishing its results - and the gap has narrowed significantly...","Rot-Rot-Grün möglich: Umfrage sieht SPD in Mecklenburg-Vorpommern nur knapp hinter AfD. Eine kürzlich veröffentlichte Forsa-Umfrage zur Landtagswahl in Mecklenburg-Vorpommern sieht die SPD zwar im Aufwind, aber immer noch neun Prozent hinter der AfD. Nun veröffentlicht ein weiteres Institut seine Ergebnisse - und da ist der Abstand deutlich geri…","Rubeo-viridis fieri potest: circumspectis videt SPD in Mecklenburg-Pomerania occidentali tantum paulo post AfD. Nuper editum Forsa Bononia comitia publica Mecklenburg-Western in Pomerania SPD in ortum videt, sed adhuc novem centesimis post AfD. Nunc aliud institutum est eius eventus evulgandi - et hiatus insigniter coarctatus est."
15a275a6124fb36f7f0dc83643e5bd64,2026-09-03T05:55:51Z,Storm,Hazard,www.lifesciencesworld.com,en,0.9,Can sharks survive a tornado?,"Can Sharks Survive a Tornado? The Unlikely Phenomenon of Aquatic Ascent Can sharks survive a tornado? The answer, while highly improbable, is a nuanced maybe. While the direct impact of a tornado isn’t likely fatal, the subsequent environmental challenges and…",https://www.lifesciencesworld.com/can-sharks-survive-a-tornado/,,,"Can Sharks Survive a Tornado? The Unlikely Phenomenon of Aquatic Ascent
Can sharks survive a tornado? The answer, while highly improbable, is a nuanced maybe. While the direct impact of a tornado is… [+7382 chars]","Can sharks survive a tornado?. Can Sharks Survive a Tornado? The Unlikely Phenomenon of Aquatic Ascent Can sharks survive a tornado? The answer, while highly improbable, is a nuanced maybe. While the direct impact of a tornado isn’t likely fatal, the subsequent environmental challenges and…","Können Haie einen Tornado überleben? Können Haie einen Tornado überleben? Das unwahrscheinliche Phänomen des Wasseraufstiegs Können Haie einen Tornado überleben? Die Antwort ist zwar höchst unwahrscheinlich, aber vielleicht nuanciert. Während die direkten Auswirkungen eines Tornados wahrscheinlich nicht tödlich sind, sind die daraus resultierenden Umweltherausforderungen und…","Potest squali superesse turbo?. Potest sharks superesse turbinis? Incredibile phaenomenon aquatici ascensionis Can squali turbine superesse? Responsio, dum improbabilis est, fortasse nuanced est. Dum directus impetus turbinis verisimile non est exitiale, subsequentes provocationes environmental et…"
6b3be1314aba4d2eb92a89482e1b326e,2026-09-03T06:00:47Z,Storm,Hazard,smallwarsjournal.com,en,0.7,The Gathering AI Storm and Challenge to Stability,"Introduction Representative governments in the United States and elsewhere need to prevent, contain, and respond to future AI-enabled cyberattacks and more broadly address a range of developing AI challenges. Legislation and policy are needed to strengthen ci…",https://smallwarsjournal.com/2026/09/03/the-gathering-ai-storm/,https://smallwarsjournal.com/wp-content/uploads/2026/08/ChatGPT-Image-Jul-31-2026-11_18_16-PM-1400x933.png,,"Introduction
Representative governments in the United States and elsewhere need to prevent, contain, and respond to future AI-enabled cyberattacks and more broadly address a range of developing AI c… [+15048 chars]","The Gathering AI Storm and Challenge to Stability. Introduction Representative governments in the United States and elsewhere need to prevent, contain, and respond to future AI-enabled cyberattacks and more broadly address a range of developing AI challenges. Legislation and policy are needed to strengthen ci…","Der aufkommende KI-Sturm und die Herausforderung für die Stabilität. Einleitung Repräsentative Regierungen in den Vereinigten Staaten und anderswo müssen zukünftige KI-gestützte Cyberangriffe verhindern, eindämmen und darauf reagieren und sich allgemeiner mit einer Reihe sich entwickelnder KI-Herausforderungen befassen. Um die Bürger zu stärken, sind Gesetze und Richtlinien erforderlich.","Congregatio AI Storm et Stabilitatem provocare. Introductio Repraesentativae gubernationes in Civitatibus Foederatis Americae et alibi necesse est impedire, continere, et respondere ad cyberatationes AI-enables futuras et latius compellare range provocationes AI evolutionis. Legislatio et consilium ad ci confirmandum opus sunt."
bce37fe299e8f133857441aff1ead5f1,2026-09-03T06:31:28Z,Storm,Hazard,www.livemint.com,en,0.9,HDFC Bank may lead private lenders into a perfect succession storm,"Private banks have had longer CEO runways in the past, but experts say they have failed to build enough leaders ready to take the top job as a shallow leadership pool is making succession harder.",https://www.livemint.com/industry/banking/hdfc-bank-ceo-succession-private-bank-leadership-crisis-11788410158975.html,https://www.livemint.com/lm-img/img/2026/09/03/1600x900/logo/cd_1788416262732_fbcb7056-5084-4b1a-addb-241b08de9255_1788416262984_4178e9a3-62ca-43f1-be7d-cdcb364f076f_7a927ccc-1786-4660-b13c-4916591910b2_9a10b7fe-80c7-4591-b722-e0573f1c0124.jpeg,,"What they have left behind is a private banking landscape marked by high key-person risk, a shallow pool of all-round banking leaders and reliance on familiar candidates. Banks are just underprepared… [+5156 chars]","HDFC Bank may lead private lenders into a perfect succession storm. Private banks have had longer CEO runways in the past, but experts say they have failed to build enough leaders ready to take the top job as a shallow leadership pool is making succession harder.","Die HDFC Bank könnte private Kreditgeber in einen perfekten Nachfolgesturm führen. Privatbanken hatten in der Vergangenheit längere Laufbahnen für CEOs, aber Experten sagen, dass es ihnen nicht gelungen ist, genügend Führungskräfte aufzubauen, die bereit sind, den Spitzenposten zu übernehmen, da ein oberflächlicher Führungspool die Nachfolge schwieriger macht.","HDFC Bank creditores privatos in tempestatem perfectam successionem ducere potest. Ripae privatae cuni iam antea CEO longiores habuissent, periti autem dicunt se parum aedificaturos duces paratos ad summum officium suscipiendum sicut piscinae ductoris leviores successionem duriorem facientem."
6d4df94f5389e73acf85af5d9adeb26e,2026-09-03T07:11:08Z,Drought,Causes,www.indiancatholicmatters.org,en,0.3,When Swords Become Ploughshares: The Ecology of Peace,"The 2026 message of Pope Leo XIV for the World Day of Prayer for the Care of Creation arrives at a revealing moment. Its central
The post When Swords Become Ploughshares: The Ecology of Peace appeared first on Indian Catholic Matters.",https://www.indiancatholicmatters.org/when-swords-become-ploughshares-the-ecology-of-peace/,https://www.indiancatholicmatters.org/wp-content/uploads/2019/01/Ecology.jpg,,"Fr. Dr. John Singarayar SVD
The 2026 message of Pope Leo XIV for the World Day of Prayer for the Care of Creation arrives at a revealing moment. Its central image is ancient but urgent: They shall b… [+7971 chars]","When Swords Become Ploughshares: The Ecology of Peace. The 2026 message of Pope Leo XIV for the World Day of Prayer for the Care of Creation arrives at a revealing moment. Its central
The post When Swords Become Ploughshares: The Ecology of Peace appeared first on Indian Catholic Matters.","Wenn Schwerter zu Pflugscharen werden: Die Ökologie des Friedens. Die Botschaft von Papst Leo XIV. zum Weltgebetstag für die Bewahrung der Schöpfung im Jahr 2026 kommt zu einem aufschlussreichen Zeitpunkt. Es ist zentral
Der Beitrag „Wenn Schwerter zu Pflugscharen werden: Die Ökologie des Friedens“ erschien zuerst auf Indian Catholic Matters.","Cum gladii vomeres: Oeconomia pacis. 2026 Summi Pontificis Leonis XIV momentum ad Orationis diem pro Cura creationis Mundi perveniat. Eius centralis
Postes Cum gladii vomeres facti sunt: Oeconomia pacis primum apparuit in rebus Indicis Catholicis."
6aa3ba8a02b90a8b9992d19d33912bbe,2026-09-03T07:15:40Z,Flood,Hazard,economictimes.indiatimes.com,en,0.9,"Tragedy to business: Economy blooms in flood-hit Nepal, but locals are left in the mud",Devastating flash floods have created a booming disaster economy in Nepal.  International journalists and aid workers have overwhelmed local infrastructure and services.  Hotels and guesthouses are charging premium rates for basic shelter and accommodation.  …,https://economictimes.indiatimes.com/news/international/world-news/tragedy-to-business-economy-blooms-in-flood-hit-nepal-but-locals-are-left-in-the-mud/articleshow/133728082.cms,"https://img.etimg.com/thumb/msid-133728811,width-1200,height-630,imgsize-150274,overlay-economictimes/articleshow.jpg",http://web.archive.org/web/20260904070202/https://economictimes.indiatimes.com/news/international/world-news/tragedy-to-business-economy-blooms-in-flood-hit-nepal-but-locals-are-left-in-the-mud/articleshow/133728082.cms,"Following devastating flash floods along the Bhote Koshi-Trishuli corridor on August 26, a booming disaster-linked economy has emerged across Trishuli Bazaar, Bidur, and Dhunche. A sudden influx of i… [+2633 chars]","Tragedy to business: Economy blooms in flood-hit Nepal, but locals are left in the mud. Devastating flash floods have created a booming disaster economy in Nepal.  International journalists and aid workers have overwhelmed local infrastructure and services.  Hotels and guesthouses are charging premium rates for basic shelter and accommodation.  …","Tragödie für die Wirtschaft: Die Wirtschaft boomt im von Überschwemmungen heimgesuchten Nepal, doch die Einheimischen bleiben im Schlamm zurück. Verheerende Sturzfluten haben in Nepal zu einer boomenden Katastrophenwirtschaft geführt.  Internationale Journalisten und Helfer haben die lokale Infrastruktur und Dienstleistungen überfordert.  Hotels und Pensionen verlangen höhere Preise für die Grundversorgung und Unterbringung.  …","Tragoedia ad res: Oeconomia in diluvio hit Nepal floret, at incolae in luto relinquuntur. Inundationes vastantes mico calamitate sonabant oeconomiam in Nepalia creaverunt.  Internationalis diurnarii et adiutores operarii infrastructuram et officia localia obruerunt.  Hotel et hospites premium rates pro basic tutamentum et accommodationem incurrentes.  ..."
4c563b318d213c49d9d30324eea286d7,2026-09-03T07:27:12Z,Storm,Hazard,biztoc.com,en,0.9,Planet Normal: ‘Fair-weather’ Burnham faces a growing economic storm | Podcast,Co-pilots Halligan and Pearson strap back into the rocket of right thinking after their summer break to tackle Prime Minister Andy ...,https://biztoc.com/x/4fd8b01ed5f8079a,https://biztoc.com/cdn/4fd8b01ed5f8079a_s.webp,,"Co-pilots Halligan and Pearson strap back into the rocket of right thinking after their summer break to tackle Prime Minister Andy ...
This story appeared on youtube.com, 2026-09-03 07:00:12.",Planet Normal: ‘Fair-weather’ Burnham faces a growing economic storm | Podcast. Co-pilots Halligan and Pearson strap back into the rocket of right thinking after their summer break to tackle Prime Minister Andy ...,"Planet Normal: „Schönwetter“ Burnham steht vor einem wachsenden wirtschaftlichen Sturm | Podcast. Die Co-Piloten Halligan und Pearson steigen nach ihrer Sommerpause wieder in die Rakete des richtigen Denkens ein, um Premierminister Andy zu bekämpfen ...",Planeta Normal: 'Burnham tempestatem oeconomicam crescentem respicit | Podcast. Co-gubernatores Halligan et Pearson corrigiam in erucam rectae cogitationis remiserunt post confractum aestivum Primi Ministri Andy ... occupari.
6368744eca870defe89777c1a19291ef,2026-09-03T07:36:12Z,Tropical Cyclone,Hazard,www.rte.ie,en,0.9,Rare trio of Pacific hurricanes attributed to El Niño,"A rare trio of hurricanes were churning through the Pacific Ocean today, which scientists attributed to waters warmed by a historically strong El Niño phenomenon.",https://www.rte.ie/news/2026/0903/1590157-hurricanes-el-nino/,https://www.rte.ie/images/0024f254-1600.jpg,http://web.archive.org/web/20260904125806/https://www.rte.ie/news/2026/0903/1590157-hurricanes-el-nino/,"A rare trio of hurricanes were churning through the Pacific Ocean today, which scientists attributed to waters warmed by a historically strong El Niño phenomenon.
Tropical Storm Marie strengthened i… [+3646 chars]","Rare trio of Pacific hurricanes attributed to El Niño. A rare trio of hurricanes were churning through the Pacific Ocean today, which scientists attributed to waters warmed by a historically strong El Niño phenomenon.","Seltenes Trio pazifischer Hurrikane, die El Niño zugeschrieben werden. Ein seltenes Hurrikan-Trio tobte heute durch den Pazifischen Ozean, was Wissenschaftler auf die Erwärmung des Wassers durch ein historisch starkes El-Niño-Phänomen zurückführten.","Rara trio Pacifici turbinum El Niño attribuitur. Rara trio turbinum per Oceanum Pacificum hodie conturbant, quae docti aquis calefactis ab El Niño phaenomenon historice calefacti sunt."
d5b9e0076b23999b60628e9e2f213395,2026-09-03T07:51:46Z,Storm,Hazard,timesofindia.indiatimes.com,en,0.9,"97-yr-old survives 8-9 hrs in debris, gives hope for more miracles","Amidst the chaos of Nepal's recent flooding, a poignant story emerged of survival: two spirited two-year-old girls alongside a remarkable 97-year-old woman weathered the storm. This elderly survivor, who faced lengthy hours trapped in debris, symbolizes hope …",https://timesofindia.indiatimes.com/world/south-asia/97-yr-old-survives-8-9-hrs-in-debris-gives-hope-for-more-miracles/articleshow/133729333.cms,"https://static.toiimg.com/thumb/msid-133729510,width-1280,height-720,resizemode-6,overlay-toi_sw,pt-32,y_pad-600/photo.jpg",,"Follow Us On Social Media
Good Time - Official Telugu Teaser'SCOLDS HEGSETH': Trump Desperate To Flee Iran War, Huge Fight Inside America As US Casualties Rise?'Glad You Left America': Trump UNLOADS… [+1313 chars]","97-yr-old survives 8-9 hrs in debris, gives hope for more miracles. Amidst the chaos of Nepal's recent flooding, a poignant story emerged of survival: two spirited two-year-old girls alongside a remarkable 97-year-old woman weathered the storm. This elderly survivor, who faced lengthy hours trapped in debris, symbolizes hope …","97-Jähriger überlebt 8-9 Stunden in Trümmern, was Hoffnung auf weitere Wunder macht. Inmitten des Chaos der jüngsten Überschwemmungen in Nepal entstand eine ergreifende Überlebensgeschichte: Zwei temperamentvolle zweijährige Mädchen überstanden zusammen mit einer bemerkenswerten 97-jährigen Frau den Sturm. Dieser ältere Überlebende, der stundenlang in Trümmern gefangen war, symbolisiert Hoffnung …","97 yr-senex superstes 8-9 hrs in obstantia, dat spem mirabilia plura. Inter chaos recentis inundationis Nepal, fabula grandis superstes orta est: duae puellae animosae duae annos natae iuxta insignem 97 annorum mulierem tempestatem invaserunt. Senes hic superstes, qui multis horis ante obstantia capti sunt, spem significat."
25fb10f3d2b828969f0dafddff49e33d,2026-09-03T08:04:30Z,Tropical Cyclone,Hazard,biztoc.com,en,0.9,"Hurricanes Lowell, Karina and Marie Spaghetti Models as Three Storms Gather","Three hurricanes are churning across the Pacific Ocean ahead of Labor Day weekend:
- Lowell is expected to remain a major Category 4 hurricane over the next few days. On the five-point Saffir-Simpson scale, a Category 4 hurricane has sustained winds of 130 to…",https://biztoc.com/x/e1d86373a2830282,https://biztoc.com/cdn/e1d86373a2830282_s.webp,,Three hurricanes are churning across the Pacific Ocean ahead of Labor Day weekend:- Lowell is expected to remain a major Category 4 hurricane over the next few days. On the five-point Saffir-Simpson … [+145 chars],"Hurricanes Lowell, Karina and Marie Spaghetti Models as Three Storms Gather. Three hurricanes are churning across the Pacific Ocean ahead of Labor Day weekend:
- Lowell is expected to remain a major Category 4 hurricane over the next few days. On the five-point Saffir-Simpson scale, a Category 4 hurricane has sustained winds of 130 to…","Die Hurrikane Lowell, Karina und Marie Spaghetti als Models, während sich drei Stürme zusammenbrauen. Vor dem Labor-Day-Wochenende toben drei Hurrikane über den Pazifischen Ozean:
- Es wird erwartet, dass Lowell in den nächsten Tagen ein schwerer Hurrikan der Kategorie 4 bleiben wird. Auf der fünfstufigen Saffir-Simpson-Skala hat ein Hurrikan der Kategorie 4 anhaltende Windstärken von 130 bis…","Turbines Lowell, Karina et Maria Spaghetti exempla in tribus Tempestatibus colligent. Tres procellae turbantur trans Oceanum Pacificum ante laborem diem volutpat vestibulum:
- Lowell expectatur categoria maioris momenti 4 procellae per proximos dies manere. In quinque punctum scalae Saffir-Simpson, Categoria 4 procellarum quae ex 130 ventis sustinuerunt usque ad…"
728ecfa3c1be7dba5e68c389a97ec28e,2026-09-03T08:57:20Z,Drought,Hazard,www.faz.net,de,0.9,Trockene Flüsse: Neue Angst vor flachem Rhein-Pegel,Auf dem Rhein sind nach der Dürre wieder mehr Schiffe unterwegs. Die Bedingungen für die Schifffahrt könnten sich jedoch in den nächsten Tagen abermals verschlechtern.,https://www.faz.net/aktuell/wirtschaft/klima-nachhaltigkeit/neue-angst-vor-flachem-rhein-pegel-accg-201187332.html,https://media0.faz.net/image/w1200h627/2cf2462a5baf/w6000h3135x0y433o/202608/43601.0.2484530428/frachtschiff-auf-dem-rhein-an.webp,http://web.archive.org/web/20260903094117/https://www.faz.net/aktuell/wirtschaft/klima-nachhaltigkeit/neue-angst-vor-flachem-rhein-pegel-accg-201187332.html,Nach historischen Tiefs der Pegelstände hat sich die Lage für die Schifffahrt auf dem Rhein leicht entspannt. Eine deutliche Entwarnung gibt es jedoch nicht. Laut Vorhersage dürften die Wasserstände … [+1319 chars],"Dry rivers: New fears of low Rhine water levels. After the drought, there are more ships on the Rhine again. However, shipping conditions could deteriorate again in the next few days.",Trockene Flüsse: Neue Angst vor flachem Rhein-Pegel. Auf dem Rhein sind nach der Dürre wieder mehr Schiffe unterwegs. Die Bedingungen für die Schifffahrt könnten sich jedoch in den nächsten Tagen abermals verschlechtern.,Arida flumina: Novae timores humiles Rheni aquarum gradus. Post siccitatem plures rursus ad Rhenum naves sunt. Tamen condiciones navium proximis diebus iterum corrumpi potuerunt.
e274fc78228dc918934abab46c3355f7,2026-09-03T09:03:01Z,Storm,Hazard,fstoppers.com,en,0.9,Why Bad Weather Is the Best Thing That Can Happen to a Landscape Shoot,"Fresh snow skimming the peaks, streams cutting through beaches, and moss-covered cascades that only exist because the storms haven't ripped them clean. Fiordland packs more usable foreground into a single beach than most locations offer in a week, and knowing…",https://fstoppers.com/education/why-bad-weather-best-thing-can-happen-landscape-shoot-904450,https://cdn.fstoppers.com/styles/medium/s3/lead/2026/09/thumbnail_3.jpg?itok=dn5Lf0kW,,"Fresh snow skimming the peaks, streams cutting through beaches, and moss-covered cascades that only exist because the storms haven't ripped them clean. Fiordland packs more usable foreground into a s… [+3497 chars]","Why Bad Weather Is the Best Thing That Can Happen to a Landscape Shoot. Fresh snow skimming the peaks, streams cutting through beaches, and moss-covered cascades that only exist because the storms haven't ripped them clean. Fiordland packs more usable foreground into a single beach than most locations offer in a week, and knowing…","Warum schlechtes Wetter das Beste ist, was einem Landschaftsfoto passieren kann. Frischer Schnee, der die Gipfel berührt, Bäche, die Strände durchschneiden, und moosbedeckte Kaskaden, die nur existieren, weil die Stürme sie nicht sauber gerissen haben. Fiordland bietet mehr nutzbaren Vordergrund an einem einzigen Strand, als die meisten Orte in einer Woche bieten, und da …","Quare Tempestas est optimum quod accidere potest ad Landscape iace. Nives recentes perstrepunt cacumina, rivi per litora secantes, et cascades musco opertae quae solae existunt quia tempestates eas non discindunt. Fiordland sarcinas plus antica fabrica in unum litus utilia quam plurima loca in hebdomada offerunt, et scientes…"
5fe8125ebad7a95bdc4de24d36305e42,2026-09-03T10:17:22Z,Heat Wave,Impacts,www.morgenpost.de,de,0.9,Sommer noch nicht vorbei: Neue Hitzewelle? Meteorologen mit klarer Einschätzung,"Der Spätsommer legt noch einmal nach. Doch die Aussichten ändern sich schneller, als es die hohen Temperaturen vermuten lassen.",https://www.morgenpost.de/panorama/article413044753/sommer-noch-nicht-vorbei-neue-hitzewelle-meteorologen-mit-klarer-einschaetzung.html,https://img.sparknews.funkemedien.de/413045172/413045172_1788430641_v16_9_1600.jpeg,,Der Sommer ist noch nicht ganz vorbei. In Teilen Deutschlands steigen die Temperaturen in den kommenden Tagen noch einmal über die 30-Grad-Marke. Allerdings zeigt sich das Wetter zweigeteilt: Während… [+2531 chars],Summer not over yet: new heat wave? Meteorologists with clear assessments. Late summer is picking up again. But the outlook is changing faster than the high temperatures would suggest.,"Sommer noch nicht vorbei: Neue Hitzewelle? Meteorologen mit klarer Einschätzung. Der Spätsommer legt noch einmal nach. Doch die Aussichten ändern sich schneller, als es die hohen Temperaturen vermuten lassen.",Nondum superet aestas: novus calor unda? Astrologi cum censibus claris. Aestas sera iterum tollit. Sed prospectus celerius mutatur quam summae temperaturae opinantur.
0645fe9c1e0c51486c1a51ee532ebbdc,2026-09-03T10:49:16Z,Flood,Causes,www.cbc.ca,en,0.9,"Cleanup underway after severe GTA thunderstorm causes flooding, power outages","Cleanup efforts are underway across the Greater Toronto Area after Wednesday's severe thunderstorm that left debris scattered, roadways flooded and residents without power.",https://www.cbc.ca/news/canada/toronto/gta-storm-cleanup-9.7330581,"https://i.cbc.ca/ais/0858af75-db90-4fe6-89df-baf68a0fbad3,1788431958278/full/max/0/default.jpg?im=Crop%2Crect%3D%280%2C243%2C4669%2C2626%29%3BResize%3D620",http://web.archive.org/web/20260903171034/https://www.cbc.ca/news/canada/toronto/gta-storm-cleanup-9.7330581,"Cleanup efforts are underway across the Greater Toronto Area after Wednesday's severe thunderstorm that left debris scattered, roadways flooded and residents without power. 
According to Toronto pol… [+2352 chars]","Cleanup underway after severe GTA thunderstorm causes flooding, power outages. Cleanup efforts are underway across the Greater Toronto Area after Wednesday's severe thunderstorm that left debris scattered, roadways flooded and residents without power.","Aufräumarbeiten laufen, nachdem ein schweres Gewitter in GTA zu Überschwemmungen und Stromausfällen geführt hat. Nach dem schweren Gewitter am Mittwoch, bei dem Trümmer verstreut, Straßen überschwemmt und Anwohner ohne Strom waren, sind im gesamten Großraum Toronto Aufräumarbeiten im Gange.","Tersus comparatus post gravem GTA tonitrui inundationem causat, vim outages. Tersus conatus sunt citatus per Maiorem Area Toronto post Mercurii vehemens tonitribus, qui strages disiectae sunt, viae inundatae et sine potentia habitant."
bc1b07cfa973311ae939ad271bb8d5ad,2026-09-03T10:57:46Z,Drought,Hazard,www.zeit.de,de,0.9,Hitze und Dürre: Pegelstand im Rhein reicht noch nicht für regulären Schiffsverkehr,"Der Bundesverband der Deutschen Binnenschifffahrt gibt nach gestiegenem Rhein-Pegel keine Entwarnung. Bis Schiffe voll beladen werden können, muss der Pegel noch steigen.",https://www.zeit.de/wirtschaft/2026-09/rhein-pegel-kaub-wasserstand-schifffahrt,https://img.zeit.de/wirtschaft/2026-09/rhein-pegel-kaub-wasserstand-schifffahrt-foto-1/wide__1300x731,,Nach den historischen Tiefständen im Rhein hat sich die Lage für die Schifffahrt leicht entspannt. Eine deutliche Entwarnung gibt es jedoch nicht. Laut Vorhersage dürften die Wasserstände in den komm… [+815 chars],Heat and drought: the water level in the Rhine is not yet sufficient for regular shipping traffic. The Federal Association of German Inland Shipping is not giving the all-clear after the Rhine water level has risen. The level still has to rise before ships can be fully loaded.,"Hitze und Dürre: Pegelstand im Rhein reicht noch nicht für regulären Schiffsverkehr. Der Bundesverband der Deutschen Binnenschifffahrt gibt nach gestiegenem Rhein-Pegel keine Entwarnung. Bis Schiffe voll beladen werden können, muss der Pegel noch steigen.","Calor et siccitas: the water level in the Rhine is not yet sufficient for regular shipping traffic. Consociatio Foederalis Germaniae Inland Shipping non omnia clara tribuit postquam planities aquae Rheni orta est. Planum adhuc habet, antequam naves assurgere plene oneratas possunt."
dcfd8eba41490bca4ad0c6707f54bde5,2026-09-03T11:35:18Z,Flood,Hazard,abcnews.com,en,0.9,"Nepal floods death toll climbs to 1,252 as rescue efforts continue","An additional 4,216 people were believed to still be missing, officials said.",https://abcnews.com/International/nepal-floods-death-toll-climbs-1252-rescue-efforts/story?id=136167244,https://i.abcnewsfe.com/a/c5524a5d-b2bf-4242-a7a7-e4f667dd30b9/nepal-main_1788433991420_hpMain_16x9.jpg?w=1600,,"LONDON -- The death toll following an unprecedented flash flood at the Nepal-Tibet border has climbed to 1,252, with an additional 4,216 people believed to still be missing, officials said.
These fi… [+1142 chars]","Nepal floods death toll climbs to 1,252 as rescue efforts continue. An additional 4,216 people were believed to still be missing, officials said.","Die Zahl der Todesopfer bei Überschwemmungen in Nepal steigt auf 1.252, während die Rettungsbemühungen fortgesetzt werden. Beamte sagten, weitere 4.216 Menschen würden noch immer vermisst.","Nepalica inundationes mortuorum tol scandit 1,252 ut nisus eripere perseveret. Accedit quod 4,216 homines adhuc deesse credebantur, magistratus dicebantur."
368f3c16d2ada2e9918b8cc26a7ea5c4,2026-09-03T12:00:07Z,Storm,Hazard,www.medicaldaily.com,en,0.9,"This Shiba Inu's Seizure-Like Attacks Were Not Epilepsy, and Storms Kept Setting Them Off",A dog's violent motor episodes looked epileptic until vets noticed every one followed a thunderstorm or a blackout. The workup was clean.,https://www.medicaldaily.com/shiba-inu-paroxysmal-anxiety-thunderstorm-seizure-case-478163,https://d.medicaldaily.com/en/full/485432/editorial-illustration-via-ai.jpg,,"The episodes looked like seizures. A four-year-old male Shiba Inu would break into abnormal motor activity repeatedly, in a way that pushed his veterinarians toward a neurological diagnosis. But the … [+7133 chars]","This Shiba Inu's Seizure-Like Attacks Were Not Epilepsy, and Storms Kept Setting Them Off. A dog's violent motor episodes looked epileptic until vets noticed every one followed a thunderstorm or a blackout. The workup was clean.","Die anfallsartigen Anfälle dieses Shiba Inu waren keine Epilepsie und wurden immer wieder durch Stürme ausgelöst. Die heftigen motorischen Anfälle eines Hundes sahen epileptisch aus, bis Tierärzte bemerkten, dass jeder einzelne auf ein Gewitter oder einen Stromausfall folgte. Die Aufarbeitung war sauber.","Hoc Shiba Inu's captionis velut impetus comitiales non erant, et procellae arcebantur ponens. Vehemens canis motoriis episodiis epilepticis spectavit donec vets animadvertisset omnes unumquemque tonitruum aut atrum sequeretur. The workup was clean."
833aa9e2ef2deda6d1c3adcc1c221916,2026-09-03T12:04:29Z,Heat Wave,Mitigation,www.tagesschau.de,de,0.9,Deutscher Umweltpreis für Klimajuristin und Membranforscher,Klares Wasser aus Klärschlamm und klare Regeln für den Klimaschutz: Für ihr Engagement zu diesen Themen erhalten ein Membranfilter-Ingenieur und eine Juristin den Deutschen Umweltpreis.,https://www.tagesschau.de/wissen/klima/deutscher-umweltpreis-144.html,https://images.tagesschau.de/image/1fbeb6f4-5492-43ef-89ce-5cf2b193578d/AAABoGb-b5I/AAABnSSvrFg/16x9-big/deutscher-umweltpreis-142.jpg?width=1280,,"Stand: 03.09.2026 14:04 Uhr
Klares Wasser aus Klärschlamm und klare Regeln für den Klimaschutz: Für ihr Engagement zu diesen Themen erhalten ein Membranfilter-Ingenieur und eine Juristin den Deutsch… [+1818 chars]",German environmental award for climate lawyer and membrane researcher. Clear water from sewage sludge and clear rules for climate protection: a membrane filter engineer and a lawyer received the German Environmental Prize for their commitment to these issues.,Deutscher Umweltpreis für Klimajuristin und Membranforscher. Klares Wasser aus Klärschlamm und klare Regeln für den Klimaschutz: Für ihr Engagement zu diesen Themen erhalten ein Membranfilter-Ingenieur und eine Juristin den Deutschen Umweltpreis.,Praeiudicium Germaniae environmental advocatus et membranae indagator climatis. Aqua limpida ex pituitae purgamentorum et ad tutelam climatis regulas manifestas: machinam colum architectum et legisperitum Praemium Environmentalem Germanum accepit pro officio ad has quaestiones.
fefb394616b772afdee0a36cc451f6c8,2026-09-03T12:06:00Z,Flood,Mitigation,www.theatlantic.com,en,0.7,What the Floods Say About Xi Jinping,China’s leader behaves more like an emperor than a man of the people.,https://www.theatlantic.com/international/2026/09/china-nepal-food-xi-jinping/688484/,https://cdn.theatlantic.com/thumbor/I3L_MpT4Hz2pQWBkAnNDMO_b5j4=/0x21:1498x801/1200x625/media/img/mt/2026/09/2026_09_02_.What_The_Floods_Say_About_Xi_Jinpingjpg/original.jpg,http://web.archive.org/web/20260904100510/https://www.theatlantic.com/international/2026/09/china-nepal-food-xi-jinping/688484/,"When the Yangtze River flooded in 1998 and inundated villages in central China, Jiang Zemin, the Communist Party’s general secretary, was on the scene, bullhorn in hand, to encourage local relief eff… [+5806 chars]",What the Floods Say About Xi Jinping. China’s leader behaves more like an emperor than a man of the people.,Was die Überschwemmungen über Xi Jinping sagen. Chinas Führer verhält sich eher wie ein Kaiser als wie ein Mann des Volkes.,Quid flumina dicunt de XI Jinping. Dux Sinarum imperatori similior est quam vir populi.
9ecca40922db4435e0e5c20059a4564b,2026-09-03T12:23:29Z,Storm,Hazard,timesofindia.indiatimes.com,en,0.9,"Carlos Alcaraz recovers from first-set stumble to storm into US Open third round, serve still a talking point","Carlos Alcaraz made his way through to the next round of the US Open despite some issues with his serve. After dropping the first set to Jaime Faria, Alcaraz rallied back fiercely, showcasing his remarkable forehand and crucially saving several break points. …",https://timesofindia.indiatimes.com/sports/tennis/top-stories/carlos-alcaraz-recovers-from-first-set-stumble-to-storm-into-us-open-third-round-serve-still-a-talking-point/articleshow/133736136.cms,"https://static.toiimg.com/thumb/msid-133736262,width-1280,height-720,resizemode-6,overlay-toi_sw,pt-32,y_pad-600/photo.jpg",,"View All Comments 
Share your thoughts in the comments
Be respectful · TOI community guidelines","Carlos Alcaraz recovers from first-set stumble to storm into US Open third round, serve still a talking point. Carlos Alcaraz made his way through to the next round of the US Open despite some issues with his serve. After dropping the first set to Jaime Faria, Alcaraz rallied back fiercely, showcasing his remarkable forehand and crucially saving several break points. …","Carlos Alcaraz erholt sich von seinem Stolpern im ersten Satz und stürmt in die dritte Runde der US Open, der Aufschlag sorgt immer noch für Gesprächsstoff. Carlos Alcaraz schaffte es trotz einiger Probleme mit seinem Aufschlag in die nächste Runde der US Open. Nachdem er den ersten Satz an Jaime Faria verloren hatte, erholte sich Alcaraz energisch, zeigte seine bemerkenswerte Vorhand und rettete entscheidend mehrere Breakbälle. …","Carlos Alcaraz ex primo statuto offensionis expugnationem in US Open tertiam rotunditatem recuperat, punctum loquentes adhuc serva. Carlos Alcaraz iter fecit ad proximam circuitum urbis US Open non obstante aliquas quaestiones cum suis servientibus. Alcaraz, postquam primum ad Babylonem Faria profectus est, acriter revocatus est, ostendens manum suam mirabiliter et cruciabiliter salutaris aliquot puncta interrumpentem. ..."
72036adec3c3508d7a276cbf85a1b08c,2026-09-03T13:01:00Z,Precipitation,Hazard,taz.de,de,0.9,Super-El-Niño erwartet: Hochwasser und Hitze in Argentinien,"In Argentinien ist aktuell Winter. Doch Meteorologen warnen bereits vor bevorstehendem Starkregen, Überschwemmungen und weiteren extremen Wetterereignissen.",https://taz.de/Super-El-Nino-erwartet/!6204404/,https://taz.de/picture/8674331/1200/41980836.jpeg,http://web.archive.org/web/20260904051445/https://taz.de/Super-El-Nino-erwartet/!6204404/,"In Argentinien ist aktuell Winter. Doch Meteorologen warnen bereits vor bevorstehendem Starkregen, Überschwemmungen und weiteren extremen Wetterereignissen. mehr...","Super El Niño expected: floods and heat in Argentina. It is currently winter in Argentina. But meteorologists are already warning of impending heavy rain, floods and other extreme weather events.","Super-El-Niño erwartet: Hochwasser und Hitze in Argentinien. In Argentinien ist aktuell Winter. Doch Meteorologen warnen bereits vor bevorstehendem Starkregen, Überschwemmungen und weiteren extremen Wetterereignissen.","Super El Niño exspectatur: inundationes et aestus in Argentina. Hieme in Argentina est. Sed astrologi iam moniti sunt de imminentibus pluviae, inundationibus aliorumque eventuum tempestatum extremarum."
e72956014acfe15b71522ceedb370da6,2026-09-03T13:07:29Z,Storm,Hazard,abcnews.com,en,0.9,Hikers describe intense rain and wind before floodwaters ravage Grand Canyon,It was a monster of a storm that formed within minutes,https://abcnews.com/US/wireStory/hikers-describe-intense-rain-wind-floodwaters-ravage-grand-136168741,https://i.abcnewsfe.com/a/b583c894-9fda-4fa2-bb4d-eaeb43da2a11/wirestory_855be07c0bfea7e01770d44171ad6692_16x9.jpg?w=1600,,"Like clockwork, clouds build up in the afternoon, the wind starts to swirl and the skies darken. Then the rain comes. 
Sometimes it is just a few drops. But on this August afternoon, the monsoon kic… [+6857 chars]",Hikers describe intense rain and wind before floodwaters ravage Grand Canyon. It was a monster of a storm that formed within minutes,"Wanderer beschreiben heftigen Regen und Wind, bevor die Fluten den Grand Canyon verwüsten. Es war ein monströser Sturm, der sich innerhalb weniger Minuten bildete",Hikers describunt intensam pluviam et ventum ante diluvias Grandem Angustiae depopulantur. Monstrum erat tempestatis intra minuta
c2da2944eed136373ab2c294e6549fb8,2026-09-03T13:11:16Z,Flood,Hazard,www.brownstoner.com,en,0.7,"Five Years After Ida, NYC Struggles to Deal With Extreme Rain and Deadly Flooding","By Samantha Maldonado, The City Reporter
This article was originally published on September 1 at 5:56 p.m. EDT by THE CITY REPORTER
The remnants of Hurricane Ida barreled through New York City five years ago, dumping unprecedented amounts of rain on the city …",http://www.brownstoner.com/brooklyn-life/nyc-flooding-rain-climate-change-ida-sewer/,https://www.brownstoner.com/wp-content/uploads/2026/09/nyc-rain-lower-manhattan-aug32026-CITYREPORTER.png,,"Heavy rain and flooding is expected to become more common and intense in the city due to climate change.Pedestrians deal with rainy and windy conditions in lower Manhattan, August 3, 2026. Photo by B… [+11765 chars]","Five Years After Ida, NYC Struggles to Deal With Extreme Rain and Deadly Flooding. By Samantha Maldonado, The City Reporter
This article was originally published on September 1 at 5:56 p.m. EDT by THE CITY REPORTER
The remnants of Hurricane Ida barreled through New York City five years ago, dumping unprecedented amounts of rain on the city …","Fünf Jahre nach Ida kämpft NYC mit extremen Regenfällen und tödlichen Überschwemmungen. Von Samantha Maldonado, The City Reporter
Dieser Artikel wurde ursprünglich am 1. September um 17:56 Uhr veröffentlicht. EDT von THE CITY REPORTER
Die Überreste des Hurrikans Ida fegten vor fünf Jahren über New York City hinweg und ließen beispiellose Regenmengen über die Stadt fallen …","Quinque annis post Idaeus, NYC luctatur agere cum extrema pluvia et mortifera inundatio. Auctore Samantha Maldonado, Notario Urbis
Articulus hic originaliter editus est die 1 Septembris ad 5:56 a.m. EST URBIS AUCTOR
Reliquiae Turris Idaeae per quinque annos New York City dolata, dumping inusitatae copiae pluviarum in urbe ..."
545c4b1f4130a4fb4a8e81c972d8123a,2026-09-03T13:45:21Z,Thunderstorm,Hazard,kaernten.orf.at,de,0.8,"Höhe Schäden durch Sturm, Hagel und Dürre",Das Unwetter im Metnitztal im Bezirk St. Veit/Glan hat am Montag zu zahlreichen Feuerwehreinsätzen geführt. Die Hagelversicherung rechnet mit 150.000 Euro Schaden durch Sturm und Hagel. Auch bei Dürreschäden wird von einer Rekordsumme ausgegangen.,https://kaernten.orf.at/stories/3369726/,https://ibs.orf.at/ktn?image=https%3A%2F%2Foekastatic.orf.at%2Fmims%2F2026%2F34%2F44%2Fcrops%2Fw%3D1200%2Ch%3D627%2Cq%3D75%2F3152244_master_1222144_260817_trockenste_jahr_in_messgeschichte_00_00_07_19.jpg%3Fs%3De87273db3d64121014e4739f96974a250f92ec09,http://web.archive.org/web/20260903161313/https://kaernten.orf.at/stories/3369726/,"Neben dem besonders stark betroffenen Mettnitztal wurden auch Hagel- und Sturmschäden um Friesach und im Gurktal gemeldet, sagt Hubert Gernig, Kärntner Landesleiter der österreichischen Hagelversiche… [+579 chars]","Extensive damage from storms, hail and drought. The storm in Metnitztal in the St. Veit/Glan district led to numerous fire brigade operations on Monday. The hail insurance expects 150,000 euros in damage from storm and hail. Drought damage is also expected to reach a record amount.","Höhe Schäden durch Sturm, Hagel und Dürre. Das Unwetter im Metnitztal im Bezirk St. Veit/Glan hat am Montag zu zahlreichen Feuerwehreinsätzen geführt. Die Hagelversicherung rechnet mit 150.000 Euro Schaden durch Sturm und Hagel. Auch bei Dürreschäden wird von einer Rekordsumme ausgegangen.","Damnum extensum a procellis, grandine et siccitate. Procella in Metnitztal in regione S. Veit/Glan ad numerosas expeditiones legionum ignis die Lunae adduxit. Grando assecurationis exspectat 15000 nummorum in damno tempestatis et grandinis. Siccitas damnum etiam expectatur ut ad summam tabulam perveniat."
454536860599c6f0698463f18fe03b1b,2026-09-03T13:58:00Z,Heat Wave,Hazard,noe.orf.at,de,0.9,Langenlebarn im August trockenster Ort Österreichs,"Der August 2026 ist der heißeste achte Monat des Jahres seit Beginn der Messgeschichte vor 260 Jahren. Es wurde ein neuer Temperatur-Allzeitrekord gemessen, zudem gab es einen Rekordwert bei Hitzetagen. Laut Geosphere Austria war der trockenste Ort Langenleba…",https://noe.orf.at/stories/3369727/,https://ibs.orf.at/noe?image=https%3A%2F%2Foekastatic.orf.at%2Fmims%2F2026%2F29%2F88%2Fcrops%2Fw%3D1200%2Ch%3D627%2Cq%3D75%2F3113986_master_1206388_1.jpg%3Fs%3D3985213c75ddb944fcb775a0ac488c7288a95704,http://web.archive.org/web/20260904025229/https://noe.orf.at/stories/3369727/,"Den Höhepunkt der Hitzewelle im August bildete der 3., 4. und 5. August. An diesen drei Tagen erreichten die Temperaturen jeweils die 40 Grad-Marke. Am 5. Augst wurden bei der Geosphere Austria-Messs… [+2119 chars]","Langenlebarn is the driest place in Austria in August. August 2026 will be the hottest eighth month of the year since measurements began 260 years ago. A new all-time temperature record was measured, and there was also a record number of hot days. According to Geosphere Austria, the driest place was Langenleba…","Langenlebarn im August trockenster Ort Österreichs. Der August 2026 ist der heißeste achte Monat des Jahres seit Beginn der Messgeschichte vor 260 Jahren. Es wurde ein neuer Temperatur-Allzeitrekord gemessen, zudem gab es einen Rekordwert bei Hitzetagen. Laut Geosphere Austria war der trockenste Ort Langenleba…","Langenlebarn in Austria in Augusto locus aridissimus est. Augustus 2026 calidissimus erit octavus mensis anni ex quo mensuras 260 annos incepit. Novus recordus temperies omni tempore mensuratus est, et numerus dierum calidus erat. Secundum Geosphaeram Austriae locus aridissimus Langenleba erat..."
1381fb5bcf4b65234bff0e2b4e6d2109,2026-09-03T14:41:03Z,Flood,Hazard,theconversation.com,en,0.9,Nepal floods: Khalte residents knew the river could take their camp – and then it did,Khalte’s residents survived one disaster – but were left vulnerable to the next.,https://theconversation.com/nepal-floods-khalte-residents-knew-the-river-could-take-their-camp-and-then-it-did-291070,https://images.theconversation.com/files/757759/original/file-20260903-50-xho63w.jpg?ixlib=rb-4.1.1&rect=0%2C910%2C6000%2C3000&q=45&auto=format&w=1356&h=668&fit=crop,http://web.archive.org/web/20260904025454/https://theconversation.com/nepal-floods-khalte-residents-knew-the-river-could-take-their-camp-and-then-it-did-291070,"Khalte, a settlement close to the bank of the Trishuli River in northern Nepal, was completely destroyed in the flash flooding of late August. Khalte housed around 257 families who had been displaced… [+6392 chars]",Nepal floods: Khalte residents knew the river could take their camp – and then it did. Khalte’s residents survived one disaster – but were left vulnerable to the next.,"Überschwemmungen in Nepal: Die Bewohner von Khalte wussten, dass der Fluss ihr Lager wegnehmen könnte – und dann geschah es. Die Bewohner von Khalte überlebten eine Katastrophe – waren aber für die nächste anfällig.",Inundationes Nepal: habitant Khalte sciebant flumen castra sua capere posse - et tunc fecit. Khalte habitantes una clade superfuerunt – sed vulnerati in altera relicti sunt.
6f2ba13b1476c648851eb1ee0c76e23b,2026-09-03T15:55:02Z,Flood,Hazard,fortune.com,en,0.9,Texas evacuates an assisted living facility as flooding from Tropical Storm Edouard strands drivers and cuts power,"Hardin County was hard-hit—with flooding, downed trees and powerlines, debris and power outages.",https://fortune.com/2026/09/03/tropical-storm-edouard-texas-hurricane/,"https://fortune.com/img-assets/wp-content/uploads/2026/09/AP26245660977927-e1788450403282.jpg?resize=1200,600",http://web.archive.org/web/20260903165454/https://fortune.com/2026/09/03/tropical-storm-edouard-texas-hurricane/,"Texas authorities rescued dozens of people from stranded cars, homes surrounded by floodwaters and an assisted living facility Wednesday as former Tropical Storm Edouard lingered over rural parts of … [+3628 chars]","Texas evacuates an assisted living facility as flooding from Tropical Storm Edouard strands drivers and cuts power. Hardin County was hard-hit—with flooding, downed trees and powerlines, debris and power outages.","Texas evakuiert eine Einrichtung für betreutes Wohnen, da Fahrer aufgrund der Überschwemmung durch den Tropensturm Edouard festsitzen und der Strom ausfällt. Hardin County wurde schwer getroffen – mit Überschwemmungen, umgestürzten Bäumen und Stromleitungen, Trümmern und Stromausfällen.","Texas evacuat facultatem vivam adiutricem sicut inundationem e Tropical Storm Edouard agitatores filorum et potentiam secat. Hardin Comitatus cum inundatione, dejectis arboribus et viribus, strages et outages potentiae fuit."
6fd7013541f48fb1c8e789309000d217,2026-09-03T16:24:52Z,Snow&Ice,Hazard,freerepublic.com,en,0.9,"Climbers are melting Everest’s glacier with their urine, study warns","Heat from fuel burned at the Everest Base Camp and urine discharged directly onto the glacier was enough to melt 2,500 tonnes of ice and snow every year, according to new research. An international team studied the Khumbu Glacier, the location of the base cam…",https://freerepublic.com/focus/f-backroom/4394090/posts,,,"<table><tr><td>This thread has been pulled.</td></tr><tr><td>
Pulled on 09/03/2026 9:38:21 AM PDT
by Admin Moderator,
reason:Independent not allowed
</td></tr></table>Okay","Climbers are melting Everest’s glacier with their urine, study warns. Heat from fuel burned at the Everest Base Camp and urine discharged directly onto the glacier was enough to melt 2,500 tonnes of ice and snow every year, according to new research. An international team studied the Khumbu Glacier, the location of the base cam…","Bergsteiger schmelzen Everest-Gletscher mit ihrem Urin, warnt eine Studie. Einer neuen Studie zufolge reichte die Wärme des im Everest-Basislager verbrannten Treibstoffs und der direkt auf den Gletscher abgegebene Urin aus, um jedes Jahr 2.500 Tonnen Eis und Schnee zu schmelzen. Ein internationales Team untersuchte den Khumbu-Gletscher, den Standort der Basiskamera…","Vivamus viverra glaciem Everesti cum urina sua, studium monet. Calor e fomite in Everest Base Castro combustus et urina directe in glaciem emissa satis erat 2.500 tonnas glaciei et nivis quotannis solvendas, secundum novam investigationem. Turma internationalis studuit Khumbu Glacier, situm cam... basis."
6891d17582bf034f2acccaaab6e4f827,2026-09-03T16:26:25Z,Snow&Ice,Hazard,variety.com,en,0.7,"Yo-Yo Ma, Pawo Choyning Dorji on ‘A Song for the Snow Lion’ as Trailer Unveiled Ahead of Telluride Bow (EXCLUSIVE)","Legendary cellist Yo-Yo Ma and Bhutanese auteur Pawo Choyning Dorji are heading to the Telluride Film Festival with “A Song for the Snow Lion,” a 21-minute short built around a Himalayan folktale about vanishing glaciers. Variety is unveiling the film’s first…",https://variety.com/2026/film/festivals/yo-yo-ma-pawo-choyning-dorji-song-for-the-snow-lion-telluride-1236850576/,https://variety.com/wp-content/uploads/2026/09/A-Song-for-the-Snow-Lion.jpg?w=1000&h=563&crop=1,,"Legendary cellist Yo-Yo Ma and Bhutanese auteur Pawo Choyning Dorji are heading to the Telluride Film Festival with “A Song for the Snow Lion,” a 21-minute short built around a Himalayan folktale abo… [+5506 chars]","Yo-Yo Ma, Pawo Choyning Dorji on ‘A Song for the Snow Lion’ as Trailer Unveiled Ahead of Telluride Bow (EXCLUSIVE). Legendary cellist Yo-Yo Ma and Bhutanese auteur Pawo Choyning Dorji are heading to the Telluride Film Festival with “A Song for the Snow Lion,” a 21-minute short built around a Himalayan folktale about vanishing glaciers. Variety is unveiling the film’s first…","Yo-Yo Ma, Pawo Choyning Dorji zu „A Song for the Snow Lion“ als Trailer vor Telluride Bow enthüllt (EXKLUSIV). Der legendäre Cellist Yo-Yo Ma und der bhutanische Autor Pawo Choyning Dorji reisen zum Telluride Film Festival mit „A Song for the Snow Lion“, einem 21-minütigen Kurzfilm rund um ein Himalaya-Märchen über verschwindende Gletscher. Variety enthüllt den ersten…","Yo-Yo Ma, Pawo Choyning Dorji on 'A Song de leone nivis' ut Trailer detectum ante arcum Telluride (PRIVILEGIUM). Fabulosus cellista Yo-Yo Ma et Bhutanese auteur Pawo Choyning Dorji ad Telluridem cinematographicam festivitatem petunt cum ""Canticum Leonis nivei"", a 21-minutis brevibus circa Himalayanam vulgarem de evanescentibus molibus constructum. Varietas primum pelliculae detegit..."
294b5ce3b8f16bf638f7a81978896f1d,2026-09-03T18:17:59Z,Heat Wave,Impacts,www.diepresse.com,de,0.9,"Hitze, Dürre, Übersterblichkeit: So heftig wütete der europäische Sommer",Die katastrophenbedingten Schäden dürften sich in Europa heuer auf rund 100 Mrd. Euro summieren. Ende Juni forderte die Rekordhitze vor allem im Westen der EU einen besonders hohen Todeszoll.,https://www.diepresse.com/41206764/hitze-duerre-uebersterblichkeit-so-heftig-wuetete-der-europaeische,https://img.diepresse.com/public/incoming/th7h4z-gettyimages-947133932jpg/alternates/WEBP_WIDE_1200/GettyImages-947133932.jpg,http://web.archive.org/web/20260903220501/https://www.diepresse.com/41206764/hitze-duerre-uebersterblichkeit-so-heftig-wuetete-der-europaeische,"Die Presse auf Google als bevorzugte Nachrichtenquelle hinzufügen.
 Herr: es ist Zeit. Der Sommer war sehr groß diese Zeile aus Rainer Maria Rilkes Gedicht Herbsttag trifft vermutlich die Stimmungsl… [+7118 chars]","Heat, drought, excess mortality: this was how violent the European summer was. The disaster-related damage in Europe this year is expected to total around 100 billion euros. At the end of June, the record heat exacted a particularly high death toll, especially in the west of the EU.","Hitze, Dürre, Übersterblichkeit: So heftig wütete der europäische Sommer. Die katastrophenbedingten Schäden dürften sich in Europa heuer auf rund 100 Mrd. Euro summieren. Ende Juni forderte die Rekordhitze vor allem im Westen der EU einen besonders hohen Todeszoll.","Calor, siccitas, excessus mortalitatis: haec fuit quam vehemens Europae aestas fuit. Clades relatas damnum in Europa hoc anno exspectatur ad summam circiter 100 miliarda euronum. In fine mensis Iunii, recordum caloris maximum theloneum mortis exegit, praesertim in occidente UE."
e7925c1f33bb78af059949005adf17be,2026-09-03T21:00:25Z,Drought,Causes,www.searchenginejournal.com,en,0.3,"Google’s New Weather AI In Search Continues Shift Away From 10 Blue Links via @sejournal, @martinibuster","Google's latest Search integration is another step to a future where users get things done without traditional search results.
The post Google’s New Weather AI In Search Continues Shift Away From 10 Blue Links appeared first on Search Engine Journal.",https://www.searchenginejournal.com/googles-new-weather-ai-in-search-continues-shift-away-from-10-blue-links/588392/,https://cdn.searchenginejournal.com/wp-content/uploads/2026/09/google-weather-search-785.jpg,,"Google took another step in its transformation of Search, AI, and Maps into a task-based surface. Today it is integrating a powerful weather model that is up to 50% more accurate.
Google introduced … [+1797 chars]","Google’s New Weather AI In Search Continues Shift Away From 10 Blue Links via @sejournal, @martinibuster. Google's latest Search integration is another step to a future where users get things done without traditional search results.
The post Google’s New Weather AI In Search Continues Shift Away From 10 Blue Links appeared first on Search Engine Journal.","Googles neue Wetter-KI in der Suche entfernt sich weiterhin von 10 blauen Links über @sejournal, @martinibuster. Die neueste Suchintegration von Google ist ein weiterer Schritt in eine Zukunft, in der Nutzer ihre Aufgaben ohne herkömmliche Suchergebnisse erledigen können.
Der Beitrag Googles neue Wetter-KI in der Suche verschiebt sich weiter von 10 blauen Links weg erschien zuerst im Search Engine Journal.","Google Nova Tempestas AI In Quaero Continua Amoveo Ab 10 Blue Links per @sejournal, @martinibuster. Integratio Google novissimae investigationis alius gradus est ad futurum ubi res ab usoribus fiunt sine inquisitionibus traditis.
Post Google Novus Tempestas AI In Quaero Continua Amoveo Ex 10 Blue Links primum apparuit in Journal Engine Search."
171c8220fbf4ef0d3f49fe27a7ec75fe,2026-09-03T21:09:39Z,Flood,Hazard,www.aljazeera.com,en,0.9,El Nino: A phenomenon supercharged by climate change,"Scientists warn the 2026-27 El Nino could become the strongest ever, exacerbating global heat, droughts and floods.",https://www.aljazeera.com/features/2026/9/3/el-nino-a-phenomenon-supercharged-by-climate-change,https://www.aljazeera.com/wp-content/uploads/2026/09/afp_6a983f13bf2a-1788362515.jpg?resize=1920%2C1440,http://web.archive.org/web/20260904003621/https://www.aljazeera.com/features/2026/9/3/el-nino-a-phenomenon-supercharged-by-climate-change,"Anchovies are an unlikely bellwether for a building climatic event, but their disappearance from the coast of South America is heralding one of the biggest El Ninos in living memory.
These small fis… [+7358 chars]","El Nino: A phenomenon supercharged by climate change. Scientists warn the 2026-27 El Nino could become the strongest ever, exacerbating global heat, droughts and floods.","El Nino: Ein durch den Klimawandel verstärktes Phänomen. Wissenschaftler warnen davor, dass der El Niño 2026–27 der stärkste aller Zeiten werden und die globale Hitze, Dürren und Überschwemmungen verschlimmern könnte.","El Nino: Phaenomenon per mutationem climatis gravetur. Scientistae monent 2026-27 El Nino fortissimum esse posse semper, globalem calorem, siccitates et inundationes exacerbare."
2fc82cee8c02c40cb566b024a6df7594,2026-09-03T22:44:15Z,Snow&Ice,Hazard,slickdeals.net,en,0.7,"Used Like New: Google Nest Cam 2K Indoor Wired Security Camera (3rd Gen, Snow) $43.65 + Free S&H","Amazon Resale via Amazon has Used Like New: Google Nest Cam 2K Indoor Wired Security Camera (3rd Gen, Snow, 2025) for $51.36 - 15% off at checkout = $43.66. Shipping is free.

Thanks to Deal Hunter ph",https://slickdeals.net/f/19966782-resale-ac-43-66-google-nest-cam-indoor-wired-3rd-gen-security-camera-2025-snow-used-like-new-at-amazon,https://slickdeals.net/attachment/4/8/2/3/7/7/450x450/21490989.thumb,,"This collaborative space allows users to contribute additional information, tips, and insights to enhance the original deal post. Feel free to share your knowledge and help fellow shoppers make infor… [+26 chars]","Used Like New: Google Nest Cam 2K Indoor Wired Security Camera (3rd Gen, Snow) $43.65 + Free S&H. Amazon Resale via Amazon has Used Like New: Google Nest Cam 2K Indoor Wired Security Camera (3rd Gen, Snow, 2025) for $51.36 - 15% off at checkout = $43.66. Shipping is free.

Thanks to Deal Hunter ph","Gebraucht wie neu: Google Nest Cam 2K Indoor-Sicherheitskamera mit Kabel (3. Generation, Schnee) 43,65 $ + kostenloser Versand und Versand. Amazon-Wiederverkauf über Amazon hat wie neu verwendet: Google Nest Cam 2K Indoor-Sicherheitskamera mit Kabel (3. Generation, Snow, 2025) für 51,36 $ – 15 % Rabatt an der Kasse = 43,66 $. Der Versand ist kostenlos.

Vielen Dank an Deal Hunter ph","Usus est Novus: Google Nest Cam 2K Indoor Wired Camera Securitatis (3rd Gen, Snow) $43.65 + Free S&H. Amazon Resale via Amazon usus est Velut Nova: Google Nest Cam 2K Indoor Wired Camera Securitatis (3 Gen, Nix, 2025) pro $51.36 - 15% off ad checkout = $43.66. Shipping est liber.

Gratias agere Venator ph"
c91235311d1d10b88c3cfe4067390ec9,2026-09-03T23:37:40Z,Snow&Ice,Hazard,en.antaranews.com,en,0.9,The Untold Story ‘NEW YORK IN MONCLER’,"-The untold story of New York in Moncler began when snow met concrete. What could have melted instead endured, forging a love built on pioneering moments and ...",https://en.antaranews.com/news/429823/the-untold-story-new-york-in-moncler,https://cdn.antaranews.com/cache/1200x800/2026/09/04/RESIZED-WhatsApp-Image-2026-09-04-at-05.46.49.jpg,,"A Retrospective of Pioneering New York MomentsSome love stories take time. After decades of shared moments, Moncler reveals the story of its enduring relationship with New York through an expansive c… [+9546 chars]","The Untold Story ‘NEW YORK IN MONCLER’. -The untold story of New York in Moncler began when snow met concrete. What could have melted instead endured, forging a love built on pioneering moments and ...","Die unerzählte Geschichte „NEW YORK IN MONCLER“. -Die unerzählte Geschichte von New York in Moncler begann, als Schnee auf Beton traf. Was stattdessen hätte schmelzen können, blieb bestehen und schmiedete eine Liebe, die auf bahnbrechenden Momenten basierte und ...","Narratio Untold 'NEW EBORACUM IN MONCLER'. Innumera narratio de New York in Moncler incepit cum nix concreta occurrit. Quid dissolvi potuit loco pertulit, amor in momenta auctoris constructa fabricavit et ..."
c3480e638363cfa33d6d362b00700586,2026-09-04T00:00:00Z,Heat Wave,Mitigation,www.nature.com,en,0.3,Toward long-term stability of SAW sensor interface electronics with minimized heat generation and baseline fluctuation,Scientific Reports - Toward long-term stability of SAW sensor interface electronics with minimized heat generation and baseline fluctuation,https://www.nature.com/articles/s41598-026-69618-9.pdf,,,"Three different interface architectures were developed to convert changes in surface acoustic wave (SAW) velocity, generated by a two-port SAW delay line with a UV-C sensing material, into measurable… [+907 chars]",Toward long-term stability of SAW sensor interface electronics with minimized heat generation and baseline fluctuation. Scientific Reports - Toward long-term stability of SAW sensor interface electronics with minimized heat generation and baseline fluctuation,Auf dem Weg zu einer langfristigen Stabilität der SAW-Sensorschnittstellenelektronik mit minimierter Wärmeerzeugung und Basislinienschwankungen. Wissenschaftliche Berichte – Auf dem Weg zur Langzeitstabilität der SAW-Sensorschnittstellenelektronik mit minimierter Wärmeerzeugung und Basislinienschwankungen,Ad diuturnum tempus stabilitas electronicarum interfaciendi sensoris IDI cum calore generationis minimis et fluctuationis basi collocatur. Renuntiationes scientificae - Ad diuturnum tempus stabilitatem interfaciei electronici sensoris IDI cum calore elevato generationis et fluctuationis collocantur
3f135c19fa7c7b9a58f984524fe58d76,2026-09-04T00:18:38Z,Heat Wave,Hazard,www.tristatehomepage.com,en,0.8,Heat wave prompts game time change in week 3 of Highschool football,"HENDERSON, Ky. (WEHT) — Several kick off times have been changed as a heat wave makes its way through the Tri-State. Below is a list of game times for week three of high school football: Indiana Kentucky Illinois",https://www.tristatehomepage.com/sports/local-sports/heat-wave-prompts-game-time-change-in-week-3-of-highschool-football/,https://s.yimg.com/lo/mysterio/api/1573cd0cbf0f856809e068f4699aa00fcc6fb1dcedb8f0e9584bff99fd322f76/lightyear_networkapi/resizefill_w900_h600%3Bquality_80%3Bformat_webp/https%3A%2F%2Fmedia.zenfs.com%2Fen%2Fweht_evansville_articles_587%2F5e39938e8d661eb100530b92b6350993.jpg,,"HENDERSON, Ky. (WEHT) -- Several kick off times have been changed as a heat wave makes its way through the Tri-State. Below is a list of game times for week three of high school football:
<ul><li>Ce… [+493 chars]","Heat wave prompts game time change in week 3 of Highschool football. HENDERSON, Ky. (WEHT) — Several kick off times have been changed as a heat wave makes its way through the Tri-State. Below is a list of game times for week three of high school football: Indiana Kentucky Illinois","Hitzewelle führt in Woche 3 des Highschool-Footballs zu einer Änderung der Spielzeit. HENDERSON, Kentucky (WEHT) – Mehrere Anstoßzeiten wurden geändert, da eine Hitzewelle durch den Tri-State zieht. Nachfolgend finden Sie eine Liste der Spielzeiten für die dritte Woche des High-School-Footballs: Indiana, Kentucky, Illinois","Calor fluctus suggerit ludum temporis mutationem in hebdomada 3 eu turpis. HENDERSON, Ky (WEHT) — Pluribus temporibus calcitrare off mutata est sicut calor fluctus iter facit per Tri- rem publicam. Infra index ludi temporum trium hebdomadarum pediludii magni est: Indiana Kentucky Illinois"
fb8eda17d12df088a1f6ce9beab6a914,2026-09-04T01:15:39Z,Flood,Hazard,english.khabarhub.com,en,0.9,India stands shoulder to shoulder with Nepal after Bhotekoshi floods,"KATHMANDU: The flood came like a wall of water, mud and rock, tearing through mountain settlements with such force that roads disappeared, bridges were swept away and hydropower tunnels became potential graves. But as Nepal confronts the devastating aftermath…",https://english.khabarhub.com/2026/04/566386/,https://english.khabarhub.com/wp-content/uploads/2026/09/Khabar-Hub-News_India-Support-_1200px-630X-px-Final_2026.09.03-Upload.jpg,,"KATHMANDU: The flood came like a wall of water, mud and rock, tearing through mountain settlements with such force that roads disappeared, bridges were swept away and hydropower tunnels became potent… [+43849 chars]","India stands shoulder to shoulder with Nepal after Bhotekoshi floods. KATHMANDU: The flood came like a wall of water, mud and rock, tearing through mountain settlements with such force that roads disappeared, bridges were swept away and hydropower tunnels became potential graves. But as Nepal confronts the devastating aftermath…","Indien steht nach den Überschwemmungen in Bhotekoshi Seite an Seite mit Nepal. KATHMANDU: Die Flut kam wie eine Wand aus Wasser, Schlamm und Stein und riss mit solcher Wucht durch Bergsiedlungen, dass Straßen verschwanden, Brücken weggeschwemmt wurden und Wasserkrafttunnel zu potenziellen Gräbern wurden. Doch während Nepal mit den verheerenden Folgen konfrontiert wird ...","India humerum humerum cum Nepalia stat post diluvia Bhotekoshi. KATHMANDU:  Diluvium quasi murus aquae, caeni et petrae venit, tanta vi discerpens sedes montanas ut viae evanuerunt, pontes rapti sunt et cuniculorum hydro potentia sepulcra facta sunt. Sed ut Nepal uastati reparata occurrit."
705afa48330e7acf38a79abb3f1bfa88,2026-09-04T03:08:30Z,Flood,Hazard,www.tagesschau.de,de,0.9,El Niño: Sorge in Brasilien vor neuen Überschwemmungen,Im brasilianischen Porto Alegre gab es erst vor zwei Jahren eine verheerende Flutkatastrophe. Durch das Klimaphänomen El Niño drohen nun neue Überschwemmungen - ist die Stadt diesmal besser vorbereitet? Von A. Herrberg.,https://www.tagesschau.de/ausland/amerika/el-nino-brasilien-100.html,https://images.tagesschau.de/image/db1ab721-ee69-48ad-9f94-41158b443483/AAABoGmMBDw/AAABnSSvrFg/16x9-big/brasilien-hochwasser-102.jpg?width=1280,http://web.archive.org/web/20260904033656/https://www.tagesschau.de/ausland/amerika/el-nino-brasilien-100.html,"Stand: 04.09.2026 05:08 Uhr
Im brasilianischen Porto Alegre gab es erst vor zwei Jahren eine verheerende Flutkatastrophe. Durch das Klimaphänomen El Niño drohen nun neue Überschwemmungen - ist die S… [+3906 chars]","El Niño: Fear of new floods in Brazil. Just two years ago there was a devastating flood in Porto Alegre, Brazil. The climate phenomenon El Niño is now threatening new floods - is the city better prepared this time? By A. Herrberg.",El Niño: Sorge in Brasilien vor neuen Überschwemmungen. Im brasilianischen Porto Alegre gab es erst vor zwei Jahren eine verheerende Flutkatastrophe. Durch das Klimaphänomen El Niño drohen nun neue Überschwemmungen - ist die Stadt diesmal besser vorbereitet? Von A. Herrberg.,"El Niño: Timor novorum fluminum in Brasilia. Sicut ante duos annos in Porto Alegre, Brasilia vastante diluvium fuit. Loca phaenomenon El Niño nunc nova inundationes impendent - estne urbs paratior hoc tempore? By A. Herrberg."
f089b28cda2ec05d9653725594934c65,2026-09-04T03:37:34Z,Snow&Ice,Hazard,www.lifesciencesworld.com,en,0.9,Why did it snow in Florida in 1977?,"Why Did It Snow In Florida In 1977? A Chilling Look Back The unusually deep incursion of Arctic air, combined with specific atmospheric conditions, is why it snowed in Florida in 1977, a rare event that stunned the Sunshine State. Introduction: A State Unaccu…",https://www.lifesciencesworld.com/why-did-it-snow-in-florida-in-1977/,,http://web.archive.org/web/20260905040051/https://www.lifesciencesworld.com/why-did-it-snow-in-florida-in-1977/,"Why Did It Snow In Florida In 1977? A Chilling Look Back
The unusually deep incursion of Arctic air, combined with specific atmospheric conditions, is why it snowed in Florida in 1977, a rare event … [+9001 chars]","Why did it snow in Florida in 1977?. Why Did It Snow In Florida In 1977? A Chilling Look Back The unusually deep incursion of Arctic air, combined with specific atmospheric conditions, is why it snowed in Florida in 1977, a rare event that stunned the Sunshine State. Introduction: A State Unaccu…","Warum schneite es 1977 in Florida? Warum schneite es 1977 in Florida? Ein erschreckender Rückblick Das ungewöhnlich tiefe Eindringen arktischer Luft in Kombination mit bestimmten atmosphärischen Bedingungen war der Grund, warum es 1977 in Florida schneite, ein seltenes Ereignis, das den Sunshine State verblüffte. Einleitung: Eine staatliche Ungenauigkeit …","Cur nix in Florida anno 1977?. Cur Nix In Florida In 1977? Chilling Respicio Incursio solitae profundae aeris arctici, cum certis atmosphaericis conditionibus, ob causam in Florida anno 1977 nixus est, eventus rarus qui rem publicam solei obstupuit. Introductio: Res publica Unaccu…"
7e837edc6e8f30b4ad6c027f59a32728,2026-09-04T03:38:38Z,Flood,Hazard,www.channelnewsasia.com,en,0.9,"Typhoon Saudel brings torrential rain, flooding to China's coastal areas","Local authorities have shut schools, suspended public transport and enforced emergency flood protocols across multiple coastal areas.",https://www.channelnewsasia.com/east-asia/typhoon-saudel-china-rain-floods-6362121,"https://dam.mediacorp.sg/image/upload/s--in3u_bgr--/c_crop,h_1125,w_2000,x_0,y_129/c_fill,g_auto,h_676,w_1200/f_auto,q_auto/v1/mediacorp/cna/image/2026/09/04/2026-09-04t012240z_1735165266_rc2ibnao9fhr_rtrmadp_3_asia-weather-china.jpg?itok=bvOO5Niq",http://web.archive.org/web/20260905132658/https://www.channelnewsasia.com/east-asia/typhoon-saudel-china-rain-floods-6362121,"Saudel made its third landfall along the coast of Fujian on Thursday morning after intensifying again over the South China Sea.
It is the seventh typhoon to hit China this year and the third to stri… [+1169 chars]","Typhoon Saudel brings torrential rain, flooding to China's coastal areas. Local authorities have shut schools, suspended public transport and enforced emergency flood protocols across multiple coastal areas.","Taifun Saudel bringt sintflutartige Regenfälle und Überschwemmungen in Chinas Küstengebieten. Lokale Behörden haben Schulen geschlossen, den öffentlichen Verkehr eingestellt und in mehreren Küstengebieten Notfallprotokolle für Überschwemmungen durchgesetzt.","Typhoon Saudel affert pluviam torrentem, inundationem ad areas maritimas Sinarum. Auctoritates locales scholas clauserunt, onerarias publicas suspensae et inundationis protocolla tumultuaria per multiplices areas maritimas coegerunt."
49ce45389cbff2b8337ba05a12d6929f,2026-09-04T03:57:54Z,Heat Wave,Impacts,www.bild.de,de,0.8,Deutschlands schärfste Wettergrenze - Wo der Sommer heute abkassiert,Hitze trifft auf Sturm: In Deutschland prallen Sommer und Herbst frontal aufeinander.,https://www.bild.de/news/wetter/deutschlands-schaerfste-wettergrenze-wo-der-sommer-heute-abkassiert-6a9947c27cdc6e46442b5c80,"https://images.bild.de/6a9947c27cdc6e46442b5c80/521ea8b21330b49cfdc71d013da5448e,d7594ba8?w=1280",http://web.archive.org/web/20260905033655/https://www.bild.de/news/wetter/deutschlands-schaerfste-wettergrenze-wo-der-sommer-heute-abkassiert-6a9947c27cdc6e46442b5c80,"TTS-Player überspringenArtikel weiterlesenEs gibt Tage, da liegen zwischen Herbst und Hochsommer nur wenige Kilometer. Genau ein solcher steht Deutschland heute bevor: Eine scharfe Wettergrenze teilt… [+2955 chars]","Germany's harshest weather limit - where summer is cashing in today. Heat meets storm: In Germany, summer and autumn collide head-on.",Deutschlands schärfste Wettergrenze - Wo der Sommer heute abkassiert. Hitze trifft auf Sturm: In Deutschland prallen Sommer und Herbst frontal aufeinander.,"Asperrimae tempestatis Germaniae terminus est, ubi aestas hodie in nummis est. Calor tempestas occurrit: In Germania, aestas et autumnus caput collidunt."
1d8e244bfa981ad1c54181a165b29fd4,2026-09-04T04:01:00Z,Tropical Cyclone,Hazard,science.nasa.gov,en,0.7,A Trio of Tropical Cyclones in the Pacific,The Pacific was buzzing with storms while the Atlantic was notably quiet.,https://science.nasa.gov/earth/earth-observatory/a-trio-of-tropical-cyclones-in-the-pacific/,https://assets.science.nasa.gov/content/dam/science/esd/eo/images/iotd/2026/a-trio-of-tropical-cyclones-in-the-pacific/pacificstorms_epic_20260901_th.jpg/jcr:content/renditions/cq5dam.web.1280.1280.jpeg,http://web.archive.org/web/20260905000744/https://science.nasa.gov/earth/earth-observatory/a-trio-of-tropical-cyclones-in-the-pacific/,"When hurricane forecasters released their seasonal outlooks in spring 2026, the El Niño brewing in the Pacific contributed to predictions of below-normal activity in the Atlantic basin but above-norm… [+4172 chars]",A Trio of Tropical Cyclones in the Pacific. The Pacific was buzzing with storms while the Atlantic was notably quiet.,"Ein Trio tropischer Wirbelstürme im Pazifik. Der Pazifik war voller Stürme, während der Atlantik besonders ruhig war.",Tropical Cyclones in Pacifico. Pacificus cum procellis fremebat dum Atlanticus notabiliter quietus erat.
0ccc175a5daa9c5837ac6256250a478a,2026-09-04T04:06:18Z,Heat Wave,Hazard,www.juancole.com,en,0.8,You-Know-Who is Pushing us toward a Death Valley World,"In Europe, there have already been an estimated 35,000 ""excess deaths"" attributed to four stunning heatwaves that started in May this summer.",https://www.juancole.com/2026/09/pushing-toward-valley.html,https://media.juancole.com/images/2026/09/amirgraphy-a2Tb0i2Dk1Q-unsplash.jpg,,"( Tom Engelhardt Substack ) – Let me not quote him once in this piece. We’ve already heard all too much from him, don’t you think? And president of the United States though he may be, he doesn’t dese… [+7149 chars]","You-Know-Who is Pushing us toward a Death Valley World. In Europe, there have already been an estimated 35,000 ""excess deaths"" attributed to four stunning heatwaves that started in May this summer.","Du-weißt-schon-wer drängt uns in eine Death-Valley-Welt. In Europa gab es bereits schätzungsweise 35.000 „überzählige Todesfälle“, die auf vier atemberaubende Hitzewellen zurückzuführen sind, die im Mai dieses Sommers begannen.","Tu-nove-Quis impellit nos ad Mors Valley Mundum. In Europa iam 35,000 ""excessus mortes"" extimationis quattuor attribuuntur aestuantibus, qui mense Maio hac aestate inceperunt."
ed818e36b5075469fa906febc88a256d,2026-09-04T04:07:22Z,Heat Wave,Hazard,www.insurancejournal.com,en,0.8,France Declares Fifth Heat Wave After Hottest Summer Ever,"France is bracing for its fifth heat wave this year after the hottest summer in its history ravaged forests, hurt the tourism season and destroyed crops in Europe’s top agriculture producer. The new heat wave is due to start on …",https://www.insurancejournal.com/news/international/2026/09/04/883881.htm,https://www.insurancejournal.com/img/social/opengraph/ij-social-default-1200x630.png,http://web.archive.org/web/20260905122854/https://www.insurancejournal.com/news/international/2026/09/04/883881.htm,"France is bracing for its fifth heat wave this year after the hottest summer in its history ravaged forests, hurt the tourism season and destroyed crops in Europe’s top agriculture producer.
The new… [+1540 chars]","France Declares Fifth Heat Wave After Hottest Summer Ever. France is bracing for its fifth heat wave this year after the hottest summer in its history ravaged forests, hurt the tourism season and destroyed crops in Europe’s top agriculture producer. The new heat wave is due to start on …","Frankreich ruft nach dem heißesten Sommer aller Zeiten die fünfte Hitzewelle aus. Frankreich bereitet sich dieses Jahr auf die fünfte Hitzewelle vor, nachdem der heißeste Sommer seiner Geschichte Wälder verwüstet, die Tourismussaison beeinträchtigt und Ernten in Europas größtem Agrarproduzenten zerstört hat. Die neue Hitzewelle beginnt am …","Gallia declarat Quintum Calidum Undo post calidissimam aestatem umquam. Gallia Quintum aestum aestus hoc anno captat, postquam calidissima aestas in historia sua silvas populata est, voluptuaria similesve tempus laesit et fruges in summo agriculturae Europaeo operante delevit. Novus calor fluctus debet incipere in ..."
c8fd0aee9494a1501b1a241d9760a3aa,2026-09-04T04:15:24Z,Heat Wave,Hazard,ooe.orf.at,de,0.9,Heißester August in OÖ seit Messbeginn,"Auch der August 2026 hat in Österreich und Oberösterreich Hitzerekorde gebracht. Er war der heißeste achte Monat des Jahres in der 260-jährigen Messgeschichte des Landes. In Linz haben die Temperaturen sogar die Werte überschritten, die 2019 in einer Simulati…",https://ooe.orf.at/stories/3369751/,https://ibs.orf.at/ooe?image=https%3A%2F%2Foekastatic.orf.at%2Fmims%2F2026%2F32%2F18%2Fcrops%2Fw%3D1200%2Ch%3D627%2Cq%3D75%2F3138974_master_1216818_p8050903.jpg%3Fs%3D33d3c750859de603915530f660bea860364c5b0a,,"Im Projekt CLARITY wurde in Linz 2019 vorgenommen die Hitzebelastung der Zukunft für die Jahre 2021 bis 2050 simuliert. Mit den Ergebnissen wollte man Wege finden, um auf die Folgen der Klimakrise re… [+1485 chars]","Hottest August in Upper Austria since measurements began. August 2026 also brought heat records in Austria and Upper Austria. It was the hottest eighth month of the year in the country's 260-year measurement history. In Linz, the temperatures even exceeded the values ​​recorded in a simulation in 2019.","Heißester August in OÖ seit Messbeginn. Auch der August 2026 hat in Österreich und Oberösterreich Hitzerekorde gebracht. Er war der heißeste achte Monat des Jahres in der 260-jährigen Messgeschichte des Landes. In Linz haben die Temperaturen sogar die Werte überschritten, die 2019 in einer Simulati…","Calidissimus Augustus in Austria superiore cum mensuris incepit. Augusti 2026 etiam caloris monumenta in Austria et Austria superiore attulit. calidissimus octavus mensis anni in historia mensurae patriae 260 anni erat. In Linz, temperaturae etiam bona in simulatione 2019 scripta excesserunt."
3be818d14f9ada6b083ddbcfa05212b7,2026-09-04T04:42:36Z,Flood,Hazard,www.rte.ie,en,0.9,Two trapped tunnel workers rescued in Nepal after floods,"Two hydropower workers have been pulled from a tunnel buried by debris in Nepal, more than a week after catastrophic flooding swept through the area, government ministers said.",https://www.rte.ie/news/asia/2026/0904/1590278-nepal-rescue-efforts/,https://www.rte.ie/images/0024f3b8-1600.jpg,http://web.archive.org/web/20260904182912/https://www.rte.ie/news/asia/2026/0904/1590278-nepal-rescue-efforts/,"Two hydropower workers have been pulled from a tunnel buried by debris in Nepal, more than a week after catastrophic flooding swept through the area, government ministers said.
Rescuers cheered as o… [+2361 chars]","Two trapped tunnel workers rescued in Nepal after floods. Two hydropower workers have been pulled from a tunnel buried by debris in Nepal, more than a week after catastrophic flooding swept through the area, government ministers said.","Zwei eingeschlossene Tunnelarbeiter wurden in Nepal nach Überschwemmungen gerettet. Zwei Wasserkraftarbeiter wurden aus einem unter Trümmern verschütteten Tunnel in Nepal gezogen, mehr als eine Woche nachdem das Gebiet von einer katastrophalen Überschwemmung heimgesucht wurde, sagten Regierungsminister.","Duo cuniculi capti opifices in Nepalia post diluvia servati sunt. Duo operarii hydropower e cuniculo obrutae strages in Nepalia extraxerunt, plus quam septimana post inundationem calamitosas per aream scopae ministrorum regiminis dixerunt."
fa52f159ef9280d0bf1da4d8d4a860ff,2026-09-04T05:23:00Z,Heat Wave,Hazard,kyweathercenter.com,en,0.8,Steamy Temps and Strong Storms Start the Weekend,Good Friday to one and all. Our early September heat wave continues out there today as we look ahead toward the increasing potential for a few strong to severe storms. These storms are ahead of a massive cooldown coming for Sunday and Labor Day. Heat builds b…,https://kyweathercenter.com/?p=78672,,,Good Friday to one and all. Our early September heat wave continues out there today as we look ahead toward the increasing potential for a few strong to severe storms. These storms are ahead of a mas… [+1464 chars],Steamy Temps and Strong Storms Start the Weekend. Good Friday to one and all. Our early September heat wave continues out there today as we look ahead toward the increasing potential for a few strong to severe storms. These storms are ahead of a massive cooldown coming for Sunday and Labor Day. Heat builds b…,"Heiße Temperaturen und starke Stürme beginnen das Wochenende. Karfreitag euch allen. Unsere Hitzewelle Anfang September hält auch heute noch an, während wir auf die zunehmende Gefahr einiger starker bis schwerer Stürme blicken. Diesen Stürmen steht am Sonntag und am Labor Day eine massive Abkühlung bevor. Wärme baut sich auf …",Steamy Temps and Fortis Tempestates Committitur Volutpat. Feria Sexta in Parasceve ad unum et omnia. Primae Septembris nostri calor fluctus hodie illic pergit dum prospicimus ad augendam potentiam aliquot validas ad graves procellas. Hae procellae praecedunt ingens frigoris adventus pro die Dominico et Labore. Æstus aedificat b…
7f3672a60a37042e81ebd16a7b71bd43,2026-09-04T05:23:57Z,Snow&Ice,Impacts,www.inautonews.com,en,0.9,Jaguar brings four-wheel drive to XF and XJ saloons,"Jaguar has unveiled all-wheel-drive versions of its XF and XJ saloons at the 2012 Moscow Motor Show, targeting US and snowbelt markets with a new system and V6 power.",https://www.inautonews.com/jaguar-two-into-four-will-go,https://www.inautonews.com/media/generated/2026/09/jaguar-brings-four-wheel-drive-to-xf-and-xj-saloons-cc07558e.png,http://web.archive.org/web/20260904121042/https://www.inautonews.com/jaguar-two-into-four-will-go,"Jaguar launched all-wheel-drive versions of its XF and XJ saloons at the 2012 Moscow Motor Show, marking a return to four driven wheels for the brand after the X-Type. The new models, aimed at the US… [+2959 chars]","Jaguar brings four-wheel drive to XF and XJ saloons. Jaguar has unveiled all-wheel-drive versions of its XF and XJ saloons at the 2012 Moscow Motor Show, targeting US and snowbelt markets with a new system and V6 power.",Jaguar bringt Allradantrieb in die Limousinen XF und XJ. Jaguar hat auf dem Moskauer Autosalon 2012 Allradversionen seiner Limousinen XF und XJ vorgestellt und zielt mit einem neuen System und V6-Antrieb auf die Märkte in den USA und im Schneegürtel ab.,"Iaguar fert quattuor rotas coegi ad XF et XJ saloons. Jaguar omnia rota coegi versiones suae XF et XJ in saloons ad Motorem MMXII Moscuae ostendunt, US et mercatus snowbelt cum nova systemate et potentia V6 oppugnant."
d1ee8292a36dfc3a5f550fcf29c69391,2026-09-04T05:28:01Z,Landslide,Hazard,www.diepresse.com,de,0.9,Sturzflut im Himalaya: Überlebender nach neun Tagen gerettet,"Bei der Sturzflut am 26. August waren nach einem Gletscherabbruch mehr als 1250 Menschen ums Leben gekommen. Mehr als 4200 werden noch vermisst, Tausende wurden obdachlos.",https://www.diepresse.com/41229861/sturzflut-im-himalaya-ueberlebender-nach-neun-tagen-gerettet,https://img.diepresse.com/public/incoming/5p0k9n-imagost0902161700010865603444jpg/alternates/WEBP_WIDE_1200/imago_st_0902_16170001_0865603444.jpg,http://web.archive.org/web/20260904055509/https://www.diepresse.com/41229861/sturzflut-im-himalaya-ueberlebender-nach-neun-tagen-gerettet,"Die Presse auf Google als bevorzugte Nachrichtenquelle hinzufügen.
 In Nepal ist neun Tage nach den katastrophalen Überschwemmungen eine Person lebend aus einem Tunnel gerettet worden. Eine weitere … [+1437 chars]","Flash flood in the Himalayas: Survivor rescued after nine days. More than 1,250 people died in the flash flood on August 26th after a glacier collapsed. More than 4,200 are still missing and thousands have been left homeless.","Sturzflut im Himalaya: Überlebender nach neun Tagen gerettet. Bei der Sturzflut am 26. August waren nach einem Gletscherabbruch mehr als 1250 Menschen ums Leben gekommen. Mehr als 4200 werden noch vermisst, Tausende wurden obdachlos.","Fulgura diluvium in Himalayas: Superstes servatus post novem dies. Plus quam 1,250 homines in mico diluvio die 26 Augusti post glaciem corruerunt. Plus quam 4,200 adhuc desunt et milia profugo relicta sunt."
b3ba2f6ce8414536ffe62a6a4bfdc8a1,2026-09-04T06:25:45Z,Thunderstorm,Hazard,www.zeit.de,de,0.9,Unwetterwarnung: Sturmböen in Anmarsch: So wird das Wetter in Niedersachsen,Hier finden Sie Informationen zu dem Thema „Unwetterwarnung“. Lesen Sie jetzt „Sturmböen in Anmarsch: So wird das Wetter in Niedersachsen“.,https://www.zeit.de/news/2026-09/04/sturmboeen-in-anmarsch-so-wird-das-wetter-in-niedersachsen,https://img.zeit.de/news/2026-09/04/sturmboeen-in-anmarsch-so-wird-das-wetter-in-niedersachsen-image-group/wide__1300x731,http://web.archive.org/web/20260904221834/https://www.zeit.de/news/2026-09/04/sturmboeen-in-anmarsch-so-wird-das-wetter-in-niedersachsen,Auf Niedersachsen kommen am Freitag Starkregen und kräftiger Wind zu. Vor allem von Ostfriesland bis zur Elbe warnt der Deutsche Wetterdienst (DWD) zwischen 8.00 und 14.00 Uhr vor 20 bis 35 Litern Re… [+2280 chars],Storm warning: squalls approaching: This is what the weather will be like in Lower Saxony. Here you will find information on the topic of “severe weather warnings”. Now read “Storm gusts approaching: This is what the weather will be like in Lower Saxony”.,Unwetterwarnung: Sturmböen in Anmarsch: So wird das Wetter in Niedersachsen. Hier finden Sie Informationen zu dem Thema „Unwetterwarnung“. Lesen Sie jetzt „Sturmböen in Anmarsch: So wird das Wetter in Niedersachsen“.,"Tempestas admonens: procellis appropinquans: haec tempestas erit in inferiori Saxonia. Hic informationes invenies in argumento ""gravium tempestatum monitorum"". Nunc lege ""Procellae procellae appropinquantes: haec tempestas erit in Saxonia inferiori."""
9bc71820aa1a268bbbc2bf79c774f1e7,2026-09-04T07:30:00Z,Heat Wave,Impacts,economictimes.indiatimes.com,en,0.3,"In 2007, Oak Ridge built a roof with phase-change material between foil layers; attic temperatures fell about 22°F, with utility savings estimated at 8%","Developed by Oak Ridge National Laboratory, innovative attic technology utilizing phase change materials has proven to lower attic temperatures and reduce cooling energy use significantly. Research conducted almost twenty years ago highlighted its potential f…",https://economictimes.indiatimes.com/news/international/us/in-2007-oak-ridge-built-a-roof-with-phase-change-material-between-foil-layers-summer-attic-temperatures-fell-about-22f-and-projected-utility-bills-dropped-8/articleshow/133725549.cms,"https://img.etimg.com/thumb/msid-133725593,width-1200,height-630,imgsize-254064,overlay-economictimes/articleshow.jpg",http://web.archive.org/web/20260904085211/https://economictimes.indiatimes.com/news/international/us/in-2007-oak-ridge-built-a-roof-with-phase-change-material-between-foil-layers-summer-attic-temperatures-fell-about-22f-and-projected-utility-bills-dropped-8/articleshow/133725549.cms,"As the summer season approaches and heat starts rising all over the US, air conditioners have to work overtime, causing electric bills to go up. In several cases, a fair share of the load on your AC … [+4617 chars]","In 2007, Oak Ridge built a roof with phase-change material between foil layers; attic temperatures fell about 22°F, with utility savings estimated at 8%. Developed by Oak Ridge National Laboratory, innovative attic technology utilizing phase change materials has proven to lower attic temperatures and reduce cooling energy use significantly. Research conducted almost twenty years ago highlighted its potential f…","Im Jahr 2007 baute Oak Ridge ein Dach mit Phasenwechselmaterial zwischen Folienschichten; Die Dachbodentemperaturen sanken um etwa 22 °F, wobei die Einsparungen bei den Energiekosten auf 8 % geschätzt wurden. Die vom Oak Ridge National Laboratory entwickelte innovative Dachbodentechnologie unter Verwendung von Phasenwechselmaterialien senkt nachweislich die Dachbodentemperaturen und reduziert den Kühlenergieverbrauch erheblich. Vor fast zwanzig Jahren durchgeführte Untersuchungen haben sein Potenzial für … aufgezeigt.","Anno 2007, Quercus Ridge tectum cum materia mutationis inter claua strata aedificavit; Atticae temperaturae circiter 22°F ceciderunt, cum utilitate peculii ad 8% aestimata sunt. Developed by Oak Ridge National Laboratory, innovative Attica technology adhibendis phase change material has proved to lower attic temperature and reduce cooling energy use significantly significant. Investigatio peracta viginti fere annos suam potentiam potentialem f…"
4c6802a6a25f0441430ad346484fa4ce,2026-09-04T08:00:01Z,Drought,Impacts,www.gov.uk,en,0.8,Environment Secretary visits Havant Thicket reservoir as government strengthens water resilience amid ongoing drought,"Environment Secretary visits Havant Thicket, England's first new reservoir in over 30 years as water resilience is a top government priority",https://www.gov.uk/government/news/environment-secretary-visits-havant-thicket-reservoir-as-government-strengthens-water-resilience-amid-ongoing-drought,https://www.gov.uk/assets/frontend/govuk-opengraph-image-4196a4d6333cf92aaf720047f56cfd91b3532d7635fc21ebcf0d5897df6b5f77.png,http://web.archive.org/web/20260905122227/https://www.gov.uk/government/news/environment-secretary-visits-havant-thicket-reservoir-as-government-strengthens-water-resilience-amid-ongoing-drought,"The Environment Secretary visited Havant Thicket reservoir in Hampshire yesterday (Thursday 3 September), overseeing the latest steps to deliver a water-resilient future, as the National Drought Grou… [+6499 chars]","Environment Secretary visits Havant Thicket reservoir as government strengthens water resilience amid ongoing drought. Environment Secretary visits Havant Thicket, England's first new reservoir in over 30 years as water resilience is a top government priority","Umweltminister besucht den Stausee Havant Thicket, während die Regierung die Widerstandsfähigkeit des Wassers angesichts der anhaltenden Dürre stärkt. Umweltminister besucht Havant Thicket, Englands ersten neuen Stausee seit über 30 Jahren, da die Widerstandsfähigkeit des Wassers für die Regierung oberste Priorität hat","Secretarius ambitus visitat Alveus Havant Thicket ut regimen aquae mollitiam inter siccitatem permanentem confirmat. Secretarius Environment visitat Havant Thicket, primum novum alveum Angliae in supra 30 annos sicut aqua mollitia summa imperii prioritas est."
c1a183de6f544e2ad00584709ffd47d0,2026-09-04T08:17:58Z,Heat Wave,Hazard,www.dailymail.com,en,0.8,Thought September would be cooler? Tourists in Spain brace for 38 degrees this weekend as late-summer heatwave hits - with night temperatures of 25 degrees,"It's been a summer of extreme weather - and while we're heading into the autumn season, it seems the heat is not quite over yet.",https://www.dailymail.com/travel/article-16104679/September-cooler-Tourists-Spain-brace-heatwave.html,https://i.dailymail.com/1s/2026/09/04/08/111047229-0-image-a-7_1788507485866.jpg,,"Cooler temperatures spreading across Europe have been a welcome break from the scorching summer and intense heatwaves that have dominated the news over recent weeks.
But for some, the drama is not q… [+2144 chars]","Thought September would be cooler? Tourists in Spain brace for 38 degrees this weekend as late-summer heatwave hits - with night temperatures of 25 degrees. It's been a summer of extreme weather - and while we're heading into the autumn season, it seems the heat is not quite over yet.","Dachten Sie, der September wäre kühler? Touristen in Spanien müssen sich an diesem Wochenende auf 38 Grad einstellen, da die Hitzewelle im Spätsommer zuschlägt – mit Nachttemperaturen von 25 Grad. Es war ein Sommer mit extremem Wetter – und während wir uns auf die Herbstsaison zubewegen, scheint es, als sei die Hitze noch nicht ganz vorbei.","Putavit September frigidiorem fore? Peregrinatores in Hispania ue pro 38 gradibus hoc weekend sicut caloris aestate nuper hits - cum nox temperaturis 25 graduum. Aestas extremae tempestatis fuit - et dum in tempus autumni petimus, calor adhuc non admodum videtur."
45d23f874c657692db03e7bdeecca76d,2026-09-04T08:30:00Z,Heat Wave,Mitigation,economictimes.indiatimes.com,en,0.3,"In 2018, a University of Hawaii study compared green and white roofs in Honolulu; the green roof was reported to have lower peak temperatures at the surface and nearby air",A University of Hawaii graduate student tested green roofs against white ones. The green roof proved significantly cooler than the adjacent white roof. This cooling effect extended two feet above the green roof surface. Evapotranspiration from plants cools su…,https://economictimes.indiatimes.com/news/international/us/in-2018-a-university-of-hawaii-study-compared-green-and-white-roofs-in-honolulu-the-green-roof-was-reported-to-have-lower-peak-temperatures-at-the-surface-and-nearby-air/articleshow/133729441.cms,"https://img.etimg.com/thumb/msid-133729544,width-1200,height-630,imgsize-363258,overlay-economictimes/articleshow.jpg",http://web.archive.org/web/20260905075517/https://economictimes.indiatimes.com/news/international/us/in-2018-a-university-of-hawaii-study-compared-green-and-white-roofs-in-honolulu-the-green-roof-was-reported-to-have-lower-peak-temperatures-at-the-surface-and-nearby-air/articleshow/133729441.cms,"Honolulu gets pretty hot, and like most cities, much of that heat comes from rooftops absorbing sunlight all day. In 2018, Elizabeth Dionne, a graduate student pursuing a Master of Geoscience for Pro… [+5216 chars]","In 2018, a University of Hawaii study compared green and white roofs in Honolulu; the green roof was reported to have lower peak temperatures at the surface and nearby air. A University of Hawaii graduate student tested green roofs against white ones. The green roof proved significantly cooler than the adjacent white roof. This cooling effect extended two feet above the green roof surface. Evapotranspiration from plants cools su…","Im Jahr 2018 verglich eine Studie der Universität von Hawaii grüne und weiße Dächer in Honolulu; Es wurde berichtet, dass das Gründach niedrigere Spitzentemperaturen an der Oberfläche und in der Luft in der Nähe aufweist. Ein Doktorand der Universität von Hawaii testete Gründächer im Vergleich zu weißen Dächern. Das Gründach erwies sich als deutlich kühler als das angrenzende weiße Dach. Dieser Kühleffekt reichte zwei Fuß über die Gründachoberfläche hinaus. Evapotranspiration von Pflanzen kühlt die Luft.","In 2018, universitas Hawaii studiorum viridia et alba tecta in Honolulu comparavit; Tectum viridis relatum est ad apicem temperaturas inferiores in superficie et prope aerem habere. Universitas Hawaii discipulus graduata viridi tecta contra albas probata est. Tectum viridis probatum est insigniter frigidius quam tecto albo adjacente. Hoc refrigerium effectum duos pedes supra superficiem tectorii viridis extendit. Evapotranspiratio ex plantis refrigerat su…"
d55029fc5ff5686b7e4c20cf8fb39a9d,2026-09-04T09:00:00Z,Heat Wave,Mitigation,godanriver.com,en,0.3,Hurricane Fran hit Southside Virginia 30 years ago,"This weekend marks the 30th anniversary of the system that roared through the region as a tropical storm, snapping trees and power lines like twigs, leaving tens of thousands without power amid 90-degree heat.",https://godanriver.com/article_138a656a-16f9-4a07-8b76-e591a6e7ec80.html,https://bloximages.newyork1.vip.townnews.com/roanoke.com/content/tncms/assets/v3/editorial/0/9e/09ebed64-203f-519b-b493-fb83e41ee665/6a99ba223430e.preview.jpg?crop=1606%2C843%2C45%2C298&resize=1200%2C630&order=crop%2Cresize,,"At the height of the storm, 80% of Danvilles power customers were without electricity as the winds howled and the rain poured.
Danville officials estimated that about 500 trees came down in the city… [+1416 chars]","Hurricane Fran hit Southside Virginia 30 years ago. This weekend marks the 30th anniversary of the system that roared through the region as a tropical storm, snapping trees and power lines like twigs, leaving tens of thousands without power amid 90-degree heat.","Hurrikan Fran traf Southside Virginia vor 30 Jahren. Dieses Wochenende markiert den 30. Jahrestag des Systems, das als tropischer Sturm durch die Region tobte, Bäume und Stromleitungen wie Zweige umbrach und Zehntausende bei 30 Grad Hitze ohne Strom zurückließ.","Procellae Fran hit Southside Virginia 30 annos. Haec volutpat XXX anniversarium systematis notat, quod per regionem tempestatis tropicae increpuit, sonantes arbores et lineas virtutis sicut virgulta, decem milia sine potentia inter 90 gradus caloris relinquentes."
75a0619898494a2d0dec9b724ad96a71,2026-09-04T09:01:58Z,Landslide,Hazard,www.zeit.de,de,0.9,Unglück am Berg: Felssturz von Bondo: Angeklagte freigesprochen,Hier finden Sie Informationen zu dem Thema „Unglück am Berg“. Lesen Sie jetzt „Felssturz von Bondo: Angeklagte freigesprochen“.,https://www.zeit.de/news/2026-09/04/felssturz-von-bondo-angeklagte-freigesprochen,https://img.zeit.de/news/2026-09/04/felssturz-von-bondo-angeklagte-freigesprochen-image-group/wide__1300x731,http://web.archive.org/web/20260904092633/https://www.zeit.de/news/2026-09/04/felssturz-von-bondo-angeklagte-freigesprochen,Schweizer Behörden tragen an den tragischen Folgen des Felssturzes von Bondo 2017 mit acht Toten keine Mitschuld. Das Regionalgericht Maloja sprach die fünf Angeklagten vom Vorwurf der fahrlässigen T… [+1556 chars],Accident on the mountain: Rockslide in Bondo: Defendant acquitted. Here you will find information on the topic of “Disaster on the Mountain”. Read “Bondo rockslide: Defendant acquitted” now.,Unglück am Berg: Felssturz von Bondo: Angeklagte freigesprochen. Hier finden Sie Informationen zu dem Thema „Unglück am Berg“. Lesen Sie jetzt „Felssturz von Bondo: Angeklagte freigesprochen“.,"Accidens in monte: Rockslide in Bondo: Reus absol. Hic informationes invenies in argumento ""cladis in monte"". Lege ""Bondo rockslide: reus absolutus"" nunc."
64f68ef8ab4064c5c3af6d353af2d3e4,2026-09-04T09:03:03Z,Landslide,Hazard,www.tagesspiegel.de,de,0.9,Unglück am Berg: Felssturz von Bondo: Angeklagte freigesprochen,"Drei Millionen Kubikmeter Gestein begruben 2017 Wanderwege, acht Wanderer starben, darunter vier Deutsche. Warum die Angeklagten trotzdem freigesprochen werden.",https://www.tagesspiegel.de/gesellschaft/panorama/dpa-ungluck-am-berg-16017205.html,https://www.tagesspiegel.de/images/16017204/alternates/BASE_16_9_W1400/1788512584000/felssturz-von-bondo-gericht-spricht-angeklagte-frei.jpeg,http://web.archive.org/web/20260905111922/https://www.tagesspiegel.de/gesellschaft/panorama/dpa-ungluck-am-berg-16017205.html,Schweizer Behörden tragen an den tragischen Folgen des Felssturzes von Bondo 2017 mit acht Toten keine Mitschuld. Das Regionalgericht Maloja sprach die fünf Angeklagten vom Vorwurf der fahrlässigen T… [+1612 chars],"Accident on the mountain: Rockslide in Bondo: Defendant acquitted. Three million cubic meters of rock buried hiking trails in 2017, and eight hikers died, including four Germans. Why the defendants are still acquitted.","Unglück am Berg: Felssturz von Bondo: Angeklagte freigesprochen. Drei Millionen Kubikmeter Gestein begruben 2017 Wanderwege, acht Wanderer starben, darunter vier Deutsche. Warum die Angeklagten trotzdem freigesprochen werden.","Accidens in monte: Rockslide in Bondo: Reus absol. Tria miliones metrorum cubicorum saxorum sepulti sunt calles hikings anno 2017, et octingenti hikeri mortui sunt, quattuor inclusis Germanis. Quare adhuc absoluti sunt rei."
d540971fdfef915b81da472b5ccfe6a7,2026-09-04T09:07:59Z,Flood,Hazard,www.bild.de,de,0.3,Katastrophentraining - So verhalten Sie sich richtig bei einer Notlage,"Beim Selbsthilfe-Seminar des Medizinischen Katastrophen-Hilfswerks lernte BILD, wie man sich auf Krisenfälle wie einen Stromausfall vorbereitet.",https://www.bild.de/leben-wissen/mein-recht-verbraucherportal/stromausfall-trinkwasser-herstellen-notvorraete-anlegen-braende-loeschen-6718a500eed6270ef59e4e49,"https://images.bild.de/6718a500eed6270ef59e4e49/f5e27ebba90a35bf1e9a783829b6b4fa,5118d472?w=1280",http://web.archive.org/web/20260904101317/https://www.bild.de/leben-wissen/mein-recht-verbraucherportal/stromausfall-trinkwasser-herstellen-notvorraete-anlegen-braende-loeschen-6718a500eed6270ef59e4e49,TTS-Player überspringenArtikel weiterlesenIn großen Teilen der Bevölkerung ist die Verunsicherung groß. Naturkatastrophen wie die Hochwasser-Krise im Mai 2024 in Süddeutschland nehmen zu. Und es gibt… [+4240 chars],"Disaster training - How to behave correctly in an emergency. At the self-help seminar run by the Medical Disaster Relief Organization, BILD learned how to prepare for crises such as a power outage.","Katastrophentraining - So verhalten Sie sich richtig bei einer Notlage. Beim Selbsthilfe-Seminar des Medizinischen Katastrophen-Hilfswerks lernte BILD, wie man sich auf Krisenfälle wie einen Stromausfall vorbereitet.","Disciplina calamitatis - Quomodo recte conversari in an emergency. In Seminario auto-auxilio currunt a Disastate Relevamen Organizationis Medicae, BILIS discit discrimina praeparare sicut eu potentia."
ac53c546c3fb116c7316bf7a22fe62f9,2026-09-04T09:37:18Z,Drought,Impacts,economictimes.indiatimes.com,en,0.3,How India's below-average September rainfall fuels concern about crops,India faces below-average monsoon rains and higher temperatures this September.  This rainfall deficit impacts summer crops entering critical growth stages.  Winter crop planting may also be hampered by insufficient soil moisture.  Lower agricultural output c…,https://economictimes.indiatimes.com/news/india/how-indias-below-average-september-rainfall-fuels-concern-about-crops/articleshow/133756504.cms,"https://img.etimg.com/thumb/msid-133758366,width-1200,height-630,imgsize-256008,overlay-economictimes/articleshow.jpg",http://web.archive.org/web/20260904203553/https://economictimes.indiatimes.com/news/india/how-indias-below-average-september-rainfall-fuels-concern-about-crops/articleshow/133756504.cms,"MUMBAI: India's weather office has forecast rains in September that are below average, with temperatures above average, after accruing a rainfall deficit in August, amid a strengthening El Nino weath… [+3922 chars]",How India's below-average September rainfall fuels concern about crops. India faces below-average monsoon rains and higher temperatures this September.  This rainfall deficit impacts summer crops entering critical growth stages.  Winter crop planting may also be hampered by insufficient soil moisture.  Lower agricultural output c…,"Wie Indiens unterdurchschnittliche Septemberniederschläge die Sorge um die Ernte schüren. Indien ist diesen September mit unterdurchschnittlichen Monsunregen und höheren Temperaturen konfrontiert.  Dieses Niederschlagsdefizit wirkt sich auf Sommerkulturen aus, die in kritische Wachstumsstadien eintreten.  Der Anbau von Winterfrüchten kann auch durch unzureichende Bodenfeuchtigkeit behindert werden.  Geringere landwirtschaftliche Produktion c…",Ut infra medium Septembris Indiae cibus pluviis circa fruges curant. Indiae facies infra mediocris monsoon pluviae et superiores temperaturas hoc Septembris.  Haec pluvia defectus impulsus aestatis segetibus criticae incrementa ingrediens progreditur.  Hiems seges satio potest etiam impedita umore solo insufficiens.  Minus agriculturae output c ...
82e190ebe387d2d790b5fe0d2ffa6c15,2026-09-04T09:51:32Z,Heat Wave,Causes,biztoc.com,en,0.8,"Almost anyone can make money selling electricity with AI, batteries and solar panels","For many Europeans, this summer’s heat was a powerful reminder of the damage climate change has wrought — from illness and devastated crops to high energy bills. For Andrew Austin, a 34-year-old homeowner in Shropshire, England, the stubbornly high temperatur…",https://biztoc.com/x/cf91a5e7d8bff042,https://biztoc.com/cdn/cf91a5e7d8bff042_s.webp,,"For many Europeans, this summers heat was a powerful reminder of the damage climate change has wrought from illness and devastated crops to high energy bills. For Andrew Austin, a 34-year-old homeown… [+148 chars]","Almost anyone can make money selling electricity with AI, batteries and solar panels. For many Europeans, this summer’s heat was a powerful reminder of the damage climate change has wrought — from illness and devastated crops to high energy bills. For Andrew Austin, a 34-year-old homeowner in Shropshire, England, the stubbornly high temperatur…","Fast jeder kann mit dem Verkauf von Strom mit KI, Batterien und Sonnenkollektoren Geld verdienen. Für viele Europäer war die Hitze dieses Sommers eine deutliche Erinnerung an die Schäden, die der Klimawandel angerichtet hat – von Krankheiten und zerstörten Ernten bis hin zu hohen Energierechnungen. Für Andrew Austin, einen 34-jährigen Hausbesitzer in Shropshire, England, sind die hartnäckig hohen Temperaturen…","Fere quisque potest pecuniam electricitatem vendere cum AI, gravida et tabulas solares. Multis Europaeis, caloris huius aestatis, potens admonitio damni mutationis climatis operata est - ex valetudine et fruges devastatae ad altae energiae rogationes. Andreas enim Augustinus, homo XXXIV annorum homeowner in Salopia in Anglia, pertinaciter temperatus est."
9358a8f8cd48fd30fad6b15d1733bf8c,2026-09-04T09:55:28Z,Landslide,Hazard,orf.at,de,0.9,Felssturz von Bondo in der Schweiz: Freisprüche,,https://orf.at/stories/3441192/,https://orf.at/mojo/1_4_1/storyserver//news/common/images/og-fallback-news.png,http://web.archive.org/web/20260904150901/https://orf.at/stories/3441192/,Schweizer Behörden haben an den tragischen Folgen des Felssturzes von Bondo 2017 mit acht Toten keine Mitschuld. Das Regionalgericht Maloja sprach die fünf Angeklagten heute vom Vorwurf der fahrlässi… [+1224 chars],Bondo rockslide in Switzerland: acquittals. None,Felssturz von Bondo in der Schweiz: Freisprüche. None,Bondo rockslide in Helvetia: absolutions. Nullus
26fd473f7329901f6d310f5387b4ac50,2026-09-04T10:00:00Z,Tropical Cyclone,Hazard,newrepublic.com,en,0.7,Is Nepal a Turning Point in Climate Coverage?,"It’s been slow coming, but news coverage of climate change may at last be turning a corner. For years, reporting on climate-related disasters—the superstorm Hurricane Helene that blasted the Southeastern U.S. in 2024, the mega-fires that torched Los Angeles i…",https://newrepublic.com/article/215077/nepal-turning-point-climate-coverage,https://images.newrepublic.com/9dba00b0854cc12a10ac87091457d91e78f7adb2.jpeg?w=1200&h=630&crop=faces&fit=crop&fm=jpg,,"Meanwhile, The Guardian, Agence France-Presse, The New York Times, the Associated Press, Bloomberg, Deutsche Welle, and other outlets whose reporting has long reflected established climate science su… [+1618 chars]","Is Nepal a Turning Point in Climate Coverage?. It’s been slow coming, but news coverage of climate change may at last be turning a corner. For years, reporting on climate-related disasters—the superstorm Hurricane Helene that blasted the Southeastern U.S. in 2024, the mega-fires that torched Los Angeles i…","Ist Nepal ein Wendepunkt in der Klimaberichterstattung? Es kommt nur langsam voran, aber die Berichterstattung über den Klimawandel könnte endlich eine Wende erreichen. Seit Jahren berichten wir über klimabedingte Katastrophen – den Supersturm Hurrikan Helene, der 2024 den Südosten der USA verwüstete, die Großbrände, die Los Angeles in Brand setzten …","Estne Nepal discrimen in Clima Coverage? Tardius adventus eius fuit, sed nuntius coverage de mutatione climatis potest tandem angulum vertere. Annos, nuntians clades caeli relatas - turbo procellae Helene quae Australis Americae Australis in 2024 excanduit, mega-ignes taederunt Los Angeles i…"
0e3b0117cb6e48912606c9175c7ae7e2,2026-09-04T10:18:12Z,Landslide,Hazard,www.sueddeutsche.de,de,0.9,Prozess in der Schweiz: Angeklagte im Falle des Bergsturzes von Bondo freigesprochen,"Im August 2017 löste ein Bergsturz am Piz Cengalo eine Gerölllawine aus, die acht Wanderer tötete. War das Unglück vorhersehbar? Fünf Menschen, unter ihnen eine Politikerin, mussten sich dafür vor Gericht verantworten.",https://www.sueddeutsche.de/panorama/bergsturz-bondo-piz-cengalo-urteil-prozess-li.3542291,https://www.sueddeutsche.de/2026/09/04/7a48fa0b-de58-47db-84e3-e5e7646ecec3.jpg?q=60&fm=webp&width=1200&rect=0%2C209%2C4000%2C2250,http://web.archive.org/web/20260904114238/https://www.sueddeutsche.de/panorama/bergsturz-bondo-piz-cengalo-urteil-prozess-li.3542291,"An dem Bergsturz von Bondo, der im August 2017 in der Schweiz acht Wanderer in den Tod riss, tragen die Behörden keine Mitschuld. So hat nun das Regionalgericht Maloja im Schweizer Kanton Graubünden … [+1504 chars]","Trial in Switzerland: Defendant in Bondo landslide case acquitted. In August 2017, a landslide on Piz Cengalo triggered a debris avalanche that killed eight hikers. Was the accident predictable? Five people, including a politician, had to answer for this in court.","Prozess in der Schweiz: Angeklagte im Falle des Bergsturzes von Bondo freigesprochen. Im August 2017 löste ein Bergsturz am Piz Cengalo eine Gerölllawine aus, die acht Wanderer tötete. War das Unglück vorhersehbar? Fünf Menschen, unter ihnen eine Politikerin, mussten sich dafür vor Gericht verantworten.","Iudicium in Helvetia: Reus in Bondo LAPSUS casus absolutus est. Mense Augusto 2017, prolapsio in Piz Cengalo strages NIVIS CAELAE quae octingentos hikers occidit. Praedictio erat casus? Quinque homines, etiam politicus, ad hoc in iudicio respondere debebant."
6c8a7bc75158f4dd6040943166bb68cf,2026-09-04T10:41:33Z,Heat Wave,Causes,www.zeit.de,de,0.9,Trockenheit: Weiter kaum Wasser in Oberweser und Elbe,Hier finden Sie Informationen zu dem Thema „Trockenheit“. Lesen Sie jetzt „Weiter kaum Wasser in Oberweser und Elbe“.,https://www.zeit.de/news/2026-09/04/weiter-kaum-wasser-in-oberweser-und-elbe,https://img.zeit.de/news/2026-09/04/weiter-kaum-wasser-in-oberweser-und-elbe-image-group/wide__1300x731,http://web.archive.org/web/20260904111927/https://www.zeit.de/news/2026-09/04/weiter-kaum-wasser-in-oberweser-und-elbe,"Den Flüssen in Niedersachsen fehlt trotz Schauern und Unwettern weiter Wasser. Die Niederschläge der vergangenen Tage und Wochen haben die Pegelstände zwar immer mal wieder ansteigen lassen, wie aus … [+1783 chars]",Drought: Hardly any water in the Oberweser and Elbe. Here you will find information on the topic of “drought”. Now read “Hardly any water in the Oberweser and Elbe”.,Trockenheit: Weiter kaum Wasser in Oberweser und Elbe. Hier finden Sie Informationen zu dem Thema „Trockenheit“. Lesen Sie jetzt „Weiter kaum Wasser in Oberweser und Elbe“.,"Siccitas: vix ulla aqua in Oberweser et Albis. Hic informationes invenies in argumento « siccitatis ». Nunc lege ""Vix ulla aqua in Oberweser et Albis""."
6e627d334be753013402eb117bada1a5,2026-09-04T11:10:51Z,Heat Wave,Hazard,post.rlsbb.cc,en,0.7,AAA Ola De Calor 2026.08.30 1080p WEB H264-HEEL,"AAA Ola de Calor (Spanish for “Heat Wave”) was a major cross-promotional professional wrestling event co-produced by Mexican promotion Lucha Libre AAA Worldwide and WWE. Held on August 30, 2026, at the Bert Ogden Arena in Edinburg, Texas, the show served as t…",https://post.rlsbb.cc/aaa-ola-de-calor-2026-08-30-1080p-web-h264-heel/,,,"AAA Ola de Calor (Spanish for “Heat Wave”) was a major cross-promotional professional wrestling event co-produced by Mexican promotion Lucha Libre AAA Worldwide and WWE. Held on August 30, 2026, at t… [+634 chars]","AAA Ola De Calor 2026.08.30 1080p WEB H264-HEEL. AAA Ola de Calor (Spanish for “Heat Wave”) was a major cross-promotional professional wrestling event co-produced by Mexican promotion Lucha Libre AAA Worldwide and WWE. Held on August 30, 2026, at the Bert Ogden Arena in Edinburg, Texas, the show served as t…","AAA Ola De Calor 2026.08.30 1080p WEB H264-HEEL. AAA Ola de Calor (spanisch für „Hitzewelle“) war ein großes Cross-Promotion-Wrestling-Event, das von der mexikanischen Promotion Lucha Libre AAA Worldwide und WWE gemeinsam produziert wurde. Die Show fand am 30. August 2026 in der Bert Ogden Arena in Edinburg, Texas, statt und diente als …","AAA Ola De Calore 2026.08.30 1080p WEB H264-HEEL. AAA Ola de Calor (Hispanice pro ""Astus Undo"") maior exitus crucis-promotionalis colluctatio professionalis co-fecundata a Lucha Libre AAA totius orbis et WWE promotione Mexicana facta est. Die 30 Augusti 2026 habita, apud Bert Ogden Arena in Edinburg, Texas, spectaculum pro t."
99046d2a4d996687fc0dc8cc0603f6bf,2026-09-04T11:34:51Z,Cold Wave,Hazard,economictimes.indiatimes.com,en,0.3,"IIT Bombay graduate loses dream job months after joining, sends 200+ cold emails and then changes his approach","A 21-year-old IIT Bombay graduate has detailed a career marked by rapid changes, from internships and a startup attempt to a dream job at Chronicle and an unexpected layoff months later. After sending more than 200 cold emails and attending over 10 interviews…",https://economictimes.indiatimes.com/news/new-updates/iit-bombay-graduate-loses-dream-job-months-after-joining-sends-200-cold-emails-and-then-changes-his-approach/articleshow/133760621.cms,"https://img.etimg.com/thumb/msid-133761319,width-1200,height-630,imgsize-77200,overlay-economictimes/articleshow.jpg",http://web.archive.org/web/20260905033411/https://economictimes.indiatimes.com/news/new-updates/iit-bombay-graduate-loses-dream-job-months-after-joining-sends-200-cold-emails-and-then-changes-his-approach/articleshow/133760621.cms,"At 21, Soham has already gone through internships, a failed startup, job interviews, a dream job and an unexpected spell of unemployment. The IIT Bombay graduate recently shared his career journey on… [+4669 chars]","IIT Bombay graduate loses dream job months after joining, sends 200+ cold emails and then changes his approach. A 21-year-old IIT Bombay graduate has detailed a career marked by rapid changes, from internships and a startup attempt to a dream job at Chronicle and an unexpected layoff months later. After sending more than 200 cold emails and attending over 10 interviews…","Ein Absolvent des IIT Bombay verliert Monate nach seinem Beitritt seinen Traumjob, verschickt über 200 kalte E-Mails und ändert dann seine Herangehensweise. Ein 21-jähriger Absolvent des IIT Bombay hat eine Karriere beschrieben, die von schnellen Veränderungen geprägt war, von Praktika und einem Startup-Versuch bis hin zu einem Traumjob bei Chronicle und einer unerwarteten Entlassung Monate später. Nach dem Versenden von mehr als 200 Kalt-E-Mails und der Teilnahme an über 10 Interviews …","IIT Bombayus graduatus somnium officium mensibus iunctis amittit, 200+ electronicas frigidas mittit et tunc adventum suum mutat. Graduatus XXI annos IIT Bombayus curriculum notatum rapidis mutationibus, ab internships et initium conatum ad officium somnii in Chronico et in inopinato post menses ponunt. Post mittens plus quam CC frigida emails et circa X colloquiis…"
19720a830827feeed94a82d1ddb84654,2026-09-04T11:41:13Z,Drought,Hazard,www.tagesschau.de,de,0.9,Weltweite Lebensmittelpreise steigen auf höchsten Stand seit 2022,"Weltweit steigen die Lebensmittelpreise immer weiter. Das liegt unter anderem an Extremwetter, etwa der Dürre in Europa. Aber auch militärische Konflikte wie der Krieg im Nahen Osten verteuern Nahrungsmittel.",https://www.tagesschau.de/wirtschaft/verbraucher/un-lebensmittelpreise-anstieg-weltweit-100.html,https://images.tagesschau.de/image/60d96d8c-ba85-49f7-83a7-8ebe684d9e32/AAABndkrRfQ/AAABnSSvrFg/16x9-big/lebensmittel-kassenbon-102.jpg?width=1280,http://web.archive.org/web/20260904225151/https://www.tagesschau.de/wirtschaft/verbraucher/un-lebensmittelpreise-anstieg-weltweit-100.html,"Stand: 04.09.2026 13:41 Uhr
Weltweit steigen die Lebensmittelpreise immer weiter. Das liegt unter anderem an Extremwetter, etwa der Dürre in Europa. Aber auch militärische Konflikte wie der Krieg im… [+1958 chars]","Global food prices are rising to their highest level since 2022. Food prices continue to rise worldwide. This is due, among other things, to extreme weather, such as the drought in Europe. But military conflicts such as the war in the Middle East also make food more expensive.","Weltweite Lebensmittelpreise steigen auf höchsten Stand seit 2022. Weltweit steigen die Lebensmittelpreise immer weiter. Das liegt unter anderem an Extremwetter, etwa der Dürre in Europa. Aber auch militärische Konflikte wie der Krieg im Nahen Osten verteuern Nahrungsmittel.","Pretia cibi globalis ad summum gradum ascendunt cum 2022. Pretia ciborum in orbem terrarum oriuntur. Hoc accidit, inter alia, ad extremam tempestatem, sicut siccitas in Europa. Sed conflictus militares sicut bellum in Medio Oriente etiam cibum cariorem faciunt."
2f29af912fa60bc13380026d62a4973f,2026-09-04T12:06:33Z,Snow&Ice,Hazard,timesofindia.indiatimes.com,en,0.9,"Mars winter turns carbon dioxide into snow and ice, cycling 25% of the atmosphere and changing circulation across the planet",Mars' winter atmosphere transforms as carbon dioxide freezes onto polar regions. These seasonal caps hold a substantial portion of the planet's atmosphere. Roughly a quarter of Mars' atmosphere cycles through these caps annually. This process powerfully influ…,https://timesofindia.indiatimes.com/science/mars-winter-turns-carbon-dioxide-into-snow-and-ice-cycling-25-of-the-atmosphere-and-changing-circulation-across-the-planet/articleshow/133762176.cms,"https://static.toiimg.com/thumb/msid-133762332,width-1280,height-720,resizemode-6,overlay-toi_sw,pt-32,y_pad-600/photo.jpg",,"<ul><li>News</li>
<li>Science News</li>
<li>Mars winter turns carbon dioxide into snow and ice, cycling 25% of the atmosphere and changing circulation across the planet</li></ul>
Follow Us On Soci… [+2040 chars]","Mars winter turns carbon dioxide into snow and ice, cycling 25% of the atmosphere and changing circulation across the planet. Mars' winter atmosphere transforms as carbon dioxide freezes onto polar regions. These seasonal caps hold a substantial portion of the planet's atmosphere. Roughly a quarter of Mars' atmosphere cycles through these caps annually. This process powerfully influ…","Der Marswinter verwandelt Kohlendioxid in Schnee und Eis, zirkuliert 25 % der Atmosphäre und verändert die Zirkulation auf dem Planeten. Die Winteratmosphäre des Mars verändert sich, wenn Kohlendioxid in den Polarregionen gefriert. Diese saisonalen Kappen enthalten einen erheblichen Teil der Atmosphäre des Planeten. Ungefähr ein Viertel der Marsatmosphäre durchquert diese Kappen jährlich. Dieser Prozess beeinflusst stark…","Mars hiemalis dioxidum carbonis in nivem et glaciem vertit, 25% atmosphaerae gyratio et per planetam circulationem mutans. Atmosphaera Martis hiemalis transformat ut dioxidum carbonii in regiones polares constringitur. Haec temporanea pilei tenent portionem substantialem planetae atmosphaerae. Circiter quarta pars atmosphaerae Martis per hos pileos quotannis cyclos. Hic processus potenter influ…"
fbf627b97efab407adee9d44e14ce0b4,2026-09-04T12:30:00Z,Heat Wave,Hazard,www.keloland.com,en,0.8,High school football set for Friday night in September heat,"SIOUX FALLS, S.D. (KELO) — Dozens of high school football teams are set to hit the field Friday in South Dakota, despite a strong September heat wave. The KELOLAND Sports team will be out covering highlights from 13 games across the state ahead of the KELOLAN…",https://www.keloland.com/sports/high-school-football-set-for-friday-night-in-september-heat/,https://s.yimg.com/lo/mysterio/api/ab486b68467691f7763756fd5657177a369d2e596535ed3a3f2df2a84198a939/lightyear_networkapi/resizefill_w900_h506%3Bquality_80%3Bformat_webp/https%3A%2F%2Fmedia.zenfs.com%2Fen%2Fkelo_sioux_falls_articles_311%2F7a2d2c25781804ca521d400c41457e01.png,,"SIOUX FALLS, S.D. (KELO) -- Dozens of high school football teams are set to hit the field Friday in South Dakota, despite a strong September heat wave.
The KELOLAND Sports team will be out covering … [+1273 chars]","High school football set for Friday night in September heat. SIOUX FALLS, S.D. (KELO) — Dozens of high school football teams are set to hit the field Friday in South Dakota, despite a strong September heat wave. The KELOLAND Sports team will be out covering highlights from 13 games across the state ahead of the KELOLAN…","High-School-Football ist für Freitagabend in der Septemberhitze angesetzt. SIOUX FALLS, S.D. (KELO) – Trotz einer starken Hitzewelle im September werden Dutzende High-School-Football-Teams am Freitag in South Dakota aufs Feld gehen. Das KELOLAND Sports-Team wird vor dem KELOLAN über die Höhepunkte von 13 Spielen im ganzen Bundesstaat berichten.","Turpis eu turpis posuere per noctem Veneris in Septembri aestu. SIOUX Superavit, S.D. (KELO) - Dozens iunctiones altae scholae pediludii positi sunt ad feriendum campum Veneris in Dakota Australi, quamquam fortes Septembres undae aestus. KELOLAND Ludi turmae tegentes elucidat ex 13 ludis per statum ante KELOLAN…"
cd84d13b6e3bc9940d014c94cde00b86,2026-09-04T12:30:03Z,Heat Wave,Hazard,sports.yahoo.com,en,0.8,"Monza's Friday Practice Runs Into a Heat Wave, and That's an Engineering Problem Too","Monza doesn't do subtlety, and neither does this week's forecast. AccuWeather has issued a Yellow Warning for Extreme High Temperature covering the region around the Autodromo Nazionale Monza, with Friday practice landing squarely inside a heat wave forecast …",https://sports.yahoo.com/articles/monzas-friday-practice-runs-heat-123003989.html,https://s.yimg.com/lo/mysterio/api/f91dbad553915d724caf04037f7f23ed6b0a442c0a77bd1fd3fe5dd8a5e6b19f/lightyear_networkapi/resizefill_w1200%3Bquality_80%3Bformat_webp/https%3A%2F%2Fmedia.zenfs.com%2Fen%2Fbackfire_news_articles_769%2F5dfb26862c484205eb84755de20c5dea.jpg,http://web.archive.org/web/20260905173010/https://sports.yahoo.com/articles/monzas-friday-practice-runs-heat-123003989.html,"Monza doesn't do subtlety, and neither does this week's forecast. AccuWeather has issued a Yellow Warning for Extreme High Temperature covering the region around the Autodromo Nazionale Monza, with F… [+3879 chars]","Monza's Friday Practice Runs Into a Heat Wave, and That's an Engineering Problem Too. Monza doesn't do subtlety, and neither does this week's forecast. AccuWeather has issued a Yellow Warning for Extreme High Temperature covering the region around the Autodromo Nazionale Monza, with Friday practice landing squarely inside a heat wave forecast …","Monzas Freitagstraining gerät in eine Hitzewelle, und das ist auch ein technisches Problem. Monza macht keine Feinheiten und die Prognose dieser Woche auch nicht. AccuWeather hat für die Region rund um das Autodromo Nazionale Monza eine gelbe Warnung vor extrem hohen Temperaturen herausgegeben, wobei das Freitagstraining genau in einer vorhergesagten Hitzewelle landete …","Usu Veneris Monzae incurrit in undam caloris, et hoc problema Engineering Nimis est. Monza subtilitatem non facit, nec praenuntiatio huius hebdomadis facit. AccuWeather edixit Flavium Monitum pro Extrema High Temperature velantem regionem circa Autodromum Nazionale Monzae, cum praxi Veneris appulsum directe intra calorem aquae praenuntiativum ..."
0039297c0c32dd30e32f12f7aa01d5f2,2026-09-04T13:07:39Z,Landslide,Hazard,www.faz.net,de,0.9,Schweiz: Angeklagte nach Felssturz von Bondo freigesprochen,"Acht Wanderer sind 2017 bei dem Felssturz gestorben. Vor Gericht ging es um die Frage, ob es Anzeichen dafür gab – und Wanderwege hätten geschlossen werden müssen.",https://www.faz.net/aktuell/gesellschaft/schweiz-angeklagte-nach-felssturz-von-bondo-freigesprochen-201195556.html,https://media0.faz.net/image/w1200h627/832e41fac144/w6144h3210x0y443o/202608/43601.0.2466131505/ein-mann-sieht-sich-im.webp,http://web.archive.org/web/20260904173851/https://www.faz.net/aktuell/gesellschaft/schweiz-angeklagte-nach-felssturz-von-bondo-freigesprochen-201195556.html,Schweizer Behörden tragen an den tragischen Folgen des Felssturzes von Bondo 2017 mit acht Toten keine Mitschuld. Das Regionalgericht Maloja sprach die fünf Angeklagten vom Vorwurf der fahrlässigen T… [+1534 chars],Switzerland: Defendant acquitted after Bondo rockslide. Eight hikers died in the rockslide in 2017. The question in court was whether there were signs of this - and hiking trails should have been closed.,"Schweiz: Angeklagte nach Felssturz von Bondo freigesprochen. Acht Wanderer sind 2017 bei dem Felssturz gestorben. Vor Gericht ging es um die Frage, ob es Anzeichen dafür gab – und Wanderwege hätten geschlossen werden müssen.",Helvetia: Reus absolutus post Bondo rockslide. Octo hikeri mortui sunt in rocklide in 2017. Quaestio in curia erat utrum signa huius - et calles hiking clausi essent.
02f12d7d06dcd3b9ca72108068872423,2026-09-04T13:51:00Z,Storm,Hazard,www.cbc.ca,en,0.9,'You couldn’t see anything': Windsor-Essex residents pick up the pieces after radar-confirmed tornado,"Residents across Windsor and Essex County were left cleaning up Thursday night after a powerful storm moved through the region, with Environment Canada saying its radar showed a tornado in the area.",https://www.cbc.ca/news/canada/windsor/tornado-power-outage-9.7332370,"https://i.cbc.ca/ais/afaf88b9-1330-45ae-8848-ee436d7f8dca,1788541685659/full/max/0/default.jpg?im=Crop%2Crect%3D%280%2C0%2C1164%2C654%29%3BResize%3D620",http://web.archive.org/web/20260904171824/https://www.cbc.ca/news/canada/windsor/tornado-power-outage-9.7332370,"The sky turned green, the wind suddenly intensified and then the destruction began.
Residents across Windsor and Essex County were left cleaning up Thursday night after a powerful storm moved throug… [+6644 chars]","'You couldn’t see anything': Windsor-Essex residents pick up the pieces after radar-confirmed tornado. Residents across Windsor and Essex County were left cleaning up Thursday night after a powerful storm moved through the region, with Environment Canada saying its radar showed a tornado in the area.","„Man konnte nichts sehen“: Anwohner von Windsor-Essex heben die Trümmer nach einem vom Radar bestätigten Tornado auf. Anwohner in ganz Windsor und Essex County mussten am Donnerstagabend aufräumen, nachdem ein starker Sturm über die Region gezogen war. Environment Canada sagte, sein Radar habe einen Tornado in der Gegend angezeigt.","'Quicquam videre potuistis': Windsor-Essex incolas colligent postquam turbo radar-confirmatus est. Residentibus trans Windsor et Essexiam comitatus die Iovis nocte post tempestatem validam per regionem emissam relicti sunt, cum environment Canada dicens radar suum turbo in area ostendit."
c010905f4b2d074c5fc95c95e186a6c9,2026-09-04T14:01:00Z,Heat Wave,Mitigation,www.dawgsports.com,en,0.3,Throwback Dawg Day: Clemson Unable To Cool Off Dawgs In Scorching Opener,"Sweltering heat for a Georgia football season opener? Yes, that’ll be true on Saturday when Tennessee State comes to town…but it was also true in one of Georgia football’s biggest season-opening statement wins – 2003 at Clemson. With a noon kickoff, you expec…",https://www.dawgsports.com/georgia-bulldogs-football/38515/throwback-dawg-day-clemson-unable-to-cool-off-dawgs-in-scorching-opener,https://s.yimg.com/lo/mysterio/api/8966816ecdb1ddcd1aa5c6aae6aceaf11f3e7ff1ca6f9f29531e2281e22b8903/lightyear_networkapi/resizefill_w1200%3Bquality_80%3Bformat_webp/https%3A%2F%2Fmedia.zenfs.com%2Fen%2Fsb_nation_articles_115%2F9c3b8aa4dac62d3c078f0fa3a8706d5b.jpg,http://web.archive.org/web/20260905064852/https://www.dawgsports.com/georgia-bulldogs-football/38515/throwback-dawg-day-clemson-unable-to-cool-off-dawgs-in-scorching-opener,"Sweltering heat for a Georgia football season opener?
Yes, that'll be true on Saturday when Tennessee State comes to townbut it was also true in one of Georgia football's biggest season-opening stat… [+1721 chars]","Throwback Dawg Day: Clemson Unable To Cool Off Dawgs In Scorching Opener. Sweltering heat for a Georgia football season opener? Yes, that’ll be true on Saturday when Tennessee State comes to town…but it was also true in one of Georgia football’s biggest season-opening statement wins – 2003 at Clemson. With a noon kickoff, you expec…","Throwback Dawg Day: Clemson schafft es nicht, Dawgs im heißen Eröffnungsspiel abzukühlen. Drückende Hitze beim Auftakt der Football-Saison in Georgia? Ja, das wird am Samstag zutreffen, wenn Tennessee State in die Stadt kommt … aber es traf auch auf einen der größten Saisonauftaktsiege des Georgia-Footballs zu – 2003 bei Clemson. Mit einem Mittagsauftakt erwarten Sie…","Throwback Dawg Dies: Clemson 'non refrigescant Dawgs in scorching Opener. Retractatio caloris ad tempus felis eu opens Georgiae? Ita, quod die Sabbati verum erit, cum Tennessee Civitas ad oppidum venit…sed etiam in una Georgia eu maximus enuntiationis aperturae tempus vincit – 2003 apud Clemson. Cum a meridie kickoffs, exspectas…"
f13c78c8ad69f5f05131c0b145bc438d,2026-09-04T14:02:30Z,Precipitation,Hazard,www.zeit.de,de,0.9,Rockfestival: Starkregen verzögert Start von «Jamel rockt den Förster»,Hier finden Sie Informationen zu dem Thema „Rockfestival“. Lesen Sie jetzt „Starkregen verzögert Start von «Jamel rockt den Förster»“.,https://www.zeit.de/news/2026-09/04/starkregen-verzoegert-start-von-jamel-rockt-den-foerster,https://img.zeit.de/news/2026-09/04/starkregen-verzoegert-start-von-jamel-rockt-den-foerster-image-group/wide__1300x731,,"Der Startschuss für das Rockfestival «Jamel rockt den Förster» muss wegen Starkregens um mehrere Stunden verschoben werden. «Die Zufahrt nach Jamel ist derzeit nicht möglich», teilten die Veranstalte… [+1314 chars]",Rock festival: Heavy rain delays the start of “Jamel rocks the forester”. Here you will find information on the topic of “Rock Festival”. Now read “Heavy rain delays the start of “Jamel rocks the forester””.,Rockfestival: Starkregen verzögert Start von «Jamel rockt den Förster». Hier finden Sie Informationen zu dem Thema „Rockfestival“. Lesen Sie jetzt „Starkregen verzögert Start von «Jamel rockt den Förster»“.,"Petra festus: Imbribus gravis initium ""Iamel petrae forestarii"". Hic informationes invenies in argumento ""Petri Festi"". Nunc legitur ""Imbris gravis initium ""Iamel rupes forestarii""."
23b81d3eecbb938062e964d14f362d13,2026-09-04T14:03:10Z,Heat Wave,Causes,www.rte.ie,en,0.3,Spain equals September heat record at 45.7C,"Spain registered its joint-highest temperature for September on record with 45.7C measured in a southwestern town as exceptional heat hits the country, weather agency AEMET said.",https://www.rte.ie/news/europe/2026/0904/1590357-spain-weather/,https://www.rte.ie/images/0024f4cf-1600.jpg,http://web.archive.org/web/20260905105529/https://www.rte.ie/news/europe/2026/0904/1590357-spain-weather/,"Spain registered its joint-highest temperature for September on record with 45.7C measured in a southwestern town as exceptional heat hits the country, weather agency AEMET said.
Yesterday's reading… [+1252 chars]","Spain equals September heat record at 45.7C. Spain registered its joint-highest temperature for September on record with 45.7C measured in a southwestern town as exceptional heat hits the country, weather agency AEMET said.","Spanien erreicht mit 45,7 °C den September-Hitzerekord. Spanien verzeichnete im September mit 45,7 °C in einer Stadt im Südwesten die höchste Temperatur seit Beginn der Aufzeichnungen, da das Land von außergewöhnlicher Hitze heimgesucht wird, teilte die Wetteragentur AEMET mit.","Hispania adaequet Septembri caloris recordum 45.7C. Hispania temperatura summa commissura descripserunt in mense Septembri cum 45.7C in oppido meridionali mensus est, quod eximii caloris patriam ferit, propellente tempestatem AEMET dixit."
725a3d1b46918255e6fb9294590cb9d6,2026-09-04T14:20:50Z,Drought,Hazard,gizmodo.com,en,0.8,Extreme Drought Has Shrivelled New Mexico’s Largest Reservoir Down to Just 1.4%,The scientists managing NASA’s imaging satellites are not only tracking the reservoir’s disappearing water but also assisting drought-ravaged farmers and local communities.,https://gizmodo.com/extreme-drought-has-shrivelled-new-mexicos-largest-reservoir-down-to-just-1-4-2000807403,https://gizmodo.com/app/uploads/2026/09/Elephant-Butte-Reservoir-Drought-NM--1200x675.jpg,http://web.archive.org/web/20260905021207/https://gizmodo.com/extreme-drought-has-shrivelled-new-mexicos-largest-reservoir-down-to-just-1-4-2000807403,"An 87-mile-long (140-kilometer-long) stretch of the Rio Grande is so bone dry right now that some local farmers havent been able to irrigate their crops in the past two months. And, as soon as next y… [+3855 chars]",Extreme Drought Has Shrivelled New Mexico’s Largest Reservoir Down to Just 1.4%. The scientists managing NASA’s imaging satellites are not only tracking the reservoir’s disappearing water but also assisting drought-ravaged farmers and local communities.,"Extreme Dürre hat den größten Stausee von New Mexico auf nur 1,4 % schrumpfen lassen. Die Wissenschaftler, die die Bildsatelliten der NASA verwalten, verfolgen nicht nur das verschwindende Wasser des Stausees, sondern helfen auch von der Dürre heimgesuchten Bauern und örtlichen Gemeinden.",Extrema siccitas Novo Mexici maxima Reservoir Down ad 1.4% defloruit. NASA physici satellites imaginandi administrandi non solum aquationem aquae evanescentem vestigandi sunt sed etiam siccitates agricolae et communitates locales adiuvantes.
13db343553702423c434d02394f924ba,2026-09-04T14:26:11Z,Landslide,Hazard,www.n-tv.de,de,0.9,Freispruch vor Gericht: Behörden tragen an tragischem Felssturz von Bondo keine Schuld,"Neun Jahre nach dem verheerenden Felssturz von Bondo mit acht Toten fällt das Urteil gegen fünf damalige Verantwortliche. Im Zentrum steht die Frage, ob die Katastrophe vorhersehbar war und Wanderwege hätten gesperrt werden müssen.",https://www.n-tv.de/panorama/Behoerden-tragen-an-tragischem-Felssturz-von-Bondo-keine-Schuld-id31270522.html,https://www.n-tv.de/img/31270640/1788533390/Img_16_9/1200/imago0074795817h.jpg,http://web.archive.org/web/20260904235002/https://www.n-tv.de/panorama/Behoerden-tragen-an-tragischem-Felssturz-von-Bondo-keine-Schuld-id31270522.html,"An der Nordflanke des Piz Cengalo kamen 2018 acht Bergsteiger ums Leben. (Foto: imago/robertharding)
Neun Jahre nach dem verheerenden Felssturz von Bondo mit acht Toten fällt das Urteil gegen fünf d… [+1826 chars]","Acquittal in court: Authorities are not to blame for the tragic rockslide in Bondo. Nine years after the devastating rockslide in Bondo that killed eight people, the verdict has been passed against five people responsible at the time. The focus is on the question of whether the disaster was foreseeable and hiking trails should have been closed.","Freispruch vor Gericht: Behörden tragen an tragischem Felssturz von Bondo keine Schuld. Neun Jahre nach dem verheerenden Felssturz von Bondo mit acht Toten fällt das Urteil gegen fünf damalige Verantwortliche. Im Zentrum steht die Frage, ob die Katastrophe vorhersehbar war und Wanderwege hätten gesperrt werden müssen.","In iudicio absolutio: Auctoritates in Bondo tragicos saxa vituperent. Novem annos postquam in Bondo vastatus est, qui octo homines necavit, sententia contra quinque homines eo tempore lata est. Iuppiter est de quaestione num clades praevisa et calles hikings clausae esse debuerint."
b33759f0280cb4eaf41399aeb28e63c8,2026-09-04T14:39:40Z,Thunderstorm,Hazard,versicherungswirtschaft-heute.de,de,0.8,Hagelsturm in der Schweiz kommt Versicherer teuer zu stehen,"Ein schweres Hagelunwetter in der Schweiz hat zu großen Schäden geführt. Allein die Allianz Suisse registrierte bislang mehr als 11.000 Schadenmeldungen an Fahrzeugen. „Die Zahl steigt weiterhin an“, teilte der Versicherer mit. Dort setzt man nun auf speziell…",https://versicherungswirtschaft-heute.de/politik-und-regulierung/2026-09-04/hagelsturm-in-der-schweiz-kommt-versicherer-teuer-zu-stehen/,https://versicherungswirtschaft-heute.de//wp-60d20-content/uploads/2026/05/Foto_Elementa_Hagel-1200x800.jpg,,Versicherer wie die Allianz warnen vor den wachsenden Risiken durch Hagelstürme (Archivbild). Bildquelle: Elementa Zentrum für NaturgefahrenEin schweres Hagelunwetter in der Schweiz hat zu großen Sch… [+626 chars],"Hailstorm in Switzerland costs insurers dearly. A severe hailstorm in Switzerland caused extensive damage. Allianz Suisse alone has so far registered more than 11,000 reports of damage to vehicles. “The number continues to rise,” said the insurer. There they are now relying on special…","Hagelsturm in der Schweiz kommt Versicherer teuer zu stehen. Ein schweres Hagelunwetter in der Schweiz hat zu großen Schäden geführt. Allein die Allianz Suisse registrierte bislang mehr als 11.000 Schadenmeldungen an Fahrzeugen. „Die Zahl steigt weiterhin an“, teilte der Versicherer mit. Dort setzt man nun auf speziell…","Grando tempestas in Helvetia insurores carissimos constat. Gravis grandines in Helvetia magnum damnum attulit. Allianz Suisse solus in tantum plus quam 11000 relationum damnorum in vehiculis relatus est. Numerus insurgere pergit, insurer dixit. Ibi nunc specialibus freti sunt…"
46bae6e325fa4143215d0635232441f3,2026-09-04T14:53:57Z,Heat Wave,Causes,theconversation.com,en,0.3,Climate change images are getting scarier – could fear help drive action?,New research suggests negative or anxiety-inducing images might be more useful than once thought.,https://theconversation.com/climate-change-images-are-getting-scarier-could-fear-help-drive-action-290464,https://images.theconversation.com/files/758010/original/file-20260904-50-30xr7a.jpg?ixlib=rb-4.1.1&rect=1070%2C1238%2C3216%2C1608&q=45&auto=format&w=1356&h=668&fit=crop,http://web.archive.org/web/20260905000503/https://theconversation.com/climate-change-images-are-getting-scarier-could-fear-help-drive-action-290464,"Over the summer, Europe provided a stark new set of images of climate change. Wildfires raced across forests and grasslands, rivers and reservoirs dried up in droughts and extreme heat disrupted ever… [+4790 chars]",Climate change images are getting scarier – could fear help drive action?. New research suggests negative or anxiety-inducing images might be more useful than once thought.,"Die Bilder vom Klimawandel werden immer beängstigender – könnte Angst dabei helfen, Maßnahmen zu ergreifen? Neue Forschungsergebnisse deuten darauf hin, dass negative oder angstauslösende Bilder möglicherweise nützlicher sind als bisher angenommen.",Clima mutationis imagines sunt scarier questus - actio auxilium coegi posset timere? Novae investigationes negativas vel anxietates inducentes imagines utiliores quam semel cogitaverunt.
5af782c913b198f3da8e94145577e4fa,2026-09-04T15:27:16Z,Drought,Hazard,truthout.org,en,0.7,El Niño-Induced Drought Will Reduce Shipping Through Panama Canal,"The El Niño weather phenomenon is becoming more impactful due to the effects of climate change, a new study shows.",https://truthout.org/articles/el-nino-induced-drought-will-reduce-shipping-through-panama-canal/,https://truthout.org/app/uploads/2026/09/2026-0904-panama-canal.jpg,,"Honest, paywall-free news is rare. Please support our boldly independent journalism with a donation of any size.
While much of the world is focused on the disruption of shipping traffic near Iran an… [+2791 chars]","El Niño-Induced Drought Will Reduce Shipping Through Panama Canal. The El Niño weather phenomenon is becoming more impactful due to the effects of climate change, a new study shows.","Durch El Niño verursachte Dürre wird die Schifffahrt durch den Panamakanal verringern. Das Wetterphänomen El Niño wird aufgrund der Auswirkungen des Klimawandels immer schwerwiegender, wie eine neue Studie zeigt.","Siccitas el Niño-inductas Shipping per Panamam Canalem reducet. Quod phaenomenon tempestatis El Niño magis impulsum fit ob effectus mutationis climatis, novum studium ostendit."
23c62b50dfb4f4fddf22cc15b881cd31,2026-09-04T16:10:55Z,Drought,Impacts,www.thescottishfarmer.co.uk,en,0.3,Late drilled oilseed rape needs autumn nutrition boost,"Later-drilled winter oilseed rape needs strong autumn growth, with nutrition and variety choice key to successful establishment.",https://www.thescottishfarmer.co.uk/news/26444761.late-drilled-oilseed-rape-needs-autumn-nutrition-boost/,https://www.thescottishfarmer.co.uk/resources/images/21286494.jpg?type=og-image,http://web.archive.org/web/20260904174859/https://www.thescottishfarmer.co.uk/news/26444761.late-drilled-oilseed-rape-needs-autumn-nutrition-boost/,"Andrew Cromie, head of crop nutrition at ProCam, said many growers have delayed drilling until late August or September after Julys dry weather disrupted plans. Others are waiting until after the pea… [+1738 chars]","Late drilled oilseed rape needs autumn nutrition boost. Later-drilled winter oilseed rape needs strong autumn growth, with nutrition and variety choice key to successful establishment.","Spät gesäter Raps benötigt im Herbst einen Nährstoffschub. Später gesäter Winterraps benötigt ein starkes Herbstwachstum, wobei Ernährung und Sortenwahl für eine erfolgreiche Etablierung von entscheidender Bedeutung sind.","Nuper terebrata oilseed raptus eget pellentesque autumni boost. Raptus oleiseed hiemis postea mandet validum autumni incrementum eget, cum nutritione et varietate clavis electionis ad felicem instaurationem."
a2369974cf3f1bf74614884c77b1f41f,2026-09-04T16:23:02Z,Tropical Cyclone,Impacts,www.insurancejournal.com,en,0.7,East Texas Grapples With Flooding From Tropical Storm Edouard,"Texas authorities rescued dozens of people from stranded cars, homes surrounded by floodwaters and an assisted living facility as former Tropical Storm Edouard lingered over rural parts of the state and dumped nearly 2 feet of rain in some places. …",https://www.insurancejournal.com/news/southcentral/2026/09/04/884109.htm,https://www.insurancejournal.com/img/social/opengraph/ij-social-flood-1200x630.png,http://web.archive.org/web/20260904195349/https://www.insurancejournal.com/news/southcentral/2026/09/04/884109.htm,"Texas authorities rescued dozens of people from stranded cars, homes surrounded by floodwaters and an assisted living facility as former Tropical Storm Edouard lingered over rural parts of the state … [+3728 chars]","East Texas Grapples With Flooding From Tropical Storm Edouard. Texas authorities rescued dozens of people from stranded cars, homes surrounded by floodwaters and an assisted living facility as former Tropical Storm Edouard lingered over rural parts of the state and dumped nearly 2 feet of rain in some places. …","Osttexas kämpft mit Überschwemmungen durch den Tropensturm Edouard. Die texanischen Behörden retteten Dutzende Menschen aus liegengebliebenen Autos, Häusern, die von Überschwemmungen umgeben waren, und einer Einrichtung für betreutes Wohnen, während der ehemalige Tropensturm Edouard über ländliche Teile des Staates schwebte und an manchen Stellen fast 60 cm Regen niederging. …","East Texas dimicat cum inundatione ex Tropical Edouard. Auctoritates Texas, hominum justos e carris subductis, domos diluviis circumfusas, et facilitas vivendi adiuta sicut Tropical Tempestas Edouard pristinae morabatur in partibus reipublicae rusticis, et in nonnullis locis pluviae fere 2 pedes proiecerat. ..."
0732fe872d74da9373317e7a4d97fc41,2026-09-04T16:25:14Z,Flood,Hazard,www.aljazeera.com,en,0.9,Bride walks down the aisle despite waist-deep flooding,A couple chose to get married in the middle of severe flooding in the Philippines.,https://www.aljazeera.com/video/newsfeed/2026/9/4/bride-walks-down-the-aisle-despite-waist-deep-flooding,https://www.aljazeera.com/wp-content/uploads/2026/09/image-1788539102.jpg?resize=1920%2C1080&quality=80,http://web.archive.org/web/20260904164845/https://www.aljazeera.com/video/newsfeed/2026/9/4/bride-walks-down-the-aisle-despite-waist-deep-flooding,A couple chose to get married in the middle of severe flooding in the Philippines. The bride shortened her wedding gown so she could walk through the flooded church.,Bride walks down the aisle despite waist-deep flooding. A couple chose to get married in the middle of severe flooding in the Philippines.,"Braut geht trotz hüfthoher Überschwemmung zum Altar. Ein Paar beschloss, inmitten schwerer Überschwemmungen auf den Philippinen zu heiraten.",ALA sponsa graditur obstante lumbis inundatione. Coniuges in media gravi inundatione Philippinarum uxorem ducere voluerunt.
9384594c47a75f1517792376f7339d00,2026-09-04T17:30:59Z,Snow&Ice,Hazard,www.fly4free.com,en,0.9,"☕❄️ Paris, snowy Canada & Hawaii: one unusual winter escape from Warsaw for €723","This is one of those creative routes that turns a simple flight deal into a proper mini-adventure: start with a short stop in Paris, continue to Calgary for a taste of winter Canada, and then fly all the way to Honolulu for warm beaches, palm trees and Hawaii…",https://www.fly4free.com/flight-deals/europe/round-the-world-trip-from-warsaw/,https://assets.fly4free.com/wp-content/uploads/2026/09/andrew-ruiz-fmz-B9At9iQ-unsplash-800x450.jpg,,"This is one of those creative routes that turns a simple flight deal into a proper mini-adventure: start with a short stop in Paris, continue to Calgary for a taste of winter Canada, and then fly all… [+4690 chars]","☕❄️ Paris, snowy Canada & Hawaii: one unusual winter escape from Warsaw for €723. This is one of those creative routes that turns a simple flight deal into a proper mini-adventure: start with a short stop in Paris, continue to Calgary for a taste of winter Canada, and then fly all the way to Honolulu for warm beaches, palm trees and Hawaii…","☕❄️ Paris, das verschneite Kanada und Hawaii: ein ungewöhnlicher Winterurlaub ab Warschau für 723 €. Dies ist eine dieser kreativen Routen, die aus einem einfachen Flugangebot ein richtiges Mini-Abenteuer macht: Beginnen Sie mit einem kurzen Zwischenstopp in Paris, fahren Sie weiter nach Calgary, um den Winter Kanadas kennenzulernen, und fliegen Sie dann bis nach Honolulu, um warme Strände, Palmen und Hawaii zu genießen …","☕❄️ Paris, nivalis Canada & Hawaii: hiemps insolita e Varsaviae effugium €723. Haec est una ex illis itineribus effectivis quae simplicem fugam agunt in proprium mini- venturum: incipiunt cum brevi sistenda Lutetiae, perge ad Calgary pro gustu Canadae hiemalis, et deinde usque ad Honolulu volitant ad litora calida, palmae et Hawaii..."
f34c2019eeee3a52f14a328d3916ef2b,2026-09-04T17:32:23Z,Precipitation,Hazard,www.zeit.de,de,0.9,Wettervorhersage: Nach Dauerregen: Weiter wechselhaftes Wetter im Norden,Hier finden Sie Informationen zu dem Thema „Wettervorhersage“. Lesen Sie jetzt „Nach Dauerregen: Weiter wechselhaftes Wetter im Norden“.,https://www.zeit.de/news/2026-09/04/nach-dauerregen-weiter-wechselhaftes-wetter-im-norden,https://img.zeit.de/news/2026-09/04/nach-dauerregen-weiter-wechselhaftes-wetter-im-norden-image-group/wide__1300x731,http://web.archive.org/web/20260904205030/https://www.zeit.de/news/2026-09/04/nach-dauerregen-weiter-wechselhaftes-wetter-im-norden,"Nach Dauerregen wird für Samstag weiter wechselhaftes Wetter in Schleswig-Holstein, Hamburg und Mecklenburg-Vorpommern erwartet. «Man sollte den Regenschirm dabei haben», sagte ein Meteorologe des De… [+1561 chars]",Weather forecast: After continuous rain: continued changeable weather in the north. Here you will find information on the subject of “weather forecast”. Now read “After continuous rain: Changeable weather continues in the north”.,Wettervorhersage: Nach Dauerregen: Weiter wechselhaftes Wetter im Norden. Hier finden Sie Informationen zu dem Thema „Wettervorhersage“. Lesen Sie jetzt „Nach Dauerregen: Weiter wechselhaftes Wetter im Norden“.,"Tempestas praenuntietur: Post imbrem continuum: in septentrione tempestas mutabilis continua. Hic invenies informationes de re ""tempestatis praenuntientur"". Nunc lege ""Post imbrem continui: Tempestas mutabilis in septentrione pergit""."
b8131f5fe765ca94bc461d137402e828,2026-09-04T17:36:36Z,Drought,Impacts,timesofindia.indiatimes.com,en,0.3,"Pawan Kalyan targets paper mill over pollution, Rs 21 crore tax dues","Pawan Kalyan accuses Andhra Paper Ltd of causing nearly half of Rajahmundry’s pollution and evading local taxes since 2016, owing Rs 21.34 crore; PCB to issue notices.",https://timesofindia.indiatimes.com/city/vijayawada/pawan-kalyan-targets-paper-mill-over-pollution-rs-21-crore-tax-dues/articleshow/133773162.cms,"https://static.toiimg.com/thumb/msid-133773157,width-1280,height-720,resizemode-6,overlay-toi_sw,pt-32,y_pad-600/photo.jpg",http://web.archive.org/web/20260905014807/https://timesofindia.indiatimes.com/city/vijayawada/pawan-kalyan-targets-paper-mill-over-pollution-rs-21-crore-tax-dues/articleshow/133773162.cms,"Follow Us On Social Media
RED SEA EXPLODES: 100+ Killed As Houthis Unleash BIGGEST EVER ATTACK On Saudi-Backed ForcesTrumps Immigration Game Sparks Outrage; White House Faces Fierce Online Backlash … [+2955 chars]","Pawan Kalyan targets paper mill over pollution, Rs 21 crore tax dues. Pawan Kalyan accuses Andhra Paper Ltd of causing nearly half of Rajahmundry’s pollution and evading local taxes since 2016, owing Rs 21.34 crore; PCB to issue notices.","Pawan Kalyan nimmt Papierfabrik wegen Umweltverschmutzung ins Visier, Steuerbelastung in Höhe von 21 Crore Rupien. Pawan Kalyan wirft Andhra Paper Ltd vor, seit 2016 fast die Hälfte der Umweltverschmutzung in Rajahmundry verursacht zu haben und lokale Steuern zu hinterziehen; PCB zur Ausgabe von Bekanntmachungen.","Pawan Kalyan petant molendini chartam super pollutione, Rs 21 crore vectigal portorium. Pawan Kalyan accusat Andhra Paper Ltd de causando dimidia fere pollutionis Rajahmundry et vectigalium localium ab anno 2016, propter Rs 21.34 crore; PCB proscriptiones."
880958c73db59506e2f2e395adf05c87,2026-09-04T17:43:38Z,Drought,Mitigation,timesofindia.indiatimes.com,en,0.9,KRMB asks Telangana to stop Srisailam water drawal,KRMB orders Telangana to halt Srisailam hydel power drawls to conserve water for drinking and irrigation amid low rainfall and falling reservoir storage.,https://timesofindia.indiatimes.com/city/vijayawada/krmb-asks-telangana-to-stop-srisailam-water-drawal/articleshow/133773367.cms,"https://static.toiimg.com/thumb/msid-133773364,width-1280,height-720,resizemode-6,overlay-toi_sw,pt-32,y_pad-600/photo.jpg",http://web.archive.org/web/20260905002229/https://timesofindia.indiatimes.com/city/vijayawada/krmb-asks-telangana-to-stop-srisailam-water-drawal/articleshow/133773367.cms,"Follow Us On Social Media
RED SEA EXPLODES: 100+ Killed As Houthis Unleash BIGGEST EVER ATTACK On Saudi-Backed ForcesTrumps Immigration Game Sparks Outrage; White House Faces Fierce Online Backlash … [+2955 chars]",KRMB asks Telangana to stop Srisailam water drawal. KRMB orders Telangana to halt Srisailam hydel power drawls to conserve water for drinking and irrigation amid low rainfall and falling reservoir storage.,"KRMB bittet Telangana, die Wasserentnahme aus Srisailam zu stoppen. KRMB befiehlt Telangana, den Wasserkraftabbau in Srisailam zu stoppen, um Wasser für Trink- und Bewässerungszwecke zu sparen, da es nur wenig Niederschlag gibt und die Stauseen sinken.",KrMB petit Telangana ut Srisailam aquam drawal desinat. KRMB iubet Telangana ut Srisailam hydel vim hauriendi claudat ad aquam conservandam bibendi et rigandi inter imbres humiles et alveus repositionis cadentis.
5ebc1732911d8203d25cc76f9790b3a9,2026-09-04T18:45:51Z,Tropical Cyclone,Hazard,gizmodo.com,en,0.9,This ‘Super’ El Niño Has Whipped Up a Never-Before-Seen Cyclone Trio in the Pacific,"In another freaky El Niño milestone, a NASA satellite hovering nearly one million miles above Earth just captured rare proof of category 4 and 5 hurricanes occurring simultaneously.",https://gizmodo.com/this-super-el-nino-has-whipped-up-a-never-before-seen-cyclone-trio-in-the-pacific-2000807570,https://gizmodo.com/app/uploads/2026/09/Pacific-Storms-2026-El-Nino-Epic-1200x675.jpg,http://web.archive.org/web/20260904212201/https://gizmodo.com/this-super-el-nino-has-whipped-up-a-never-before-seen-cyclone-trio-in-the-pacific-2000807570,"The Pacific Ocean is only midway through peak hurricane season, but its already been super-charged by this years historic El Niño. So far, 15 named storms and six hurricanes have formed in the northe… [+4438 chars]","This ‘Super’ El Niño Has Whipped Up a Never-Before-Seen Cyclone Trio in the Pacific. In another freaky El Niño milestone, a NASA satellite hovering nearly one million miles above Earth just captured rare proof of category 4 and 5 hurricanes occurring simultaneously.","Dieser „Super“-El Niño hat ein noch nie dagewesenes Wirbelsturm-Trio im Pazifik hervorgebracht. Bei einem weiteren unheimlichen El-Niño-Meilenstein hat ein NASA-Satellit, der fast eine Million Meilen über der Erde schwebte, gerade seltene Beweise für das gleichzeitige Auftreten von Hurrikanen der Kategorien 4 und 5 erfasst.","Hoc 'Super' El Niño verberavit numquam ante-visum Cyclone Trio in Pacifico. In alio miliario monstroso El Niño, a NASA satelles fere unus miliones passuum supra Terram volitans mox cepit rarae probationis categoriae 4 et 5 turbinum eodem tempore occurrentium."
baf27a6bbc20ee357403bfab6752149b,2026-09-04T20:32:52Z,Precipitation,Hazard,www.tagesspiegel.de,de,0.9,Jamel versinkt im Regen: Veranstalter sagen ersten Festivaltag komplett ab,Das Festival „Jamel rockt den Förster“ sollte am Freitag starten. Rund 2500 Besucher hatten sich dafür auf den Weg gemacht. Doch Unwetter mit Starkregen stoppte alle Pläne.,https://www.tagesspiegel.de/jamel-versinkt-im-regen-veranstalter-sagen-ersten-festivaltag-komplett-ab-16020397.html,https://www.tagesspiegel.de/images/16020373/alternates/BASE_16_9_W1400/1788549665000/jamel-rockt-den-forster-festival-gegen-rechts.jpeg,,"Matsch statt Mucke, Warten statt Verweilen und am Ende eine Absage: Der erste Tag des antifaschistischen Musikfestivals Rock den Förster in Jamel (Nordwestmecklenburg) ist am Freitag ins Wasser gefal… [+3940 chars]","Jamel sinks in the rain: Organizers cancel the first day of the festival completely. The “Jamel rocks the forester” festival was supposed to start on Friday. Around 2,500 visitors made their way there. But storms with heavy rain stopped all plans.",Jamel versinkt im Regen: Veranstalter sagen ersten Festivaltag komplett ab. Das Festival „Jamel rockt den Förster“ sollte am Freitag starten. Rund 2500 Besucher hatten sich dafür auf den Weg gemacht. Doch Unwetter mit Starkregen stoppte alle Pläne.,"Iamel in pluvia deprimitur: Organiatores primam festivitatis diem penitus exstinguunt. Festivitas ""Iamel silvarius"" die Veneris incipere putabatur. Circum 2.500 visitatores iter fecerunt ibi. Sed procellis gravibus imbribus omnia consilia cessaverunt."
03d48cd314026373018a4a13f86d8b9a,2026-09-04T20:41:08Z,Flood,Impacts,www.npr.org,en,0.9,'The health system in Nepal is not prepared for this',"That's the grim assessment from the ground in the wake of the catastrophic flooding, which damaged or destroyed 7 health facilities, interrupted routine care and is affecting mental health.",https://www.npr.org/2026/09/04/nx-s1-5954050/nepal-flood-waters-physical-mental-health,https://npr.brightspotcdn.com/dims3/default/strip/false/crop/5902x3320+0+308/resize/1400/quality/85/format/jpeg/?url=http%3A%2F%2Fnpr-brightspot.s3.amazonaws.com%2F4f%2Fc6%2F0b260ead4fb6a89016eae3d61dc3%2Fnepal-floods-2292353823.jpg,http://web.archive.org/web/20260904234504/https://www.npr.org/2026/09/04/nx-s1-5954050/nepal-flood-waters-physical-mental-health,"""There's nothing left there,"" says Shushma Bhusal, the regional lead for the International Federation of Red Cross and Red Crescent Societies. ""There's no village, no sign of anyone there. A lot of h… [+5404 chars]","'The health system in Nepal is not prepared for this'. That's the grim assessment from the ground in the wake of the catastrophic flooding, which damaged or destroyed 7 health facilities, interrupted routine care and is affecting mental health.","„Das Gesundheitssystem in Nepal ist darauf nicht vorbereitet.“ Das ist die düstere Einschätzung vor Ort nach der katastrophalen Überschwemmung, die sieben Gesundheitseinrichtungen beschädigte oder zerstörte, die routinemäßige Pflege unterbrach und die psychische Gesundheit beeinträchtigte.","""Ratio sanitatis in Nepalia ad hoc non praeparatur"". Gravis haec aestimatio e terra in casum calamitosae inundationis, quae 7 facilitati sanitatis laesa vel destructa est, exercitatione cura interrupta et sanitatem mentis afficit."
02f67bbc6ba7cf8eb0e16c3f32c0e691,2026-09-04T21:05:08Z,Cold Wave,Causes,bringatrailer.com,en,0.2,2006 BMW M3 Coupe Competition Package 6-Speed,"This 2006 BMW M3 coupe is finished in Silver Grey Metallic over black Nappa leather and is powered by a 3.2-liter inline-six linked with a six-speed manual transmission and a limited-slip differential. Equipment includes the Competition, Premium, and Cold Wea…",https://bringatrailer.com/listing/2006-bmw-m3-coupe-203/,https://bringatrailer.com/wp-content/uploads/2026/08/2006_bmw_m3-coupe_2006_bmw_m3-coupe_3b902181-35cf-40b3-ac26-5451a5e1b1f8-bvI3yA-65775-65776-scaled-1-copy-2026-08-26-awo-77193.jpg,,This 2006 BMW M3 coupe is finished in Silver Grey Metallic over black Nappa leather and is powered by a 3.2-liter inline-six linked with a six-speed manual transmission and a limited-slip differentia… [+2067 chars],"2006 BMW M3 Coupe Competition Package 6-Speed. This 2006 BMW M3 coupe is finished in Silver Grey Metallic over black Nappa leather and is powered by a 3.2-liter inline-six linked with a six-speed manual transmission and a limited-slip differential. Equipment includes the Competition, Premium, and Cold Wea…","2006 BMW M3 Coupé Wettbewerbspaket 6-Gang. Dieses BMW M3 Coupé aus dem Jahr 2006 ist in Silbergrau Metallic über schwarzem Nappaleder gehalten und wird von einem 3,2-Liter-Reihensechszylinder angetrieben, der mit einem Sechsgang-Schaltgetriebe und einem Sperrdifferenzial verbunden ist. Zur Ausrüstung gehören die Competition-, Premium- und Cold Wea-Versionen.","2006 BMW M3 Coupe Competition Package 6-Speed. Hoc 2006 BMW M3 coupe in Nappa argenteum Grey Metallicum supra Nappa corium nigrum confectum est et a 3.2-liter inline-sex coniunctum cum transmissione manuali velocitate et differentiali limitata limitata est. Competition, Magnum, et Wea Frigidum includit."
dbeb133702da5e64bc244e44d31213c1,2026-09-04T22:00:00Z,Volcano,Hazard,www.sciencealert.com,en,0.7,2025's Megaquake Appears to Have Awakened a Volcano That Was Dormant For 500 Years,"The gift that keeps on giving.ScienceAlert stories are written, fact-checked, and edited by humans, never generated by AI. Don't miss a story, subscribe here.",https://www.sciencealert.com/2025s-megaquake-appears-to-have-awakened-a-volcano-that-was-dormant-for-500-years,https://www.sciencealert.com/images/2026/09/krasheninnikov.jpg,http://web.archive.org/web/20260905000806/https://www.sciencealert.com/2025s-megaquake-appears-to-have-awakened-a-volcano-that-was-dormant-for-500-years,"For nearly five centuries, the Krasheninnikov volcano in Russia's Kamchatka Peninsula had not erupted. Nor did it seem particularly interested in doing so.
Then, just before midday on 30 July 2025 l… [+6482 chars]","2025's Megaquake Appears to Have Awakened a Volcano That Was Dormant For 500 Years. The gift that keeps on giving.ScienceAlert stories are written, fact-checked, and edited by humans, never generated by AI. Don't miss a story, subscribe here.","Das Megabeben im Jahr 2025 scheint einen Vulkan erweckt zu haben, der 500 Jahre lang inaktiv war. Das Geschenk, das immer wieder gegeben wird.ScienceAlert-Geschichten werden von Menschen geschrieben, faktengeprüft und bearbeitet, niemals von KI generiert. Verpassen Sie keine Story und abonnieren Sie sie hier.","2025' Megaquakus Volcano suscitasse videtur, qui per 500 annos requievit. Donum quod servat in donatione.ScienceAlert fabulae scriptae sunt, fact-repressae et ab hominibus editis, numquam ab AI generatae sunt. Fabulam ne fallas, hic scribe."
7c135096b9ae016f92217f288cb8dd19,2026-09-05T00:37:44Z,Drought,Hazard,www.rte.ie,en,0.8,Panama Canal begins reducing crossings due to El Niño,The Panama Canal has begun to reduce the number of ships passing through due to a drought caused by the El Niño weather phenomenon.,https://www.rte.ie/news/2026/0905/1590414-panama-canal-el-nino/,https://www.rte.ie/images/0024f55a-1600.jpg,http://web.archive.org/web/20260906110634/https://www.rte.ie/news/2026/0905/1590414-panama-canal-el-nino/,"The Panama Canal has begun to reduce the number of ships passing through due to a drought caused by the El Niño weather phenomenon.
The Panama Canal Authority said low water levels in the two artifi… [+1827 chars]",Panama Canal begins reducing crossings due to El Niño. The Panama Canal has begun to reduce the number of ships passing through due to a drought caused by the El Niño weather phenomenon.,"Aufgrund von El Niño beginnt der Panamakanal mit der Reduzierung der Überfahrten. Aufgrund einer durch das Wetterphänomen El Niño verursachten Dürre hat der Panamakanal begonnen, die Zahl der durchfahrenden Schiffe zu verringern.",Canal Panama ob transitum reducere incipit El Niño. Canal Panama numerum navium transeuntium ob siccitatem tempestatis phaenomeni El Niño minuere coepit.
a06824852e05fc02de80b9590662fda3,2026-09-05T01:11:24Z,Cold Wave,Causes,heavy.com,en,0.2,Dianna Russini’s Next NFL Move Takes Shape as Barstool Sports Emerges as Favorite,"Dianna Russini may not be away from the NFL spotlight much longer.Five months after leaving The Athletic, Russini is “absolutely” planning a return to sports media and has been discussing several potential opportunities, according to a new report from Front O…",https://heavy.com/sports/nfl/new-england-patriots/dianna-russini-barstool-sports-nfl-return/,https://s.yimg.com/lo/mysterio/api/5b4318f9a5a010a0d5f81311e7911514346d88f4784991cb4ff872890cbb38ef/lightyear_networkapi/resizefill_w1200%3Bquality_80%3Bformat_webp/https%3A%2F%2Fmedia.zenfs.com%2Fen%2Fheavy_214%2F34e896173ce6e7f7eced4aabfe5ea769.jpg,,"Dianna Russini may not be away from the NFL spotlight much longer.
Five months after leaving The Athletic, Russini is ""absolutely"" planning a return to sports media and has been discussing several p… [+4100 chars]","Dianna Russini’s Next NFL Move Takes Shape as Barstool Sports Emerges as Favorite. Dianna Russini may not be away from the NFL spotlight much longer.Five months after leaving The Athletic, Russini is “absolutely” planning a return to sports media and has been discussing several potential opportunities, according to a new report from Front O…","Dianna Russinis nächster NFL-Zug nimmt Gestalt an, da Barstool Sports als Favoritin hervorgeht. Dianna Russini steht möglicherweise nicht mehr lange im Rampenlicht der NFL. Fünf Monate, nachdem sie The Athletic verlassen hat, plant Russini „unbedingt“ eine Rückkehr in die Sportmedien und hat laut einem neuen Bericht von Front O über mehrere potenzielle Möglichkeiten gesprochen …","Dianna Russini Next NFL Movet Shape ut Barstool Sports Emerges ut Favorite. Dianna Russini a NFL arcu multo longiore non abesse potest. Quinque menses postquam Athletica relicta est, Russini ""absolute"" reditum ad media gymnasiis agitat et de pluribus facultatibus potentialibus disseruit, secundum novam relationem a Front O…"
596da538adb40329ea0f92187bf194d6,2026-09-05T01:34:03Z,Tropical Cyclone,Impacts,nypost.com,en,0.7,Hawaii on high alert as Hurricane Lowell takes drastic turn toward islands,"Hurricane Lowell will likely make a sharp turn north on Sunday, which could lead to damaging winds, dangerous surf and flooding of the western Hawaiian Islands.",https://nypost.com/2026/09/04/us-news/new-forecast-models-show-hawaii-in-hurricane-lowells-path/,https://nypost.com/wp-content/uploads/sites/2/2026/09/newspress-collage-abfdrxb8z-1788571837971.jpg?quality=75&strip=all&1788557534&w=1200,http://web.archive.org/web/20260906080945/https://nypost.com/2026/09/04/us-news/new-forecast-models-show-hawaii-in-hurricane-lowells-path/,"Hurricane Lowell has strengthened into a Category 4 storm as it continues to barrel across the Pacific Ocean.
The storm is likely to make a sharp turn north on Sunday, which could lead to damaging w… [+2788 chars]","Hawaii on high alert as Hurricane Lowell takes drastic turn toward islands. Hurricane Lowell will likely make a sharp turn north on Sunday, which could lead to damaging winds, dangerous surf and flooding of the western Hawaiian Islands.","Hawaii ist in höchster Alarmbereitschaft, da Hurrikan Lowell drastische Wendungen auf die Inseln nimmt. Hurrikan Lowell wird am Sonntag wahrscheinlich eine scharfe Kurve nach Norden machen, was zu schädlichen Winden, gefährlicher Brandung und Überschwemmungen auf den westlichen Hawaii-Inseln führen könnte.","Hawaii in altum erecti ac Procellae Lowell in insulas se acrem convertunt. Procellae Lowell verisimiliter in die dominico septentrionalem plagam acrem faciet, quae ad ventos perniciosos, salo periculosos et inundationem insularum occidentalium Hawaii, efficere potuit."
a816af4bed9c6e5e462d30826c41d408,2026-09-05T03:29:00Z,Thunderstorm,Hazard,www.nzz.ch,de,0.8,Golfballgrosse Hagelkörner sorgen für Schäden in dreistelliger Millionenhöhe,"Die Versicherer erwarten hohe Kosten nach dem Hagelsturm. Arg getroffen hat es den Autoimporteur Amag, bei dem im Aargau offenbar rund 2500 Neuwagen beschädigt wurden.",https://www.nzz.ch/wirtschaft/golfballgrosse-hagelkoerner-sorgen-fuer-schaeden-in-dreistelliger-millionenhoehe-ld.10022339,"https://img-msp-prod.nzz.ch/2026/09/04/8f4f053e-5640-4c44-8846-f4c215a2e551.jpg?width=1200&height=675&fit=bounds&quality=75&auto=webp&crop=4508,2536,x182,y912&wmark=nzz",http://web.archive.org/web/20260906031713/https://www.nzz.ch/wirtschaft/golfballgrosse-hagelkoerner-sorgen-fuer-schaeden-in-dreistelliger-millionenhoehe-ld.10022339,"Die Versicherer erwarten hohe Kosten nach dem Hagelsturm. Arg getroffen hat es den Autoimporteur Amag, bei dem im Aargau offenbar rund 2500 Neuwagen beschädigt wurden.
Zusammenfassung
Auffällig vie… [+4688 chars]","Hailstones the size of golf balls cause damage running into the hundreds of millions. Insurers expect high costs after the hailstorm. The car importer Amag was badly hit, with around 2,500 new cars apparently damaged in Aargau.","Golfballgrosse Hagelkörner sorgen für Schäden in dreistelliger Millionenhöhe. Die Versicherer erwarten hohe Kosten nach dem Hagelsturm. Arg getroffen hat es den Autoimporteur Amag, bei dem im Aargau offenbar rund 2500 Neuwagen beschädigt wurden.","Grando globuli pilae pilae damnum in centenis miliones causant. Insurers magnos sumptus post grandinem expectes. Raeda importator Amag male percussus est, cum circa 2,500 currus novos in Aargau laedi videtur."
3bbd1476159311b7762a769355fb10f3,2026-09-05T03:48:17Z,Wildfire,Impacts,www.aljazeera.com,en,0.3,Malaysia declares emergency in Sarawak as haze from Indonesia worsens,Country implements state of emergency in Sarawak's Serian district after air pollution reaches 'hazardous' levels.,https://www.aljazeera.com/news/2026/9/5/malaysia-declares-emergency-in-sarawak-as-haze-from-indonesia-worsens,https://www.aljazeera.com/wp-content/uploads/2026/09/afp_6a9b7fe2481b-1788575714.jpg?resize=1920%2C1440,http://web.archive.org/web/20260905051659/https://www.aljazeera.com/news/2026/9/5/malaysia-declares-emergency-in-sarawak-as-haze-from-indonesia-worsens,"Malaysia has declared a state of emergency in a district in Sarawak state after haze caused by wildfires in neighbouring Indonesia increased air pollution to hazardous levels.
King Sultan Ibrahim ha… [+2245 chars]",Malaysia declares emergency in Sarawak as haze from Indonesia worsens. Country implements state of emergency in Sarawak's Serian district after air pollution reaches 'hazardous' levels.,"Malaysia ruft in Sarawak den Notstand aus, da sich der Dunst aus Indonesien verschlimmert. Das Land verhängt den Ausnahmezustand im Bezirk Serian in Sarawak, nachdem die Luftverschmutzung „gefährliche“ Werte erreicht hat.",Malaysia casus in Sarawak declarat sicut obducto Indonesia aegritudo est. Instrumenta reipublicae subitis status in regione Seriane Sarawak postquam pollutio aeris ad gradus 'ancipites' pervenit.
fe55c317f961aaca2e6e0349ab07f567,2026-09-05T04:00:00Z,Drought,Impacts,www.irishtimes.com,en,0.3,My roses are underperforming. What can I do?,Mulch generously around the root systems in spring and prune as appropriate,https://www.irishtimes.com/life-style/gardening/2026/09/05/my-roses-are-underperforming-what-can-i-do/,https://www.irishtimes.com/resizer/v2/YXTC5HUPNRBETOSEA4DBQ5VHDA.jpg?smart=true&auth=8868acc9c2789f8bbb4e45e67e2cc8ab33a63f6f5fe6978ba34337bce5caf4cf&width=1200&height=630,http://web.archive.org/web/20260905050529/https://www.irishtimes.com/life-style/gardening/2026/09/05/my-roses-are-underperforming-what-can-i-do/,"My roses havent performed well this year, which I suspect is due to the hot, dry summer we had. Is there any way I can help the plants so that they do better if we have another similar summer next ye… [+2588 chars]",My roses are underperforming. What can I do?. Mulch generously around the root systems in spring and prune as appropriate,Meine Rosen sind leistungsschwach. Was kann ich tun? Mulchen Sie das Wurzelsystem im Frühjahr großzügig mit Mulch und schneiden Sie es gegebenenfalls zurück,Meae rosae sunt underforming. Quid faciam?. Mulch circa systemata radicis largiter pro opportunitate vere et putabis
66bb6d01fabd0b7566ce0f69869f803d,2026-09-05T04:06:14Z,Heat Wave,Impacts,www.channelnewsasia.com,en,0.3,"Sydney sweats in spring hot spell, faces 'extreme' bushfire risk","Temperatures in Sydney are expected to hit 33 degrees Celsius on Saturday (Sep 5), nearly 13 degrees above average.",https://www.channelnewsasia.com/world/sydney-hot-bushfire-risk-6364231,"https://dam.mediacorp.sg/image/upload/s--1F3RRNr3--/c_fill,g_auto,h_676,w_1200/fl_relative,g_south_east,l_mediacorp:cna:watermark:2024-04:reuters_1,w_0.1/f_auto,q_auto/v1/one-cms/core/2026-09-05T031902Z_1_LYNXMPEM8402A_RTROPTP_3_AUSTRALIA-DAILYLIFE.JPG?itok=QPJyhGNz",http://web.archive.org/web/20260906084957/https://www.channelnewsasia.com/world/sydney-hot-bushfire-risk-6364231,"SYDNEY: Australia's most populous city Sydney baked in a burst of sweltering spring heat on Saturday (Sep 5), raising the risk of bushfires and prompting authorities to issue a ban on lighting fires.… [+1277 chars]","Sydney sweats in spring hot spell, faces 'extreme' bushfire risk. Temperatures in Sydney are expected to hit 33 degrees Celsius on Saturday (Sep 5), nearly 13 degrees above average.","Sydney schwitzt wegen der Hitzeperiode im Frühjahr, es besteht „extreme“ Buschfeuergefahr. Die Temperaturen in Sydney werden am Samstag (5. September) voraussichtlich 33 Grad Celsius erreichen, fast 13 Grad über dem Durchschnitt.","Sydney vere calidum alica sudat, facies 'extremae' rubiginis periculum. Temperaturae in Sydney censentur 33 gradus Celsius ferire die Sabbati (Sep. 5), fere 13 gradus supra mediocris."
48f1a28c28a182c60b1ea079d187d982,2026-09-05T05:26:44Z,Wet Spell,Hazard,timesofindia.indiatimes.com,en,0.9,"Delhi-NCR battered by heavy rain again, several areas waterlogged; IMD warns of more showers ahead","Following a deluge in the early hours of Saturday, various areas in Delhi-NCR are grappling with waterlogging. The India Meteorological Department warns that more rain is expected over the next two days, with light to moderate showers predicted for Saturday, …",https://timesofindia.indiatimes.com/city/delhi/delhi-ncr-battered-by-heavy-rain-again-several-areas-waterlogged-imd-warns-of-more-showers-ahead/articleshow/133788793.cms,"https://static.toiimg.com/thumb/msid-133788997,width-1280,height-720,resizemode-6,overlay-toi_sw,pt-32,y_pad-600/photo.jpg",http://web.archive.org/web/20260906005959/https://timesofindia.indiatimes.com/city/delhi/delhi-ncr-battered-by-heavy-rain-again-several-areas-waterlogged-imd-warns-of-more-showers-ahead/articleshow/133788793.cms,"<ul><li>News</li>
<li>City News</li>
<li>delhi News</li>
<li>Delhi-NCR battered by heavy rain again, several areas waterlogged; IMD warns of more showers ahead</li></ul>
Follow Us On Social Media… [+116 chars]","Delhi-NCR battered by heavy rain again, several areas waterlogged; IMD warns of more showers ahead. Following a deluge in the early hours of Saturday, various areas in Delhi-NCR are grappling with waterlogging. The India Meteorological Department warns that more rain is expected over the next two days, with light to moderate showers predicted for Saturday, …","Delhi-NCR wurde erneut von heftigen Regenfällen heimgesucht, mehrere Gebiete waren durchnässt; IMD warnt vor weiteren Regenschauern. Nach einer Überschwemmung in den frühen Morgenstunden des Samstags kämpfen verschiedene Gebiete in Delhi-NCR mit Staunässe. Das India Meteorological Department warnt, dass in den nächsten zwei Tagen mit weiteren Regenfällen gerechnet wird, wobei für Samstag leichte bis mäßige Schauer vorhergesagt werden …","Delhi-NCR iterum pluviis contusis, pluribus locis umoris; IMD monet plurium imbres antecedere. Post diluvium primis horis Sabbati, variae areae in Delhi-NCR iniectae sunt cum aquationis. In India Meteorologico Department monet plus pluviis in proximo biduo expectari, cum imbres moderari imbres Saturni praedicti, ..."
f8d0a29c30525e67d633a8e387469ec3,2026-09-05T05:46:58Z,Tropical Cyclone,Hazard,orf.at,de,0.9,Tote und Vermisste durch Taifun „Saudel“ in China,,https://orf.at/stories/3441266/,https://orf.at/mojo/1_4_1/storyserver//news/common/images/og-fallback-news.png,http://web.archive.org/web/20260906065316/https://orf.at/stories/3441266/,Der Taifun Saudel hat in China mehrere Opfer gefordert. In der chinesischen Provinz Jiangxi ist bei einem Erdrutsch infolge heftiger Regenfälle mindestens ein Mensch ums Leben gekommen. Elf Personen … [+1089 chars],Dead and missing people due to typhoon “Saudel” in China. None,Tote und Vermisste durch Taifun „Saudel“ in China. None,"Mortuus et absentis populus ob typhon ""Saudel"" in Sinis. Nullus"
e47f286b54ab58930108eefc10418b0f,2026-09-05T06:45:00Z,Heat Wave,Hazard,www.urlaubspiraten.de,de,0.9,NUR BEI UNS ➡️ New York im Hochsommer,"Ahoi USA-Piraten! Ich hab was Cooles für euch am Start! Also mal abgesehen von den Flügen, die absolut super sind, haben wir in diesem speziellen Fall exklusive Preise! NUR FÜR EUCH! Beim bekannten Flugportal """" bekommt ihr nämlich nur über uns einen Sp…",https://www.urlaubspiraten.de/fluege/ba-finnair-new-york-fluege-de,https://image.urlaubspiraten.de/720/image/upload/v1671612904/Impressions%20and%20Other%20Assets/New_york_NYC_US_United_States_couple_love_valentines_day_shutterstock_1076588888_vg37tf.jpg,,"Ahoi USA-Piraten! 
Ich hab was Cooles für euch am Start! Also mal abgesehen von den Flügen, die absolut super sind, haben wir in diesem speziellen Fall exklusive Preise! NUR FÜR EUCH! 
Beim bekannt… [+783 chars]","ONLY WITH US ➡️ New York in midsummer. Ahoy USA Pirates! I have something cool coming up for you! So apart from the flights, which are absolutely great, in this particular case we have exclusive prices! JUST FOR YOU! On the well-known flight portal """" you can only get a flight through us...","NUR BEI UNS ➡️ New York im Hochsommer. Ahoi USA-Piraten! Ich hab was Cooles für euch am Start! Also mal abgesehen von den Flügen, die absolut super sind, haben wir in diesem speziellen Fall exklusive Preise! NUR FÜR EUCH! Beim bekannten Flugportal """" bekommt ihr nämlich nur über uns einen Sp…","TANTUM CUM NOBIS Venetiis solstitio. Ahoy USA piratae! Habeo quod refrigescant ad te venire! Ita praeter volatus, quae absolute magnae sunt, in hoc casu singularia pretia habemus! PRO VOBIS! In nota fugae portae "" "" fugam per nos solum obtinere potes..."
e89172492d3a48275103a957ffe3e2c6,2026-09-05T07:00:00Z,Drought,Causes,www.prnewswire.com,en,0.7,Planet Classroom Network Welcomes Climate Scientist David W. DuBois,Extreme Heat. Drought. Water Scarcity. New Net Zero Speaks Episode Explores Why Climate Change Is Becoming Increasingly Local New Mexico State Climatologist David W. DuBois tells global youth audiences that understanding local climate information is becoming …,https://www.prnewswire.com/news-releases/planet-classroom-network-welcomes-climate-scientist-david-w-dubois-302867621.html,https://i.ytimg.com/vi/TGpAT3rBJN4/hqdefault.jpg,http://web.archive.org/web/20260906100944/https://www.prnewswire.com/news-releases/planet-classroom-network-welcomes-climate-scientist-david-w-dubois-302867621.html,"Extreme Heat. Drought. Water Scarcity. New Net Zero Speaks Episode Explores Why Climate Change Is Becoming Increasingly Local
New Mexico State Climatologist David W. DuBois tells global youth audien… [+5029 chars]",Planet Classroom Network Welcomes Climate Scientist David W. DuBois. Extreme Heat. Drought. Water Scarcity. New Net Zero Speaks Episode Explores Why Climate Change Is Becoming Increasingly Local New Mexico State Climatologist David W. DuBois tells global youth audiences that understanding local climate information is becoming …,"Planet Classroom Network heißt den Klimaforscher David W. DuBois willkommen. Extreme Hitze. Trockenheit. Wasserknappheit. In der neuen „Net Zero Speaks“-Folge wird untersucht, warum der Klimawandel zunehmend lokal auftritt. Der Klimatologe David W. DuBois aus dem US-Bundesstaat New Mexico erklärt dem weltweiten Jugendpublikum, dass das Verständnis lokaler Klimainformationen immer wichtiger wird …",Planet Classroom Network Climate Scientist David W. DuBois excipit. Extremi caloris. Siccitas. Aquae Penuria. New Net Zero Loquitur Episode Exploret Cur Clima Mutatio Crescit Incrementabiliter Locus Novae Civitatis Mexici Climatologist David W. DuBois narrat iuvenem globalem audientium localem intelligentiam locorum climatis fieri ...
055b6dfbd59671ea8d61670df1296be9,2026-09-05T07:25:42Z,Wet Spell,Hazard,economictimes.indiatimes.com,en,0.9,"Gurugram rain alert: District authority issues advisory as IMD warns of thunderstorms, gusty winds",Gurugram authorities issued a public advisory due to heavy rainfall warnings. Residents were urged to avoid non-essential travel and waterlogged areas. The India Meteorological Department forecast heavy showers and thunderstorms for the region. This advisory …,https://economictimes.indiatimes.com/news/india/gurugram-rain-alert-district-authority-issues-advisory-as-imd-warns-of-thunderstorms-gusty-winds/articleshow/133792599.cms,"https://img.etimg.com/thumb/msid-133792566,width-1200,height-630,imgsize-275556,overlay-economictimes/articleshow.jpg",http://web.archive.org/web/20260905115147/https://economictimes.indiatimes.com/news/india/gurugram-rain-alert-district-authority-issues-advisory-as-imd-warns-of-thunderstorms-gusty-winds/articleshow/133792599.cms,"The District Disaster Management Authority (DDMA), Gurugram, on Saturday issued a public advisory after the India Meteorological Department (IMD) sounded a nowcast warning for heavy rainfall in the d… [+2192 chars]","Gurugram rain alert: District authority issues advisory as IMD warns of thunderstorms, gusty winds. Gurugram authorities issued a public advisory due to heavy rainfall warnings. Residents were urged to avoid non-essential travel and waterlogged areas. The India Meteorological Department forecast heavy showers and thunderstorms for the region. This advisory …","Regenwarnung für Gurugram: Bezirksbehörde gibt Warnung heraus, da IMD vor Gewittern und böigen Winden warnt. Die Behörden von Gurugram gaben aufgrund der Warnung vor starken Regenfällen eine öffentliche Warnung heraus. Die Anwohner wurden aufgefordert, nicht unbedingt notwendige Reisen und nasse Gebiete zu meiden. Das India Meteorological Department prognostizierte heftige Schauer und Gewitter für die Region. Diese Beratung …","Gurugram pluvia erecti: Districtus auctoritas consultoria procedit ut IMD monet de procellis, procellosis ventis. Gurugram auctores publici consiliarii ob monitiones graves pluviae editae sunt. Residentibus suasit ut peregrinationem et umorem arearum non essentialium vitarent. Indiae Department meteorologicos praenuntiant graves imbres et tonitribus regioni. Hoc consilium ..."
7d4037623f8213dc31328af22b175712,2026-09-05T07:40:00Z,Drought,Impacts,economictimes.indiatimes.com,en,0.3,"In 1984, NASA left Bacillus spores in space for nearly 6 years; after LDEF returned to Earth, 1–2% of the exposed spores were still alive","During an extensive six-year voyage aboard the LDEF satellite, soil bacteria spores demonstrated remarkable resilience, surviving the rigors of space including vacuum, extreme temperatures, and cosmic radiation. The spores shielded from sunlight exhibited not…",https://economictimes.indiatimes.com/news/international/us/in-1984-nasa-left-bacillus-spores-in-space-for-nearly-6-years-after-ldef-returned-to-earth-12-of-the-exposed-spores-were-still-alive/articleshow/133753614.cms,"https://img.etimg.com/thumb/msid-133753823,width-1200,height-630,imgsize-150700,overlay-economictimes/articleshow.jpg",http://web.archive.org/web/20260906124627/https://economictimes.indiatimes.com/news/international/us/in-1984-nasa-left-bacillus-spores-in-space-for-nearly-6-years-after-ldef-returned-to-earth-12-of-the-exposed-spores-were-still-alive/articleshow/133753614.cms,Imagine a life form so tough that it can survive nearly six years in space without food or oxygen and through temperatures swinging from freezing cold to scorching heat. This is pretty much what happ… [+4397 chars],"In 1984, NASA left Bacillus spores in space for nearly 6 years; after LDEF returned to Earth, 1–2% of the exposed spores were still alive. During an extensive six-year voyage aboard the LDEF satellite, soil bacteria spores demonstrated remarkable resilience, surviving the rigors of space including vacuum, extreme temperatures, and cosmic radiation. The spores shielded from sunlight exhibited not…","Im Jahr 1984 ließ die NASA Bacillus-Sporen fast sechs Jahre lang im Weltraum zurück; Nachdem LDEF auf die Erde zurückgekehrt war, lebten 1–2 % der exponierten Sporen noch. Während einer ausgedehnten sechsjährigen Reise an Bord des LDEF-Satelliten zeigten Bodenbakteriensporen eine bemerkenswerte Widerstandsfähigkeit und überlebten die Strapazen des Weltraums wie Vakuum, extreme Temperaturen und kosmische Strahlung. Die vor Sonnenlicht geschützten Sporen zeigten nicht…","Anno 1984, NASA Bacillus sporis spatio per 6 annos fere reliquit; postquam LDEF ad Terram rediit, 1-2% sporis expositae adhuc superstites erant. Per navigationem amplam sex annorum satelles LDEF navem conscendit, bacteria solo sporis mollitiem insignem demonstratam, superstites loci rigores incluso vacuo, extremae temperaturae et cosmicae radiophoniae. Sporae tutae a sole non exhibitae."
4c2be4f8ca78d1953b4116bd663938d3,2026-09-05T08:15:55Z,Wet Spell,Hazard,timesofindia.indiatimes.com,en,0.9,Gurgaon urges residents to avoid waterlogged areas as heavy rain forecast,"Residents of Gurgaon are being advised to refrain from non-essential travel and avoid waterlogged areas, as heavy rainfall and thunderstorms are expected on Saturday. This warning follows a recent episode of intense rain that revealed the city’s challenges wi…",https://timesofindia.indiatimes.com/city/gurgaon/gurgaon-administration-urges-residents-to-stay-off-waterlogged-roads-as-heavy-showers-forecast/articleshow/133792810.cms,"https://static.toiimg.com/thumb/msid-133793764,width-1280,height-720,resizemode-6,overlay-toi_sw,pt-32,y_pad-600/photo.jpg",http://web.archive.org/web/20260906010750/https://timesofindia.indiatimes.com/city/gurgaon/gurgaon-administration-urges-residents-to-stay-off-waterlogged-roads-as-heavy-showers-forecast/articleshow/133792810.cms,"Follow Us On Social Media
In 1974, President Ronald Reagan bought the 688-acre Rancho del Cielo near Santa Barbara; sold 24 years later, it became a California State Landmark in 2002Quote of the Day… [+2096 chars]","Gurgaon urges residents to avoid waterlogged areas as heavy rain forecast. Residents of Gurgaon are being advised to refrain from non-essential travel and avoid waterlogged areas, as heavy rainfall and thunderstorms are expected on Saturday. This warning follows a recent episode of intense rain that revealed the city’s challenges wi…","Gurgaon fordert die Bewohner dringend auf, überschwemmte Gebiete zu meiden, da starke Regenfälle vorhergesagt werden. Den Einwohnern von Gurgaon wird empfohlen, auf nicht unbedingt notwendige Reisen zu verzichten und wasserdurchflutete Gebiete zu meiden, da am Samstag mit starken Regenfällen und Gewittern zu rechnen ist. Diese Warnung folgt auf eine kürzliche Episode heftigen Regens, die die Herausforderungen der Stadt mit… deutlich machte.","Gurgaon incolas hortatur ad vitandum areas umorum ut pluviae praenuntientur. Incolae Gurgaon admonentur ut a peregrinatione non essentiali abstineant et umores areas vitare, sicut pluviae graves et tonitrua die Sabbati expectantur. Haec monitio sequitur recentem eventus pluviae vehementem quae provocationes urbis declaraverunt wi…"
0198e0fc189a8a51559d750e882b4198,2026-09-05T09:10:10Z,Thunderstorm,Adaptation,tirol.orf.at,de,0.9,Bei Gewitter nicht aus Stahlseil aushängen,"Bei Gewittern sollte man sich auf Klettersteigen nicht aus dem Stahlseil aushängen. Das zeigen am Donnerstag veröffentliche Forschungsergebnisse, an denen die Tiroler Bergrettung beteiligt war. Wenn man in einem Klettersteig von einem Gewitter überrascht wird…",https://tirol.orf.at/stories/3369869/,https://ibs.orf.at/tir?image=https%3A%2F%2Foekastatic.orf.at%2Fmims%2F2022%2F43%2F79%2Fcrops%2Fw%3D1200%2Ch%3D627%2Cq%3D75%2F1542252_master_562779_klettersteig_c_matthias_knaus_-_oekas.jpg%3Fs%3De8638b4e1f4e5801a1b66be0b59f34ee9cfe4c85,http://web.archive.org/web/20260906073150/https://tirol.orf.at/stories/3369869/,"Einerseits ist das Stahlseil eine Art Blitzableiter, andererseits besteht beim Aushängen die Gefahr, aus der Wand zu stürzen. Der medizinische Landesausbildungsleiter der Bergrettung Tirol Markus Iss… [+2435 chars]","Do not hang out steel cable during thunderstorms. During thunderstorms, you should not unhook yourself from the steel cable on via ferratas. This is shown by research results published on Thursday in which the Tyrolean mountain rescue team was involved. If you are surprised by a thunderstorm while on a via ferrata...","Bei Gewitter nicht aus Stahlseil aushängen. Bei Gewittern sollte man sich auf Klettersteigen nicht aus dem Stahlseil aushängen. Das zeigen am Donnerstag veröffentliche Forschungsergebnisse, an denen die Tiroler Bergrettung beteiligt war. Wenn man in einem Klettersteig von einem Gewitter überrascht wird…","Ne ferreum funem in tonitribus pendeant. Per tonitrua, non te ex ferro dilabis per ferratas. Hoc patet per investigationes eventus die Iovis editos in quibus ad montem Tyroleanum equos liberandos pertinebat. Si in via ferrata miraris tonitruum."
324663cdc5f32ce880efb54c327f1274,2026-09-05T09:34:48Z,Snow&Ice,Hazard,www.faz.net,de,0.9,125 Jahre Ski-Club Taunus: Als der Taunus noch ein Schneeparadies war,"Pisten, Schanzen, Rennen: All das gab es auch einmal im Mittelgebirge. 125 Jahre nach seiner Gründung muss sich der Ski-Club Taunus nun neu positionieren. Er wird vom Schneesport- zum Outdoorverein.",https://www.faz.net/aktuell/rhein-main/region-und-hessen/wie-ein-ski-club-im-taunus-ohne-schnee-bestehen-will-accg-201181874.html,https://media0.faz.net/image/w1200h627/f6d808e54e2a/w3849h2011x0y151o/202609/43601.0.2495871595/trockenkurs-training-beim-ski.webp,,"Die erste Skitour führt zur Wasserkuppe, die erste Clubfahrt an den Arlberg. Aber auch im Taunus liegt in den Jahren nach der Jahrhundertwende reichlich Schnee, nicht bloß in der Rhön und in den Alpe… [+3742 chars]","125 years of the Taunus Ski Club: When the Taunus was still a snow paradise. Slopes, jumps, races: all of this once existed in the low mountain ranges. 125 years after its founding, the Taunus Ski Club now has to reposition itself. It turns from a snow sports club into an outdoor club.","125 Jahre Ski-Club Taunus: Als der Taunus noch ein Schneeparadies war. Pisten, Schanzen, Rennen: All das gab es auch einmal im Mittelgebirge. 125 Jahre nach seiner Gründung muss sich der Ski-Club Taunus nun neu positionieren. Er wird vom Schneesport- zum Outdoorverein.","125 annos Taunus Ski Club: Taunus adhuc erat paradisus nix. Proclivia, salit, saecla: haec quondam fuit in montibus imis. 125 annis post conditam, Taunus Ski Club nunc repositio se habet. Vertit ex nix ludis clava in clava velit."
c485c085bba6a2842c1fad73b3f38f97,2026-09-05T10:17:52Z,Precipitation,Hazard,vorarlberg.orf.at,de,0.9,Dornbirn will sich besser auf Extremwetter vorbereiten,"Die Stadt Dornbirn will sich künftig noch besser auf Extremwetterereignisse vorbereiten. Eine neue Strategie soll Maßnahmen gegen zunehmende Hitze, Starkregen und längere Trockenperioden bündeln. Geplant sind unter anderem mehr Bäume und Grünflächen sowie küh…",https://vorarlberg.orf.at/stories/3369895/,https://ibs.orf.at/vbg?image=https%3A%2F%2Foekastatic.orf.at%2Fmims%2F2026%2F36%2F64%2Fcrops%2Fw%3D1200%2Ch%3D627%2Cq%3D75%2F3172726_master_1230264_20260828_pionierstadt_-_klimaschutz_ist_konkret_1.jpg%3Fs%3D69a1cd1a69f5ef3e5dab1f8415eb066a5478b4e7,http://web.archive.org/web/20260905174505/https://vorarlberg.orf.at/stories/3369895/,"Im Zuge der Klimawandelanpassungsstrategie, die vom Stadtrat beschlossen werde, seien 13 neue Maßnahmen entwickelt worden, heißt es bei der Stadt Dornbirn. Dazu gehörten unter anderem weitere Begrünu… [+4293 chars]","Dornbirn wants to better prepare for extreme weather. The city of Dornbirn wants to prepare even better for extreme weather events in the future. A new strategy is intended to bundle measures against increasing heat, heavy rain and longer dry periods. Plans include more trees and green spaces as well as cool...","Dornbirn will sich besser auf Extremwetter vorbereiten. Die Stadt Dornbirn will sich künftig noch besser auf Extremwetterereignisse vorbereiten. Eine neue Strategie soll Maßnahmen gegen zunehmende Hitze, Starkregen und längere Trockenperioden bündeln. Geplant sind unter anderem mehr Bäume und Grünflächen sowie küh…","Dornbirn ad extremam tempestatem melius parare vult. Urbs Dornbirn magis etiam ad extremas tempestates in futuro eventuum praeparare vult. Novum consilium fasciculum mensurarum contra calorem augendum, pluviam gravem et tempora arida longiora destinata est. Consilia plura arbores et spatia viridia ac frigus comprehendunt..."
dace12ca85c68c658edc2296f2fda86f,2026-09-05T12:45:00Z,Cold Wave,Hazard,www.hitc.com,en,0.3,‘That’s cold’ – Real Betis post about beating Jose Mourinho’s Real Madrid is going viral,"Real Betis became the first team to beat Jose Mourinho’s Real Madrid in 2026/27 and their tweet about doing so is garnering a lot of attention. Madrid were far from their best on Friday night, and had no reply after Troy Parrott scored in the 81st minute of t…",https://www.hitc.com/thats-cold-real-betis-post-about-beating-jose-mourinhos-real-madrid-is-going-viral/,https://s.yimg.com/lo/mysterio/api/ef931cce2f90e2d388cb03a7caf15149d689a2936f6f932c42b12d646fabc048/lightyear_networkapi/resizefill_w1200%3Bquality_80%3Bformat_webp/https%3A%2F%2Fmedia.zenfs.com%2Fen%2Fhitc_articles_832%2Ff9357619cc9108a9ddcc25ecdd36ffc9.jpg,http://web.archive.org/web/20260906012744/https://www.hitc.com/thats-cold-real-betis-post-about-beating-jose-mourinhos-real-madrid-is-going-viral/,"Real Betis became the first team to beat Jose Mourinho's Real Madrid in 2026/27 and their tweet about doing so is garnering a lot of attention.
Madrid were far from their best on Friday night, and h… [+1191 chars]","‘That’s cold’ – Real Betis post about beating Jose Mourinho’s Real Madrid is going viral. Real Betis became the first team to beat Jose Mourinho’s Real Madrid in 2026/27 and their tweet about doing so is garnering a lot of attention. Madrid were far from their best on Friday night, and had no reply after Troy Parrott scored in the 81st minute of t…","„Das ist kalt“ – Der Beitrag von Real Betis über den Sieg gegen Jose Mourinhos Real Madrid geht viral. Real Betis war 2026/27 das erste Team, das Jose Mourinhos Real Madrid besiegte, und ihr Tweet darüber erregte große Aufmerksamkeit. Madrid war am Freitagabend weit von seiner Bestform entfernt und hatte keine Antwort, nachdem Troy Parrott in der 81. Spielminute ein Tor erzielte …","'Quod frigus' - Real Betis post de verberatione Jose Mourinho's Real Madrid virales eat. Real Betis primus manipulus factus est Jose Mourinho Real Madrid in 2026/27 percutere et eorum tweet de hoc faciendo multam attentionem accipit. Matritum procul aberat ab optimo die Veneris nocte, nec responsum habuit post Troiam Parrott notatos in 81 minuto t…"
c1620963a391490afc3f65c22c7684e7,2026-09-05T15:03:17Z,Tropical Cyclone,Hazard,www.dailymail.com,en,0.9,California has never been hit by a hurricane. Now a top forecaster reveals the three ominous changes that could make the unthinkable happen THIS year,"An expert forecaster fears 2026 may be the year a hurricane makes landfall in California, as the conditions line up for a historic storm.",https://www.dailymail.com/sciencetech/article-16076997/hurricane-california-paul-pastelok-el-nino.html,https://i.dailymail.com/1s/2026/08/28/18/110916663-0-image-m-22_1787939971095.jpg,http://web.archive.org/web/20260906052147/https://www.dailymail.com/sciencetech/article-16076997/hurricane-california-paul-pastelok-el-nino.html,"A hurricane has never made landfall in California, but an expert meteorologist believes the stage is set for a historic storm to threaten millions along the coast.
AccuWeather Senior Meteorologist a… [+7762 chars]","California has never been hit by a hurricane. Now a top forecaster reveals the three ominous changes that could make the unthinkable happen THIS year. An expert forecaster fears 2026 may be the year a hurricane makes landfall in California, as the conditions line up for a historic storm.","Kalifornien wurde noch nie von einem Hurrikan heimgesucht. Jetzt enthüllt ein Top-Prognostiker die drei unheilvollen Veränderungen, die DIESES Jahr das Undenkbare geschehen lassen könnten. Ein erfahrener Prognostiker befürchtet, dass 2026 das Jahr sein könnte, in dem ein Hurrikan Kalifornien erreicht, da die Bedingungen für einen historischen Sturm stimmen.","California numquam turbine ictus est. Nunc vatem summum detegit omina tres mutationes quae hoc anno accidere potuerunt incogitabiles. Peritus vatem timet 2026 potest annus procellae in California casum facit, sicut condiciones tempestatis historicae aciem instruunt."
d8e0ba7b3ca29b9a6112b22d423da1ca,2026-09-05T20:42:47Z,Tropical Cyclone,Hazard,www.nhc.noaa.gov,en,0.7,Hurricane Marie Graphics,"Wind Speed Probabilities last updated Sat, 05 Sep 2026 20:42:47 GMT",https://www.nhc.noaa.gov/refresh/graphics_ep3+shtml/204247.shtml?cone,,,"* If the storm is forecast to dissipate within 3 days, the ""Full Forecast"" and ""3 day"" graphic will be identical
Click Here for a 5-day Cone Printer Friendly GraphicHow to use the cone graphic (vide… [+2695 chars]","Hurricane Marie Graphics. Wind Speed Probabilities last updated Sat, 05 Sep 2026 20:42:47 GMT","Hurrikan Marie Grafiken. Windgeschwindigkeitswahrscheinlichkeiten wurden zuletzt am Samstag, 05. September 2026 um 20:42:47 Uhr GMT aktualisiert","Procellae Mariae Graphics. Ventus Speed ​​Probabilitates renovatio Sat, 05 Sep 2026 20:42:47 GMT"
2a05b199f1bd54ef60e4ec5564dee4ce,2026-09-06T00:52:27Z,Tropical Cyclone,Hazard,www.nbcnews.com,en,0.7,Hurricane Lowell threatens Hawaiian islands with life-threatening surf,Hurricane Lowell is expected to create life-threatening conditions even as it’s forecast to sidestep the major Hawaiian islands west of the archipelago by Monday night.,https://www.nbcnews.com/weather/hurricanes/hurricane-lowell-hawaii-islands-life-threatening-surf-rcna596294,"https://media-cldnry.s-nbcnews.com/image/upload/t_nbcnews-fp-1200-630,f_auto,q_auto:best/rockcms/2026-09/260905-hurricane-lowell-noaa-ww-1736-a2b1f4.jpg",,"Hurricane Lowell is expected to create life-threatening conditions even as its forecast to sidestep the major Hawaiian islands west of the archipelago by Monday night. 
It could remain a major hurri… [+3454 chars]",Hurricane Lowell threatens Hawaiian islands with life-threatening surf. Hurricane Lowell is expected to create life-threatening conditions even as it’s forecast to sidestep the major Hawaiian islands west of the archipelago by Monday night.,"Hurrikan Lowell bedroht hawaiianische Inseln mit lebensgefährlicher Brandung. Es wird damit gerechnet, dass Hurrikan Lowell lebensbedrohliche Bedingungen schaffen wird, auch wenn erwartet wird, dass er bis Montagabend die großen hawaiianischen Inseln westlich des Archipels umgeht.",Procellae Lowell insulis Hawaii salo vitalibus minitatur. Procellae Lowell expectatur condiciones vitae minas creare etiam cum praenuntiat in insulis Hawaii maioris occidentis archipelagi per noctem Lunae.
edf210965a0f787059326ea7690da7fb,2026-09-06T02:31:35Z,Volcano,Impacts,www.business-standard.com,en,0.9,Flights at Jakarta airport cancelled due to Anak Krakatau volcano eruption,"Indonesia's Anak Krakatau volcano erupted early Sunday, prompting the cancellation of all flights at Jakarta's Soekarno-Hatta International Airport as volcanic ash drifted across parts of western Indonesia.
Indonesia's Geological Agency said the volcanic isla…",https://www.business-standard.com/world-news/flights-at-jakarta-airport-cancelled-due-to-anak-krakatau-volcano-eruption-126090600054_1.html,https://bsmedia.business-standard.com/_media/bs/img/article/2025-02/17/thumb/featurecrop/1200X628/1739814359-805.jpg,http://web.archive.org/web/20260907072402/https://www.business-standard.com/world-news/flights-at-jakarta-airport-cancelled-due-to-anak-krakatau-volcano-eruption-126090600054_1.html,"Indonesia's Anak Krakatau volcano erupted early Sunday, prompting the cancellation of all flights at Jakarta's Soekarno-Hatta International Airport as volcanic ash drifted across parts of western Ind… [+1805 chars]","Flights at Jakarta airport cancelled due to Anak Krakatau volcano eruption. Indonesia's Anak Krakatau volcano erupted early Sunday, prompting the cancellation of all flights at Jakarta's Soekarno-Hatta International Airport as volcanic ash drifted across parts of western Indonesia.
Indonesia's Geological Agency said the volcanic isla…","Flüge am Flughafen Jakarta wurden aufgrund des Vulkanausbruchs Anak Krakatau gestrichen. Der indonesische Vulkan Anak Krakatau brach am frühen Sonntag aus und führte zur Annullierung aller Flüge am internationalen Flughafen Soekarno-Hatta in Jakarta, da Vulkanasche über Teile Westindonesiens trieb.
Die indonesische Geologiebehörde sagte, die Vulkaninsel sei …","Volcani in Jakarta aeroportus resignavit ob eruptionem vulcanii Anak Krakatau. Volcanus Indonesia Anak Krakatau primo die erupit, suggerens tabulas omnium volatus in Airport Soekarno-Hatta Internationalis sicut cinis molaris trans partes Indonesiae occidentalis ibat.
Indonesia Geological Agency dixit molaris isla…"
5a7819b286c03616da4e66aecc13452c,2026-09-06T02:41:47Z,Landslide,Hazard,economictimes.indiatimes.com,en,0.9,"Global warming: From Nepal to Assam to Kerala, nature’s fury is colliding with unchecked development","The Himalayan region is facing increasingly frequent and unpredictable extreme weather, with glacier collapses, flash floods and landslides becoming more dangerous. Climate change is a key driver, but rapid and poorly planned development is worsening the risk…",https://economictimes.indiatimes.com/news/india/global-warming-from-nepal-to-assam-to-kerala-natures-fury-is-colliding-with-unchecked-development/articleshow/133822957.cms,"https://img.etimg.com/thumb/msid-133823298,width-1200,height-630,imgsize-266208,overlay-economictimes/articleshow.jpg",http://web.archive.org/web/20260907114931/https://economictimes.indiatimes.com/news/india/global-warming-from-nepal-to-assam-to-kerala-natures-fury-is-colliding-with-unchecked-development/articleshow/133822957.cms,"Over the last few years, Nepals weather has become increasingly unfamiliar to those living there. The Himalayan nation has experienced weather events that were once unheard of, including the first to… [+10634 chars]","Global warming: From Nepal to Assam to Kerala, nature’s fury is colliding with unchecked development. The Himalayan region is facing increasingly frequent and unpredictable extreme weather, with glacier collapses, flash floods and landslides becoming more dangerous. Climate change is a key driver, but rapid and poorly planned development is worsening the risk…","Globale Erwärmung: Von Nepal über Assam bis Kerala kollidiert die Wut der Natur mit ungebremster Entwicklung. Die Himalaya-Region ist mit immer häufigeren und unvorhersehbaren Extremwetterereignissen konfrontiert, wobei Gletscherbrüche, Sturzfluten und Erdrutsche immer gefährlicher werden. Der Klimawandel ist ein wesentlicher Treiber, aber eine schnelle und schlecht geplante Entwicklung verschärft das Risiko …","Calefactionem cunctam: Ab Nepal ad Assam ad Kerala furor naturae inoffenso progressu colliditur. Regionem Himalayanam versus magis magisque frequentes et inaestimabiles tempestates extremas, cum glacierum ruinas, inundationes et prolapsas periculosiores fieri. Mutatio climatis clavis est agitator, sed celeritas et progressus male comparatus periculum auget…"
177b0667fbae4c5e179133441ade0dae,2026-09-06T03:01:00Z,Thunderstorm,Hazard,www.nzz.ch,de,0.8,"«Die Zahl der Schadensmeldungen ist beispiellos», sagt der Fahrzeugexperte im Hagel-Drive-in. Die Unwetterfolgen dürften Hunderte Millionen Franken kosten",Nach dem zerstörerischen Hagelsturm über dem Kanton Zürich arbeiten die Versicherungen am Anschlag. Im Schadenszentrum zeigt sich: Für manche Betroffene ging mehr kaputt als nur ein Auto.,https://www.nzz.ch/zuerich/hagel-drive-in-in-seuzach-schaeden-an-autos-in-millionenhoehe-ld.10021910,"https://img-msp-prod.nzz.ch/2026/09/04/4d392c2d-414e-4d2a-9bee-2acd1bc526a8.jpg?width=1200&height=675&fit=bounds&quality=75&auto=webp&crop=2048,1152,x0,y0&wmark=nzz",http://web.archive.org/web/20260907114151/https://www.nzz.ch/zuerich/hagel-drive-in-in-seuzach-schaeden-an-autos-in-millionenhoehe-ld.10021910,"Nach dem zerstörerischen Hagelsturm über dem Kanton Zürich arbeiten die Versicherungen am Anschlag. Im Schadenszentrum zeigt sich: Für manche Betroffene ging mehr kaputt als nur ein Auto.
Vincenzo T… [+7210 chars]","“The number of damage reports is unprecedented,” says the vehicle expert at the hail drive-in. The consequences of the storm are likely to cost hundreds of millions of francs. After the destructive hailstorm over the canton of Zurich, insurance companies are working on the attack. The damage center shows that for some of those affected, more than just a car was broken.","«Die Zahl der Schadensmeldungen ist beispiellos», sagt der Fahrzeugexperte im Hagel-Drive-in. Die Unwetterfolgen dürften Hunderte Millionen Franken kosten. Nach dem zerstörerischen Hagelsturm über dem Kanton Zürich arbeiten die Versicherungen am Anschlag. Im Schadenszentrum zeigt sich: Für manche Betroffene ging mehr kaputt als nur ein Auto.","""Numerus damnorum nuntiationum inusitatus est"", dicit vehiculum peritum grandinis in autocineto. Tempestatem consecutiones centena milia francorum constare verisimile est. Post grandinem perniciosissimum pagum Tiguri, societates assecurationes in oppugnatione laborant. Centrum damnum ostendit aliquot ex iis qui affecti sunt, plus quam iustus autocinetum fractum esse."
7f5fc17f57b60a5794590fcfc7695da4,2026-09-06T03:05:52Z,Volcano,Hazard,timesofindia.indiatimes.com,en,0.9,"Krakatau volcano erupts in Indonesia: 209 flights hit, schools shut as ash plume soars 50,000 feet","Rest of World News: Indonesia suspended hundreds of flights at Jakarta’s Soekarno-Hatta International Airport on Sunday after Mount Anak Krakatau erupted, sending volcani.",https://timesofindia.indiatimes.com/world/rest-of-world/krakatau-volcano-erupts-in-indonesia-209-flights-hit-schools-shut-as-ash-plume-soars-50000-feet/articleshow/133823771.cms,"https://static.toiimg.com/thumb/msid-133823857,width-1280,height-720,resizemode-6,overlay-toi_sw,pt-32,y_pad-600/photo.jpg",http://web.archive.org/web/20260906160949/https://timesofindia.indiatimes.com/world/rest-of-world/krakatau-volcano-erupts-in-indonesia-209-flights-hit-schools-shut-as-ash-plume-soars-50000-feet/articleshow/133823771.cms,"Follow Us On Social Media
Copyright © 2026 Bennett, Coleman &amp; Co. Ltd. All rights reserved. For reprint rights: Times Syndication Service","Krakatau volcano erupts in Indonesia: 209 flights hit, schools shut as ash plume soars 50,000 feet. Rest of World News: Indonesia suspended hundreds of flights at Jakarta’s Soekarno-Hatta International Airport on Sunday after Mount Anak Krakatau erupted, sending volcani.","In Indonesien bricht der Vulkan Krakatau aus: 209 Flugzeuge sind betroffen, Schulen sind geschlossen, während die Aschewolke 50.000 Fuß hoch steigt. Nachrichten aus der restlichen Welt: Indonesien hat am Sonntag Hunderte Flüge auf dem internationalen Flughafen Soekarno-Hatta in Jakarta eingestellt, nachdem der Vulkan Anak Krakatau ausgebrochen war.","Krakatau vulcano in Indonesia erumpit: volatus 209 feriunt, scholae plumae sicut cineres volantes 50.000 pedum clauduntur. Requiem Nuntii Mundi: Indonesia centena volarum suspensa apud Jakarta's Soekarno-Hatta International Airport die Dominico post montem Enak Krakatau erupit, volcanos mittens."
57be3bb3937776f291602e49355e0e5d,2026-09-06T03:23:58Z,Tropical Cyclone,Hazard,timesofindia.indiatimes.com,en,0.9,China mudslide: One missing person found dead as death toll rises to two,China News: Rescuers in southeastern China's Jiangxi province found one of the people missing after a mudslide triggered by torrential rain from tropical cyclone .,https://timesofindia.indiatimes.com/world/china/china-mudslide-one-missing-person-found-dead-as-death-toll-rises-to-two-10-remain-missing/articleshow/133824054.cms,"https://static.toiimg.com/thumb/msid-133824251,width-1280,height-720,resizemode-6,overlay-toi_sw,pt-32,y_pad-600/photo.jpg",http://web.archive.org/web/20260907011924/https://timesofindia.indiatimes.com/world/china/china-mudslide-one-missing-person-found-dead-as-death-toll-rises-to-two-10-remain-missing/articleshow/133824054.cms,"Follow Us On Social Media
Copyright © 2026 Bennett, Coleman &amp; Co. Ltd. All rights reserved. For reprint rights: Times Syndication Service",China mudslide: One missing person found dead as death toll rises to two. China News: Rescuers in southeastern China's Jiangxi province found one of the people missing after a mudslide triggered by torrential rain from tropical cyclone .,"Schlammlawine in China: Eine vermisste Person wurde tot aufgefunden, die Zahl der Todesopfer steigt auf zwei. China News: Retter in der südostchinesischen Provinz Jiangxi fanden einen der Menschen, der nach einer Schlammlawine, die durch sintflutartige Regenfälle eines tropischen Wirbelsturms ausgelöst wurde, vermisst wurde.",Sina mudslide: Unus absentis homo mortuus inventus ut vectigal morti ad duos oritur. China News: Rescuers in provincia australi Sinarum Jiangxi inventus est unus ex populo defuit post mudslide Urguet imbrem torrentem ex cyclone tropico .
17392aeed85d72cbac3605b94b4bec17,2026-09-06T03:46:00Z,Volcano,Hazard,www.dw.com,en,0.9,Indonesia: Flights canceled as Anak Krakatau volcano erupts,"The spread of ash after the volcanic eruption of Anak Krakatau has impacted thousands of passengers, as flights were canceled at Jakarta's international airport. Hundreds of flights were canceled at Jakarta's international airport after Indonesia's Anak Kraka…",https://www.dw.com/en/indonesia-flights-canceled-as-anak-krakatau-volcano-erupts/a-79050871,https://static.dw.com/image/79050869_6.jpg,,"Hundreds of flights were canceled at Jakarta's international airport after Indonesia's Anak Krakatau volcano erupted early Sunday morning, more than 150 kilometers (93 miles) away.
The volcano produ… [+2510 chars]","Indonesia: Flights canceled as Anak Krakatau volcano erupts. The spread of ash after the volcanic eruption of Anak Krakatau has impacted thousands of passengers, as flights were canceled at Jakarta's international airport. Hundreds of flights were canceled at Jakarta's international airport after Indonesia's Anak Kraka…","Indonesien: Flüge wegen Ausbruch des Vulkans Anak Krakatau gestrichen. Die Ausbreitung der Asche nach dem Vulkanausbruch im Anak Krakatau hat Tausende von Passagieren getroffen, da Flüge am internationalen Flughafen von Jakarta gestrichen wurden. Hunderte Flüge wurden auf dem internationalen Flughafen von Jakarta gestrichen, nachdem der indonesische Flughafen Anak Kraka…","Indonesia: Volcanus cancellatus ut Enak Krakatau vulcano erumpit. Expansio cineris post eruptionem volcanicam Enak Krakatau millia viatorum impacta est, ut volatus internationali aeroportus Jakartae cassantur. Centum volatus aeroportus internationalis in Batavia abolita est post Indonesia Anak Kraka ..."
30087cbbc284ecb1dec65e1c87a71cd3,2026-09-06T05:00:00Z,Heat Wave,Mitigation,www.faz.net,de,0.9,Klimaschutz und Nahverkehr: Busse trüben die Treibhausgasbilanz,Die Frankfurter Nahverkehrsgesellschaft Traffiq hat ihren ersten Nachhaltigkeitsbericht vorgelegt. Beim Thema Umwelt gibt es eine klare Aufgabe.,https://www.faz.net/aktuell/rhein-main/frankfurt/frankfurt-busse-trueben-treibhausgasbilanz-im-nahverkehr-accg-201195066.html,https://media0.faz.net/image/w1200h627/3195bc2617f0/w7973h4165x0y340o/202405/43601.0.347043970/ob-mit-wasserstoff-oder.webp,,"Die lokale Nahverkehrsgesellschaft Traffiq ist vor 25 Jahren gegründet worden, um in Frankfurt den Verkehr von U-Bahnen, Straßenbahnen und Linienbussen zu organisieren. Sie übernimmt für die Stadt di… [+1991 chars]",Climate protection and local transport: Buses cloud the greenhouse gas balance. The Frankfurt local transport company Traffiq has presented its first sustainability report. There is a clear task when it comes to the environment.,Klimaschutz und Nahverkehr: Busse trüben die Treibhausgasbilanz. Die Frankfurter Nahverkehrsgesellschaft Traffiq hat ihren ersten Nachhaltigkeitsbericht vorgelegt. Beim Thema Umwelt gibt es eine klare Aufgabe.,"Tutela climatis et oneraria localia: Buses nubes in CONSERVATORIUM gas statera. Commeatio oneraria localia Francofurtensis Traffiq primam suam nuntiationem sustineri fecit. Est opus perspicuum, cum ad ambitum venerit."
6c46636bbfda94aa565e9423f212daf0,2026-09-06T06:01:31Z,Volcano,Hazard,biztoc.com,en,0.7,Volcano eruption triggers flight suspensions at Indonesia's main airport,"A volcanic eruption has halted hundreds of flights at Indonesia's main international airport, stranding tens of thousands of passengers.
Authorities said 209 flights were suspended after ash from Mount Anak Krakatoa was detected in airspace near Jakarta's Soe…",https://biztoc.com/x/5e22b63676504b1b,https://biztoc.com/cdn/5e22b63676504b1b_s.webp,,"A volcanic eruption has halted hundreds of flights at Indonesia's main international airport, stranding tens of thousands of passengers.Authorities said 209 flights were suspended after ash from Moun… [+139 chars]","Volcano eruption triggers flight suspensions at Indonesia's main airport. A volcanic eruption has halted hundreds of flights at Indonesia's main international airport, stranding tens of thousands of passengers.
Authorities said 209 flights were suspended after ash from Mount Anak Krakatoa was detected in airspace near Jakarta's Soe…","Vulkanausbruch führt zu Flugausfällen am indonesischen Hauptflughafen. Ein Vulkanausbruch hat Hunderte von Flügen auf Indonesiens wichtigstem internationalen Flughafen zum Erliegen gebracht und Zehntausende Passagiere festsitzen lassen.
Nach Angaben der Behörden wurden 209 Flüge eingestellt, nachdem Asche vom Berg Anak Krakatoa im Luftraum in der Nähe von Jakartas Soe entdeckt wurde.","Volcano eruptio triggers suspensiones fugat in aeroportus principalis Indonesiae. Volcanica eruptio centena volarum in aeroporto Indonesia principali internationali constitit, decem milia viatorum destituta.
Auctoritates dixit 209 volatus suspensi postquam cineres de monte Enak Krakatoa deprehensi in airspace prope Batavia scriptor Soe…"
5a8d999490ff7ef9493cdc27f7c23ccf,2026-09-06T08:05:00Z,Snow Avalanche,Impacts,www.prnewswire.com,en,0.8,GT investigates: What severe ice-rock avalanches throughout history reveal about future risks,"BEIJING, Sept. 6, 2026 /PRNewswire/ -- On August 26, an ice-rock avalanche tore down a high-altitude slope in Nepal, unleashing a devastating debris flow that left people dead or missing on both sides of the China-Nepal border. As of Friday, 31 people have be…",https://www.prnewswire.com/news-releases/gt-investigates-what-severe-ice-rock-avalanches-throughout-history-reveal-about-future-risks-302870780.html,,http://web.archive.org/web/20260907103135/https://www.prnewswire.com/news-releases/gt-investigates-what-severe-ice-rock-avalanches-throughout-history-reveal-about-future-risks-302870780.html,"BEIJING, Sept. 6, 2026 /PRNewswire/ -- On August 26, an ice-rock avalanche tore down a high-altitude slope in Nepal, unleashing a devastating debris flow that left people dead or missing on both side… [+8487 chars]","GT investigates: What severe ice-rock avalanches throughout history reveal about future risks. BEIJING, Sept. 6, 2026 /PRNewswire/ -- On August 26, an ice-rock avalanche tore down a high-altitude slope in Nepal, unleashing a devastating debris flow that left people dead or missing on both sides of the China-Nepal border. As of Friday, 31 people have be…","GT untersucht: Was schwere Eislawinen im Laufe der Geschichte über zukünftige Risiken verraten. PEKING, 6. September 2026 /PRNewswire/ -- Am 26. August riss eine Eislawine einen hochgelegenen Hang in Nepal hinunter und löste einen verheerenden Murgang aus, bei dem auf beiden Seiten der chinesisch-nepalesischen Grenze Menschen starben oder vermisst wurden. Bis Freitag waren 31 Personen…","GT investigat: Quae graves cadentes avalanches in tota historia de futuris periculis revelant. BEIJING, die 6 sept. 2026 / PRNewswire/ -- Die 26 Augusti, glacies petrae NIVIS in Nepal altitudinis fastigium destruxit, strages vastantes emittens evolutionem quae homines mortuos reliquerunt vel in utroque latere terminus Sinarum-Nepalensis defuit. Sicut Veneris, 31 homines sunt…"
f3607665233bf77b34553c036cf5d727,2026-09-06T08:49:02Z,Volcano,Hazard,biztoc.com,en,0.9,Indonesia's main airport suspends operations after volcanic eruption,"Indonesia halted operations at its main international airport outside Jakarta on Sunday after ash spewed from the Anak Krakatoa volcano more than 150 kilometres away, impacting thousands of passengers.
Mount Anak Krakatoa erupted on Saturday, producing a foun…",https://biztoc.com/x/b48b7b0d651cad77,https://biztoc.com/cdn/b48b7b0d651cad77_s.webp,,"Indonesia halted operations at its main international airport outside Jakarta on Sunday after ash spewed from the Anak Krakatoa volcano more than 150 kilometres away, impacting thousands of passenger… [+138 chars]","Indonesia's main airport suspends operations after volcanic eruption. Indonesia halted operations at its main international airport outside Jakarta on Sunday after ash spewed from the Anak Krakatoa volcano more than 150 kilometres away, impacting thousands of passengers.
Mount Anak Krakatoa erupted on Saturday, producing a foun…","Indonesiens wichtigster Flughafen stellt nach Vulkanausbruch den Betrieb ein. Indonesien stellte am Sonntag den Betrieb seines wichtigsten internationalen Flughafens außerhalb von Jakarta ein, nachdem Asche aus dem mehr als 150 Kilometer entfernten Vulkan Anak Krakatau ausgestoßen war und Tausende von Passagieren betroffen hatte.
Am Samstag brach der Berg Anak Krakatau aus und erzeugte eine Flutwelle.","Indonesia principale aeriportus operationes post eruptionem molaris suspendit. Indonesia operationes constitit in aeriportu internationali extra Batavia die Dominico post cineres ab Anak Krakatoa vulcano plus quam 150 chiliometrorum evomuit, impacting milia viatorum.
Mons Enac Krakatoa die Saturni erupit, proferens filium…"
8a20f0910d8e77a181aa6828ffaa2621,2026-09-06T08:58:02Z,Volcano,Hazard,nypost.com,en,0.9,"Indonesia’s Anak Krakatau volcano erupts, canceling flights at Jakarta airport and others",Volcanic ash spread across parts of Jakarta and Lampung province on Sumatra’s southern tip.,https://nypost.com/2026/09/06/world-news/indonesias-anak-krakatau-volcano-erupts-canceling-flights-at-jakarta-airport-and-others/,https://nypost.com/wp-content/uploads/sites/2/2026/09/volcano.jpg?quality=75&strip=all&1788670640&w=1200,http://web.archive.org/web/20260907103616/https://nypost.com/2026/09/06/world-news/indonesias-anak-krakatau-volcano-erupts-canceling-flights-at-jakarta-airport-and-others/,"Indonesias Anak Krakatau volcano erupted early Sunday, prompting the cancellation of all flights at Jakartas Soekarno-Hatta International Airport and disrupting other domestic airports as volcanic as… [+3944 chars]","Indonesia’s Anak Krakatau volcano erupts, canceling flights at Jakarta airport and others. Volcanic ash spread across parts of Jakarta and Lampung province on Sumatra’s southern tip.","Der indonesische Vulkan Anak Krakatau bricht aus, wodurch Flüge am Flughafen Jakarta und anderen Flughäfen gestrichen werden. Vulkanasche breitete sich über Teile von Jakarta und der Provinz Lampung an der Südspitze Sumatras aus.","Indonesia Anak Krakatau vulcano erumpit, fugas in aeroportus Jakarta et aliis destruens. Fraxinus volcanus trans partes Batavia et Lampung diffusa est in apice Sumatra meridionali."
85c02f0e3a8136ac33bbe18a1d4dc353,2026-09-06T09:22:37Z,Thunderstorm,Hazard,www.tagesspiegel.de,de,0.9,Nur noch mäßig warm: Neue Woche bringt wechselhaftes und kühleres Wetter,"Schauer, Sonne, Gewitter: Wer die Woche plant, sollte flexibel bleiben. Zur Wochenmitte kühlt es merklich ab.",https://www.tagesspiegel.de/gesellschaft/panorama/dpa-nur-noch-massig-warm-16022336.html,https://www.tagesspiegel.de/images/16022335/alternates/BASE_16_9_W1400/1788686557000/wechselhaftes-wetter-in-hamburg.jpeg,http://web.archive.org/web/20260907064149/https://www.tagesspiegel.de/gesellschaft/panorama/dpa-nur-noch-massig-warm-16022336.html,"Sonne und Regen wechseln sich in der neuen Woche beim Wetter ab, dabei wird es vielerorts nur noch mäßig warm. Bei wechselnder und im Südosten zunächst geringer Bewölkung fallen zum Wochenstart am Mo… [+1744 chars]","Only moderately warm: The new week brings changeable and cooler weather. Showers, sun, thunderstorms: Anyone planning the week should remain flexible. In the middle of the week it cools down noticeably.","Nur noch mäßig warm: Neue Woche bringt wechselhaftes und kühleres Wetter. Schauer, Sonne, Gewitter: Wer die Woche plant, sollte flexibel bleiben. Zur Wochenmitte kühlt es merklich ab.","Tantum moderate calet: Nova septimana tempestatum mutabilem et frigidiorem facit. Imbres, sol, tonitribus: Quilibet hebdomadis agitatio manere debet flexibilis. In media hebdomade conspicue defervescit."
035b260cf0e674cc0871bcf147dbfc51,2026-09-06T10:48:55Z,Volcano,Impacts,freerepublic.com,en,0.9,"Major Explosive Eruption Occurs at Krakatau; Largest since 1883, Geologist Analysis","Krakatau, the infamous volcano, just produced its largest explosive eruption since 1883. And this caused the cancellation of hundreds of flights, generated a massive eruption plume, and caused ash to fall across a wide area. Yet, how large is this eruption, a…",https://freerepublic.com/focus/f-news/4394413/posts,,http://web.archive.org/web/20260906110550/https://freerepublic.com/focus/f-news/4394413/posts,"Skip to comments.
Major Explosive Eruption Occurs at Krakatau; Largest since 1883, Geologist AnalysisGeologyHub YT ^
 | Sept 5 2026
 | GeologyHub
Posted on 09/06/2026 3:48:55 AM PDT by texas boos… [+2718 chars]","Major Explosive Eruption Occurs at Krakatau; Largest since 1883, Geologist Analysis. Krakatau, the infamous volcano, just produced its largest explosive eruption since 1883. And this caused the cancellation of hundreds of flights, generated a massive eruption plume, and caused ash to fall across a wide area. Yet, how large is this eruption, a…","Am Krakatau kommt es zu einer schweren Explosion; Größte seit 1883, Geologenanalyse. Der berüchtigte Krakatau-Vulkan hat gerade seinen größten explosiven Ausbruch seit 1883 ausgelöst. Dies führte zur Annullierung von Hunderten von Flügen, erzeugte eine gewaltige Eruptionswolke und ließ Asche über ein weites Gebiet fallen. Doch wie groß ist dieser Ausbruch?","Major explosivae eruptio occurrit apud Krakatau; Maxima cum 1883, Geologist Analysis. Krakatau, Vulcanus infamis, maximam eruptionem explosivam ab 1883 modo produxit. Et haec centum volatus indultum fecit, plumam magnam eruptionem generavit et cineres trans latitudinem aream cadere fecit. Sed quanta est haec eruptio, a…"
a6132f269b73faccb31a26365e5757eb,2026-09-06T11:43:25Z,Volcano,Hazard,www.hurriyetdailynews.com,en,0.9,Indonesia’s main airport suspends operations after volcanic eruption,"Indonesia halted operations at its main international airport outside Jakarta on Sept. 6 after ash spewed from the Anak Krakatoa volcano more than 150 kilometers away, impacting thousands of passengers.",https://www.hurriyetdailynews.com/indonesias-main-airport-suspends-operations-after-volcanic-eruption-226518,https://image.hurimg.com/i/hurriyet/75/200x200/6a9d51c9242e1cf6f869fed0.jpg,http://web.archive.org/web/20260906161557/https://www.hurriyetdailynews.com/indonesias-main-airport-suspends-operations-after-volcanic-eruption-226518,"JAKARTA
This drone photo shows Mount Anak Krakatau spewing volcanic smoke. (AP Photo)
Indonesia halted operations at its main international airport outside Jakarta on Sept. 6 after ash spewed from … [+1362 chars]","Indonesia’s main airport suspends operations after volcanic eruption. Indonesia halted operations at its main international airport outside Jakarta on Sept. 6 after ash spewed from the Anak Krakatoa volcano more than 150 kilometers away, impacting thousands of passengers.","Indonesiens wichtigster Flughafen stellt nach Vulkanausbruch den Betrieb ein. Indonesien stellte am 6. September den Betrieb seines wichtigsten internationalen Flughafens außerhalb von Jakarta ein, nachdem Asche aus dem mehr als 150 Kilometer entfernten Vulkan Anak Krakatau ausgestoßen war und Tausende von Passagieren betroffen hatte.","Indonesia principale aeriportus operationes post eruptionem molaris suspendit. Indonesia operationes constitit in aeriportu internationali extra Batavia die 6 Sept. postquam cinis ab Anak Krakatoa vulcano plus quam 150 chiliometrorum evomuit, impacting milia viatorum."
d882d19589d2aa9f1a4c441d97f4bdc3,2026-09-06T12:00:00Z,Precipitation,Hazard,taz.de,de,0.9,Über Klimaanpassung nach Bürgerwillen: „Auf den Schottergarten verzichten“,"Wie umgehen mit Hitze und Starkregen? Pinneberg setzt auf Bürgerräte, die Maßnahmen erarbeiten. Milan Bogojević über das Projekt „Klima trifft Kommune“.",https://taz.de/Ueber-Klimaanpassung-nach-Buergerwillen/!6204050/,https://taz.de/picture/8671015/1200/Kies-und-Schotter-statt-Blumen-und-Gras-bestimmen-die-Gestaltung-eines-Vorgartens-dpa-Hannes-P.-Albert.jpeg,http://web.archive.org/web/20260906162602/https://taz.de/Ueber-Klimaanpassung-nach-Buergerwillen/!6204050/,"Wie umgehen mit Hitze und Starkregen? Pinneberg setzt auf Bürgerräte, die Maßnahmen erarbeiten. Milan Bogojević über das Projekt „Klima trifft Kommune“. mehr...",About climate adaptation according to citizens’ will: “Abandon the gravel garden”. How to deal with heat and heavy rain? Pinneberg relies on citizens' councils to develop measures. Milan Bogojević on the “Climate Meets Community” project.,"Über Klimaanpassung nach Bürgerwillen: „Auf den Schottergarten verzichten“. Wie umgehen mit Hitze und Starkregen? Pinneberg setzt auf Bürgerräte, die Maßnahmen erarbeiten. Milan Bogojević über das Projekt „Klima trifft Kommune“.","De aptatione climatis secundum civium voluntatem: ""Desine glaream hortum"". Quomodo cum calore et pluvia? Pinneberg consiliis civium nititur ut mensuras enucleent. Milano Bogojevi in ​​project ""Clima Communitatis Meets""."
1e10511b6273c7b69dd550d46c29a864,2026-09-06T13:49:40Z,Volcano,Mitigation,www.dailymail.com,en,0.9,Warning for Aussies as Indonesian volcano eruption sparks travel chaos,"By Sunday evening, the volcanic ash cloud had affected 467 flight movements in Jakarta´s Soekarno-Hatta airport alone that affected about 150,000 passengers.",https://www.dailymail.com/news/article-16109401/Australia-Indonesia-volcano-eruption-bali.html,https://i.dailymail.com/1s/2026/09/06/14/111081279-0-image-a-43_1788702518792.jpg,,"Australians travelling to Indonesia are being told to expect delays and disruptions after a volcano erupted over the weekend. 
Mount Anak Krakatoa erupted on Saturday, producing a fountain of lava a… [+2855 chars]","Warning for Aussies as Indonesian volcano eruption sparks travel chaos. By Sunday evening, the volcanic ash cloud had affected 467 flight movements in Jakarta´s Soekarno-Hatta airport alone that affected about 150,000 passengers.","Warnung für Australier, da der Ausbruch des indonesischen Vulkans ein Reisechaos auslöst. Bis Sonntagabend hatte die Vulkanaschewolke allein auf dem Flughafen Soekarno-Hatta in Jakarta 467 Flugbewegungen beeinträchtigt, von denen etwa 150.000 Passagiere betroffen waren.","Monitum pro Aussies sicut eruptio vulcani Indonesiaca scintillae chaos iter faciunt. Vespere Solis, nubes volcanicae cinis 467 motus fugae in Jakarta´s Soekarno-Hatta aeriportus solus affectus erat qui circiter 150.000 viatorum affectus est."
382a393381cded884ca27d5d19a89e92,2026-09-06T14:30:16Z,Wet Spell,Impacts,economictimes.indiatimes.com,en,0.3,"Delhi weather forecast: Rain likely on Monday, skies to turn drier from September 8","A low-pressure system has brought rain to Delhi, with Monday, September 7, expected to be particularly heavy. Following this wet day, the weather is set to dry, transitioning to partly cloudy skies starting September 8. Throughout the next week, temperatures …",https://economictimes.indiatimes.com/news/new-updates/delhi-weather-forecast-rain-likely-on-monday-skies-to-turn-drier-from-september-8/articleshow/133840762.cms,"https://img.etimg.com/thumb/msid-133840858,width-1200,height-630,imgsize-60758,overlay-economictimes/articleshow.jpg",http://web.archive.org/web/20260906171924/https://economictimes.indiatimes.com/news/new-updates/delhi-weather-forecast-rain-likely-on-monday-skies-to-turn-drier-from-september-8/articleshow/133840762.cms,Rain lashed parts of Delhi on Sunday as a low-pressure area over southwest Uttar Pradesh and the neighbourhood continued to influence weather conditions over the region.According to the India Meteoro… [+3482 chars],"Delhi weather forecast: Rain likely on Monday, skies to turn drier from September 8. A low-pressure system has brought rain to Delhi, with Monday, September 7, expected to be particularly heavy. Following this wet day, the weather is set to dry, transitioning to partly cloudy skies starting September 8. Throughout the next week, temperatures …","Wettervorhersage für Delhi: Regen ist am Montag wahrscheinlich, der Himmel wird ab dem 8. September trockener. Ein Tiefdruckgebiet hat Regen nach Delhi gebracht, wobei am Montag, dem 7. September, besonders starker Regen erwartet wird. Nach diesem nassen Tag wird das Wetter voraussichtlich trocknen und ab dem 8. September teilweise bewölkt sein. In der nächsten Woche steigen die Temperaturen …","Tempestas praenuntietur Delhi: Pluvia verisimiliter die Lunae, caelum ad sicciores e Septembri vertere 8. Ratio pressionis gravis in Delhi pluviam attulit, cum Lunae, VII Septembris, praecipue gravis futurus est. Post hunc diem infectum tempestas ad siccitatem est profectus, transitus in caelum partim nubilum incipiens Septembris 8. Per septimanam proximam, temperaturas ..."
2ff939cfe8f0aba722bb3cf2ec566b20,2026-09-06T15:07:57Z,Tsunami,Hazard,www.thejournal.ie,en,0.9,"Over 150,000 passengers stranded after Indonesian volcano erupts","In 2018, a tsunami triggered by a collapse of parts of Anak Krakatoa killed 429 people and left thousands displaced.",https://www.thejournal.ie/krakatoa-indonesia-eruption-7154315-Sep2026/,https://img2.thejournal.ie/article/7154315/river/?height=400&version=7154356,http://web.archive.org/web/20260906165345/https://www.thejournal.ie/krakatoa-indonesia-eruption-7154315-Sep2026/,"MORE THAN 150,000 passengers have been left stranded following the closure of several airports in Indonesia, after Mount Anak Krakatoa erupted on Saturday.
The volcano spewed a fountain of ash and l… [+4109 chars]","Over 150,000 passengers stranded after Indonesian volcano erupts. In 2018, a tsunami triggered by a collapse of parts of Anak Krakatoa killed 429 people and left thousands displaced.","Über 150.000 Passagiere sind nach dem Ausbruch des indonesischen Vulkans gestrandet. Im Jahr 2018 tötete ein Tsunami, der durch den Einsturz von Teilen von Anak Krakatau ausgelöst wurde, 429 Menschen und hinterließ Tausende Vertriebene.","Plus 150.000 viatorum destitutus postquam vulcano Indonesiano erumpit. Anno 2018, tsunami partium Enak Krakatoa ruina excitatus 429 hominum necavit et mille exposita reliquit."
7f5979988d9713f315f3a104cfe49567,2026-09-06T15:26:50Z,Volcano,Hazard,www.cbc.ca,en,0.9,"Indonesia's Anak Krakatau volcano erupts, cancelling flights at Jakarta airport and others","Anak Krakatau volcano erupted in Indonesia early Sunday, prompting the cancellation of all flights at Jakarta’s Soekarno-Hatta International Airport and disrupting other domestic airports as volcanic ash drifted across parts of western Indonesia.",https://www.cbc.ca/news/world/indonesia-volcano-eruption-cancelled-flights-9.7334276,"https://i.cbc.ca/ais/fa91cf6c-15a5-4c46-a894-357788e43100,1788708040130/full/max/0/default.jpg?im=Crop%2Crect%3D%280%2C66%2C1280%2C720%29%3BResize%3D620",http://web.archive.org/web/20260906205809/https://www.cbc.ca/news/world/indonesia-volcano-eruption-cancelled-flights-9.7334276,"Anak Krakatau volcano erupted in Indonesia early Sunday, prompting the cancellation of all flights at Jakarta's Soekarno-Hatta International Airport and disrupting other domestic airports as volcanic… [+3950 chars]","Indonesia's Anak Krakatau volcano erupts, cancelling flights at Jakarta airport and others. Anak Krakatau volcano erupted in Indonesia early Sunday, prompting the cancellation of all flights at Jakarta’s Soekarno-Hatta International Airport and disrupting other domestic airports as volcanic ash drifted across parts of western Indonesia.","Der indonesische Vulkan Anak Krakatau bricht aus, wodurch Flüge am Flughafen Jakarta und anderen Flughäfen gestrichen werden. Der Vulkan Anak Krakatau brach am frühen Sonntag in Indonesien aus, was zur Annullierung aller Flüge am internationalen Flughafen Soekarno-Hatta in Jakarta und zu Störungen an anderen inländischen Flughäfen führte, da Vulkanasche über Teile Westindonesiens trieb.","Indonesia Anak Krakatau vulcano erumpit, fugas destruens apud aeriportum Batavia et cetera. Volcano Anak Krakatau in Indonesia primo Dominico erupit, suggerente tabularum omnium volatus in Airport Soekarno-Hatta International, et alia nisl domestica turbans sicut cinis molaris trans partes Indonesiae occidentalis ibat."
37ba83c15c69c6b93102ba79908d3945,2026-09-06T17:52:10Z,Wet Spell,Hazard,timesofindia.indiatimes.com,en,0.9,"Rain leaves Madurai roads muddy, waterlogged ahead of monsoon","Rain in Madurai exposes unfinished and patched roadworks, causing mud, sewage overflow and travel disruption; residents raise repair durability concerns before monsoon.",https://timesofindia.indiatimes.com/city/madurai/rain-leaves-madurai-roads-muddy-waterlogged-ahead-of-monsoon/articleshow/133847193.cms,"https://static.toiimg.com/thumb/msid-133847192,width-1280,height-720,resizemode-6,overlay-toi_sw,pt-32,y_pad-600/photo.jpg",http://web.archive.org/web/20260907001111/https://timesofindia.indiatimes.com/city/madurai/rain-leaves-madurai-roads-muddy-waterlogged-ahead-of-monsoon/articleshow/133847193.cms,"Follow Us On Social Media
Copyright © 2026 Bennett, Coleman &amp; Co. Ltd. All rights reserved. For reprint rights: Times Syndication Service","Rain leaves Madurai roads muddy, waterlogged ahead of monsoon. Rain in Madurai exposes unfinished and patched roadworks, causing mud, sewage overflow and travel disruption; residents raise repair durability concerns before monsoon.","Der Regen hinterlässt im Vorfeld des Monsuns schlammige und nasse Straßen in Madurai. Regen in Madurai legt unvollendete und ausgebesserte Straßenarbeiten frei, was zu Schlamm, Abwasserüberlauf und Verkehrsunterbrechungen führt; Anwohner äußern Bedenken hinsichtlich der Haltbarkeit von Reparaturen vor dem Monsun.","Pluviis foliis Madurai viae turbidae, umoris ante ETESIA. Pluviae in Madurai itinera imperfecta et disiuncta exponit, lutum causans, purgamentorum redundantiam et discidium iter facit; incolas suscitare vetustatem curam reparandi ante ETESIA."
1e20150bec1bcf7382cd566e8eff8168,2026-09-06T17:57:18Z,Volcano,Hazard,biztoc.com,en,0.9,"Volcanic eruptions strand 170,000 at Indonesian airports","Multiple airports in Indonesia halted flights Sunday after the Anak Krakatau volcano erupted, spewing ash into the island nation's airspace.
The volcano erupted late Friday and again twice on Sunday, the BBC reported. Anak Krakatau sits about halfway between …",https://biztoc.com/x/de9faf271b0b3de5,https://biztoc.com/cdn/de9faf271b0b3de5_s.webp,,"Multiple airports in Indonesia halted flights Sunday after the Anak Krakatau volcano erupted, spewing ash into the island nation's airspace.The volcano erupted late Friday and again twice on Sunday, … [+137 chars]","Volcanic eruptions strand 170,000 at Indonesian airports. Multiple airports in Indonesia halted flights Sunday after the Anak Krakatau volcano erupted, spewing ash into the island nation's airspace.
The volcano erupted late Friday and again twice on Sunday, the BBC reported. Anak Krakatau sits about halfway between …","Durch Vulkanausbrüche stranden 170.000 Menschen auf indonesischen Flughäfen. Mehrere Flughäfen in Indonesien stellten am Sonntag ihre Flüge ein, nachdem der Vulkan Anak Krakatau ausgebrochen war und Asche in den Luftraum des Inselstaates gespuckt hatte.
Der Vulkan brach am späten Freitag und am Sonntag erneut zweimal aus, berichtete die BBC. Anak Krakatau liegt etwa auf halber Strecke zwischen …","eruptiones vulcanicae 170,000 in aeroportus Indonesian. Plures nisl in Indonesia volatus constiterunt die Dominico postquam Volcano Anak Krakatau erupit, cineres in aërem insulam nationalem vomens.
Volcano sero Veneris erupit et iterum bis die Dominico nuntiavit BBC. Anak Krakatau media fere inter ... sedet"
ef677a612e7dc87adb172ffb3345063c,2026-09-06T18:03:19Z,Volcano,Hazard,www.dailymail.com,en,0.7,"Volcano eruption leaves 170,000 passengers stranded and hundreds of flights cancelled in Indonesia","An eruption of Indonesia's Mount Anak Krakatau caused eight airports to suspend operations on Sunday, affecting more than 1,500 flights across the country.",https://www.dailymail.com/news/article-16109677/volcano-eruption-150-000-passengers-stranded-hundreds-flights-cancelled-Indonesia.html,https://i.dailymail.com/1s/2026/09/06/18/111083605-0-image-m-6_1788715352048.jpg,,"The eruption of a volcano in Indonesia has left 170,000 passengers stranded after hundreds of flights were cancelled.  
Eight airports in the country suspended flight operations on Sunday due to the… [+5530 chars]","Volcano eruption leaves 170,000 passengers stranded and hundreds of flights cancelled in Indonesia. An eruption of Indonesia's Mount Anak Krakatau caused eight airports to suspend operations on Sunday, affecting more than 1,500 flights across the country.","Durch den Vulkanausbruch bleiben in Indonesien 170.000 Passagiere gestrandet und Hunderte Flüge werden gestrichen. Ein Ausbruch des indonesischen Mount Anak Krakatau führte am Sonntag dazu, dass acht Flughäfen den Betrieb einstellten, was Auswirkungen auf mehr als 1.500 Flüge im ganzen Land hatte.","Volcano eruptio relinquit 170,000 viatorum destitutus et centena volatus in Indonesia cassata. eruptio Indonesiae Montis Anak Krakatau octo nisl operationes die Dominico suspendendas effecit, plus quam 1,500 volatus per patriam afficiens."
d77bc5201fa48d67857ca01163a8ba8e,2026-09-06T18:33:39Z,Wet Spell,Hazard,timesofindia.indiatimes.com,en,0.9,"Drains choked, water overflows onto roads in Shalimar Garden after rain","Blocked drains in Ghaziabad’s Shalimar Garden cause recurring waterlogged roads, flooding homes and shops, disrupting travel and raising dengue-malaria fears.",https://timesofindia.indiatimes.com/city/noida/drains-choked-water-overflows-onto-roads-in-shalimar-garden-after-rain/articleshow/133848594.cms,"https://static.toiimg.com/thumb/msid-133848590,width-1280,height-720,resizemode-6,overlay-toi_sw,pt-32,y_pad-600/photo.jpg",http://web.archive.org/web/20260907001113/https://timesofindia.indiatimes.com/city/noida/drains-choked-water-overflows-onto-roads-in-shalimar-garden-after-rain/articleshow/133848594.cms,"Follow Us On Social Media
Copyright © 2026 Bennett, Coleman &amp; Co. Ltd. All rights reserved. For reprint rights: Times Syndication Service","Drains choked, water overflows onto roads in Shalimar Garden after rain. Blocked drains in Ghaziabad’s Shalimar Garden cause recurring waterlogged roads, flooding homes and shops, disrupting travel and raising dengue-malaria fears.","Abflüsse verstopft, Wasser läuft nach Regen über die Straßen im Shalimar-Garten. Verstopfte Abflüsse im Shalimar-Garten in Ghaziabad führen immer wieder zu überschwemmten Straßen, überfluten Häuser und Geschäfte, behindern den Reiseverkehr und schüren Ängste vor Dengue-Malaria.","Haurit suffocatus, aqua super vias in Horto Shalimar post pluviam redundat. Clausus cloacarum in horto Ghaziabad in horto Shalimar causa viae umoreae frequentandae, inundationes domus et tabernae, peregrinationes turbantes et timores dengue-malares excitandi."
b32b53701cf4fc804b60ba25aef0e157,2026-09-06T18:33:47Z,Thunderstorm,Adaptation,www.tagesspiegel.de,de,0.9,„Blitzableiter für deren Hass“: Für AfD-Gegner beginnt in Sachsen-Anhalt eine neue Zeitrechnung,"Drohungen durch Rechtsextreme ist Robert Fietzke gewohnt. Er leitet ein Jugendzentrum im Harz. Nun hat die AfD ein Rekordergebnis erzielt. Hier erzählt der Halberstädter, was der Wahlabend für ihn ändert.",https://www.tagesspiegel.de/politik/blitzableiter-fur-deren-hass-fur-afd-gegner-beginnt-in-sachsen-anhalt-eine-neue-zeitrechnung-16023961.html,https://www.tagesspiegel.de/images/16024025/alternates/BASE_16_9_W1400/1788708860000/demonstration-zur-landtagswahl-in-sachsen-anhalt.jpeg,http://web.archive.org/web/20260906202437/https://www.tagesspiegel.de/politik/blitzableiter-fur-deren-hass-fur-afd-gegner-beginnt-in-sachsen-anhalt-eine-neue-zeitrechnung-16023961.html,"Diese große Unsicherheit, die bleibt jetzt erstmal, sagt Robert Fietzke. Dass die AfD in Sachsen-Anhalt tatsächlich die absolute Mehrheit erreicht ist unwahrscheinlich. Doch es ist sehr knapp. Und se… [+253 chars]",“Lightning rod for their hatred”: A new era is beginning for AfD opponents in Saxony-Anhalt. Robert Fietzke is used to threats from right-wing extremists. He runs a youth center in the Harz Mountains. Now the AfD has achieved a record result. Here the Halberstadt native tells us what election evening will change for him.,"„Blitzableiter für deren Hass“: Für AfD-Gegner beginnt in Sachsen-Anhalt eine neue Zeitrechnung. Drohungen durch Rechtsextreme ist Robert Fietzke gewohnt. Er leitet ein Jugendzentrum im Harz. Nun hat die AfD ein Rekordergebnis erzielt. Hier erzählt der Halberstädter, was der Wahlabend für ihn ändert.","""Fulmina virga odiorum"": nova aetas incipit AfD adversarios in Saxonia-Anhalt. Robert Fietzke minari a extremistis dextro cornu. Ille mediam iuvenem in montes Harz percurrit. Nunc AFD testimonium consecutus est. Hic Halberstadensis patria narrat quid vespera comitia mutanda sint."
49f73f958ea8980030d060c9acd43a88,2026-09-06T20:37:00Z,Flood,Hazard,www.yahoo.com,en,0.9,Storm creates huge waves and dangerous currents at southern California beaches,"Hurricane Marie, well out in the Pacific, created flooding and dangerous conditions at some southern California beaches over Labor Day weekend, with strong c...",https://www.yahoo.com/news/weather-news/articles/storm-creates-huge-waves-dangerous-203700270.html,https://s.yimg.com/lo/mysterio/api/29f3cf37e1eb637be82eb5422f49c28f23fb9913455c88ea4a55c3d1b69dd8d4/lightyear_networkapi/resizefill_w1200%3Bquality_80%3Bformat_jpg/https%3A%2F%2Fmedia.zenfs.com%2Fen%2Fap.org%2F917bc005114efc620d9dcde0f0b3a9a1.jpg,http://web.archive.org/web/20260906212035/https://www.yahoo.com/news/weather-news/articles/storm-creates-huge-waves-dangerous-203700270.html,"Hurricane Marie, well out in the Pacific, created flooding and dangerous conditions at some southern California beaches over Labor Day weekend, with strong currents and huge waves presenting a threat… [+2712 chars]","Storm creates huge waves and dangerous currents at southern California beaches. Hurricane Marie, well out in the Pacific, created flooding and dangerous conditions at some southern California beaches over Labor Day weekend, with strong c...","Der Sturm erzeugt an den Stränden Südkaliforniens riesige Wellen und gefährliche Strömungen. Hurrikan Marie, weit draußen im Pazifik, verursachte am Labor-Day-Wochenende Überschwemmungen und gefährliche Bedingungen an einigen Stränden Südkaliforniens, mit starken...","Tempestas ingentes fluctus et periculosos fluctus in California meridionali ad litora gignit. Turbo Maria, in Pacifico bene egressa, inundationes et periculosas condiciones in California meridiana in quibusdam littoribus Californiae meridionalis super weekend laboratis creavit, cum validis c..."
7733157a1a53af1c8124c3bcbeea288f,2026-09-06T20:37:17Z,Tropical Cyclone,Hazard,www.nhc.noaa.gov,en,0.7,Hurricane Marie Graphics,"Wind Speed Probabilities last updated Sun, 06 Sep 2026 20:37:17 GMT",https://www.nhc.noaa.gov/refresh/graphics_ep3+shtml/203717.shtml?cone,,,"* If the storm is forecast to dissipate within 3 days, the ""Full Forecast"" and ""3 day"" graphic will be identical
Click Here for a 5-day Cone Printer Friendly GraphicHow to use the cone graphic (vide… [+2695 chars]","Hurricane Marie Graphics. Wind Speed Probabilities last updated Sun, 06 Sep 2026 20:37:17 GMT","Hurrikan Marie Grafiken. Die Windgeschwindigkeitswahrscheinlichkeiten wurden zuletzt am Sonntag, 06. September 2026 um 20:37:17 Uhr GMT aktualisiert","Procellae Mariae Graphics. Ventus Speed ​​Probabilia renovatio sol, 06 Sep 2026 20:37:17 GMT"
6a19087d136323153638c3b5f857c62f,2026-09-06T23:51:14Z,Wildfire,Hazard,www.dailymail.com,en,0.9,Traditional 200-year-old torchlit procession through ancient town is banned due to wildfire fears - with residents told to bring fairy lights instead,"The historic event in Uckfield, East Sussex - an ancient town which dates back to 1220 - has been axed due to concerns over fires breaking out after weeks of dry weather.",https://www.dailymail.com/news/article-16105333/Traditional-200-year-old-torchlit-procession-ancient-town-banned-wildfire-fears-residents-told-bring-fairy-lights-instead.html,https://i.dailymail.com/1s/2026/09/04/13/111052173-0-image-m-17_1788525793914.jpg,,"A traditional torchlit procession through an ancient town dating back almost 200 years has been cancelled due to safety fears.
The historic event has been axed due to concerns over fires breaking ou… [+3809 chars]","Traditional 200-year-old torchlit procession through ancient town is banned due to wildfire fears - with residents told to bring fairy lights instead. The historic event in Uckfield, East Sussex - an ancient town which dates back to 1220 - has been axed due to concerns over fires breaking out after weeks of dry weather.","Der traditionelle 200 Jahre alte Fackelumzug durch die Altstadt ist aus Angst vor Waldbränden verboten – die Bewohner sollen stattdessen Lichterketten mitbringen. Die historische Veranstaltung in Uckfield, East Sussex – einer antiken Stadt aus dem Jahr 1220 – wurde aufgrund von Befürchtungen über den Ausbruch von Bränden nach wochenlanger Trockenheit abgesagt.","Traditional 200 annorum pompa lampada per antiquam oppidum interdictum est propter timores ignem ferum - cum incolas nuntiaverunt ut mediocris lumina pro. Historicus eventus in Uckfield, Sussexia Orientali - vetus oppidum quod ad 1220 revertitur - quaesitum est ob curas de incendiis post septimanas siccitatis erumpentibus."
c8940d765108a107b9e30b34e7fa8318,2026-09-07T00:44:28Z,Volcano,Hazard,biztoc.com,en,0.9,"Volcanic island in Indonesia erupts, canceling 1,558 flights and affecting 170,000 passengers","A volcano erupted in Indonesia early Sunday, prompting the cancellation of all flights at Jakarta’s Soekarno-Hatta International Airport and disrupting other domestic airports as ash drifted across western parts of the country.
The volcanic island of Anak Kra…",https://biztoc.com/x/37764292f2f93915,https://biztoc.com/cdn/37764292f2f93915_s.webp,,"A volcano erupted in Indonesia early Sunday, prompting the cancellation of all flights at Jakartas Soekarno-Hatta International Airport and disrupting other domestic airports as ash drifted across we… [+143 chars]","Volcanic island in Indonesia erupts, canceling 1,558 flights and affecting 170,000 passengers. A volcano erupted in Indonesia early Sunday, prompting the cancellation of all flights at Jakarta’s Soekarno-Hatta International Airport and disrupting other domestic airports as ash drifted across western parts of the country.
The volcanic island of Anak Kra…","Vulkaninsel in Indonesien bricht aus, 1.558 Flüge wurden gestrichen und 170.000 Passagiere sind betroffen. Am frühen Sonntag brach in Indonesien ein Vulkan aus, der zur Annullierung aller Flüge am internationalen Flughafen Soekarno-Hatta in Jakarta führte und Störungen an anderen inländischen Flughäfen verursachte, da Asche über die westlichen Teile des Landes trieb.
Die Vulkaninsel Anak Kra…","Insula Volcanica in Indonesia erupit, 1.558 volatus destruit et 170.000 vectores afficit. Volcano in Indonesia primo die Dominico erupit, suggerente tabularum omnium volatus in Airport Soekarno-Hatta Internationalis et alia nisl domestica perturbans sicut cinis trans partes occidentales patriae ibat.
Insula Anak Kra volcanica…"
b2c43e6c5cb592f17e19824861086b29,2026-09-07T01:31:03Z,Volcano,Hazard,www.cnbc.com,en,0.7,Volcano eruption disrupts hundreds of flights at Southeast Asia's second-busiest airport,"Mount Anak Krakatau’s eruption disrupted hundreds of flights across Indonesia, with flight cancellations extending into Monday.",https://www.cnbc.com/2026/09/07/flights-canceled-jakarta-airport-anak-krakatau-eruption-disrupts-regional-travel-volcano.html,https://image.cnbcfm.com/api/v1/image/108359352-1788740387814-gettyimages-2293289816-AA_06092026_2940545.jpeg?v=1788740423&w=1920&h=1080,http://web.archive.org/web/20260907230557/https://www.cnbc.com/2026/09/07/flights-canceled-jakarta-airport-anak-krakatau-eruption-disrupts-regional-travel-volcano.html,"Ash from the eruption of Indonesia's Mount Anak Krakatau wreaked havoc for aviation around the region over the weekend.
The volcanic eruption disrupted hundreds of flights at Jakarta's main internat… [+2060 chars]","Volcano eruption disrupts hundreds of flights at Southeast Asia's second-busiest airport. Mount Anak Krakatau’s eruption disrupted hundreds of flights across Indonesia, with flight cancellations extending into Monday.","Vulkanausbruch stört Hunderte von Flügen am zweitgrößten Flughafen Südostasiens. Der Ausbruch des Mount Anak Krakatau brachte Hunderte von Flügen in ganz Indonesien zum Erliegen, und die Flugausfälle dauerten bis Montag.","Volcano eruptio centena volatus in aeroporto secundo frequentissima Asiae Southeast disrupts. Mons Anak Krakatau centena volatus per Indonesiam eruptio disrupit, cancellations fugae in Lunae extendentes."
4a44c19e7eb631c470f4664931fe85e8,2026-09-07T01:43:01Z,Wet Spell,Hazard,timesofindia.indiatimes.com,en,0.9,"40 years old building, 'illegal' work, waterlogged basement: The many holes in Satya Niketan's collapsed PG","A building collapsed in Satya Niketan, prompting an investigation into its structural integrity. Investigators are examining if illegal construction work contributed to the tragic collapse. The building was over four decades old and housed thirteen registered…",https://timesofindia.indiatimes.com/city/delhi/40-years-old-building-illegal-work-waterlogged-basement-the-many-holes-in-satya-niketans-collapsed-pg/articleshow/133858715.cms,"https://static.toiimg.com/thumb/msid-133858797,width-1280,height-720,resizemode-6,overlay-toi_sw,pt-32,y_pad-600/photo.jpg",,"<ul><li>News</li>
<li>City News</li>
<li>delhi News</li>
<li>40 years old building, 'illegal' work, waterlogged basement: The many holes in Satya Niketan's collapsed PG</li></ul>
Follow Us On Soc… [+2354 chars]","40 years old building, 'illegal' work, waterlogged basement: The many holes in Satya Niketan's collapsed PG. A building collapsed in Satya Niketan, prompting an investigation into its structural integrity. Investigators are examining if illegal construction work contributed to the tragic collapse. The building was over four decades old and housed thirteen registered…","40 Jahre altes Gebäude, „illegale“ Arbeiten, nasser Keller: Die vielen Löcher in Satya Niketans eingestürztem PG. In Satya Niketan stürzte ein Gebäude ein, was eine Untersuchung seiner strukturellen Integrität auslöste. Die Ermittler prüfen, ob illegale Bauarbeiten zu dem tragischen Einsturz beigetragen haben. Das Gebäude war über vier Jahrzehnte alt und beherbergte dreizehn eingetragene…","40 annorum aedificium, opus illicitum, basis umoris: Multa foramina in Satya Niketan corruerunt PG. Aedificium in Satya Niketan corruit, investigationem in eius integritate structuram faciens. Indagatores examinant si opus constructionis illegalis conferat ad ruinam tragicam. Aedificium erat super quattuor decenniis vetus et tredecim descripti…"
3fdf065a46e5b918542bd0ae3d88a911,2026-09-07T01:44:58Z,Volcano,Hazard,biztoc.com,en,0.7,Volcano eruption disrupts hundreds of flights at Southeast Asia's second-busiest airport,"Ash from the eruption of Indonesia's Mount Anak Krakatau wreaked havoc for aviation around the region over the weekend.
The volcanic eruption disrupted hundreds of flights at Jakarta's main international airport, the second-busiest in Southeast Asia, with can…",https://biztoc.com/x/5a255e5881d79fa6,https://biztoc.com/cdn/5a255e5881d79fa6_s.webp,,Ash from the eruption of Indonesia's Mount Anak Krakatau wreaked havoc for aviation around the region over the weekend.The volcanic eruption disrupted hundreds of flights at Jakarta's main internatio… [+138 chars],"Volcano eruption disrupts hundreds of flights at Southeast Asia's second-busiest airport. Ash from the eruption of Indonesia's Mount Anak Krakatau wreaked havoc for aviation around the region over the weekend.
The volcanic eruption disrupted hundreds of flights at Jakarta's main international airport, the second-busiest in Southeast Asia, with can…","Vulkanausbruch stört Hunderte von Flügen am zweitgrößten Flughafen Südostasiens. Die Asche des Ausbruchs des indonesischen Mount Anak Krakatau hat am Wochenende verheerende Schäden für die Luftfahrt in der Region angerichtet.
Durch den Vulkanausbruch wurden Hunderte von Flügen auf dem wichtigsten internationalen Flughafen von Jakarta, dem zweitgrößten in Südostasien, unterbrochen.","Volcano eruptio centena volatus in aeroporto secundo frequentissima Asiae Southeast disrupts. Cineres ex eruptione montis Anak Krakatau Indonesiae calamitatem in aeroplano circa regionem super weekend inciderunt.
Volcanica eruptio centena volarum in aeroporto Batavia principali internationali, secundo frequentissima in Asia Meridiana, cum can…, turbavit."
2f2cc5ebd52f0d9448695537fbbeffbd,2026-09-07T02:00:07Z,Heat Wave,Hazard,www.zeit.de,de,0.8,Kurzes Sommer-Revival: Noch einmal Hitze – wo es danach deutlich kühler wird,Hier finden Sie Informationen zu dem Thema „Kurzes Sommer-Revival“. Lesen Sie jetzt „Noch einmal Hitze – wo es danach deutlich kühler wird“.,https://www.zeit.de/news/2026-09/07/noch-einmal-hitze-wo-es-danach-deutlich-kuehler-wird,https://img.zeit.de/news/2026-09/07/noch-einmal-hitze-wo-es-danach-deutlich-kuehler-wird-image-group/wide__1300x731,http://web.archive.org/web/20260908074402/https://www.zeit.de/news/2026-09/07/noch-einmal-hitze-wo-es-danach-deutlich-kuehler-wird,"Der Sommer dreht zum Abschied noch einmal kräftig auf - allerdings dürfte ihm schnell die Puste ausgehen. Denn schon bald wird wechselhaftes und deutlich kühleres Wetter das Kommando übernehmen, wie … [+1478 chars]",Short summer revival: heat again - where it gets significantly cooler afterwards. Here you will find information on the topic of “Short Summer Revival”. Now read “Heat again – where it gets significantly cooler afterwards”.,Kurzes Sommer-Revival: Noch einmal Hitze – wo es danach deutlich kühler wird. Hier finden Sie Informationen zu dem Thema „Kurzes Sommer-Revival“. Lesen Sie jetzt „Noch einmal Hitze – wo es danach deutlich kühler wird“.,"Brevis aestas resuscitatio: rursus calor - ubi signanter frigidior postea evadit. Hic reperies informationem de argumento ""brevis aestatis Renovationis"". Iam legitur ""Heat iterum - ubi signanter frigidior postea""."
7fab704ea61ff7e6a30c64ae1d995784,2026-09-07T03:00:23Z,Volcano,Hazard,biztoc.com,en,0.9,Jakarta airports remain closed for 2nd day after volcanic eruptions,"Transportation
Jakarta airports remain closed for 2nd day after volcanic eruptions
Travel disrupted for more than 150,000 passengers as a result of ash from Anak Krakatau
 The Anak Krakatau volcano spews ash during an eruption on Sept. 5. Airports in and arou…",https://biztoc.com/x/89344718c8d70e65,https://biztoc.com/cdn/89344718c8d70e65_s.webp,,"TransportationJakarta airports remain closed for 2nd day after volcanic eruptionsTravel disrupted for more than 150,000 passengers as a result of ash from Anak KrakatauThe Anak Krakatau volcano spews… [+143 chars]","Jakarta airports remain closed for 2nd day after volcanic eruptions. Transportation
Jakarta airports remain closed for 2nd day after volcanic eruptions
Travel disrupted for more than 150,000 passengers as a result of ash from Anak Krakatau
 The Anak Krakatau volcano spews ash during an eruption on Sept. 5. Airports in and arou…","Die Flughäfen in Jakarta bleiben nach Vulkanausbrüchen für den zweiten Tag geschlossen. Transport
Die Flughäfen in Jakarta bleiben nach Vulkanausbrüchen für den zweiten Tag geschlossen
Wegen der Asche aus Anak Krakatau wurde der Reiseverkehr für mehr als 150.000 Passagiere unterbrochen
 Der Vulkan Anak Krakatau spuckt bei einem Ausbruch am 5. September Asche aus. Flughäfen in und um…","aliquet nisl Batavia clausa pro 2° die post eruptiones volcanicae manent. Transportatio
Batavia aliquet nisl clausa manet pro 2 die post eruptiones molaris
Travel disrupto plus quam 150,000 viatores propter cinerem ab Enak Krakatau
 Volcano Anak Krakatau cinerem vomit in eruptionem die 5 Sept. Airports in et arou…"
f8ac710054b5f55253e9abc9a4bfce1f,2026-09-07T03:05:33Z,Volcano,Hazard,timesofindia.indiatimes.com,en,0.9,"Around 1,70,000 stranded as volcanic eruption disrupts Indonesian flight operations","The explosive eruption of Anak Krakatau volcano led to massive flight cancellations throughout Indonesia. A significant number of travelers found themselves stranded as volcanic ash blanketed western areas. As a precaution, airspace around key airports was te…",https://timesofindia.indiatimes.com/world/rest-of-world/around-170000-stranded-as-volcanic-eruption-disrupts-indonesian-flight-operations/articleshow/133860939.cms,"https://static.toiimg.com/thumb/msid-133860939,width-1280,height-720,resizemode-6,overlay-toi_sw,pt-32,y_pad-600/photo.jpg",http://web.archive.org/web/20260907171701/https://timesofindia.indiatimes.com/world/rest-of-world/around-170000-stranded-as-volcanic-eruption-disrupts-indonesian-flight-operations/articleshow/133860939.cms,"Follow Us On Social Media
TOI Exclusive: Personal coaches push gains momentum in equestrian, selectors dual roles raise questionsHe was asked to leave school as he couldnt pay the fees; years later,… [+1706 chars]","Around 1,70,000 stranded as volcanic eruption disrupts Indonesian flight operations. The explosive eruption of Anak Krakatau volcano led to massive flight cancellations throughout Indonesia. A significant number of travelers found themselves stranded as volcanic ash blanketed western areas. As a precaution, airspace around key airports was te…","Rund 1.70.000 Menschen stranden, da ein Vulkanausbruch den indonesischen Flugbetrieb stört. Der explosive Ausbruch des Vulkans Anak Krakatau führte zu massiven Flugausfällen in ganz Indonesien. Eine beträchtliche Anzahl von Reisenden war gestrandet, da westliche Gebiete von Vulkanasche bedeckt waren. Als Vorsichtsmaßnahme wurde der Luftraum um wichtige Flughäfen…","Circa 1,70,000 millia exstabant sicut eruptio volcanica operationes fugae Indonesianae disruptas. Volcano Krakatau eruptio explosiva Enac fugae cancellations per Indonesiam ingentem duxit. Insignis numerus viatorum se destitutum invenit sicut cinere molaris stratis locis occidentalibus. Ad cautelam, airspace circum clavem aliquet nisl erat te…"
0018382658433af472b63a19187454ab,2026-09-07T03:18:57Z,Volcano,Hazard,abcnews.com,en,0.9,"Volcanic island in Indonesia erupts, canceling hundreds of flights and stranding thousands","Indonesia’s Anak Krakatau volcano has erupted, causing flight cancellations at Jakarta's Soekarno-Hatta International Airport and stranding about 170,000 passengers in the region",https://abcnews.com/Business/wireStory/volcanic-island-indonesia-erupts-canceling-hundreds-flights-stranding-136239676,https://i.abcnewsfe.com/a/c0778ae0-5783-4178-a0ea-76797e17a692/wirestory_12c3cb67859b2c51054b378d60148d33_16x9.jpg?w=1600,http://web.archive.org/web/20260907170848/https://abcnews.com/Business/wireStory/volcanic-island-indonesia-erupts-canceling-hundreds-flights-stranding-136239676,"JAKARTA, Indonesia -- A volcano erupted in Indonesia on Sunday, prompting the cancellation of all flights at Jakartas Soekarno-Hatta International Airport and disrupting other domestic airports as ab… [+4431 chars]","Volcanic island in Indonesia erupts, canceling hundreds of flights and stranding thousands. Indonesia’s Anak Krakatau volcano has erupted, causing flight cancellations at Jakarta's Soekarno-Hatta International Airport and stranding about 170,000 passengers in the region","Auf einer Vulkaninsel in Indonesien bricht ein Vulkan aus, wodurch Hunderte Flüge gestrichen werden und Tausende festsitzen. Der Ausbruch des indonesischen Vulkans Anak Krakatau hat zu Flugausfällen am internationalen Flughafen Soekarno-Hatta in Jakarta geführt und etwa 170.000 Passagiere in der Region festsitzen lassen","Insula Volcanica in Indonesia erumpit, destruens centena volatilium et millia strangulat. Volcano Anak Krakatau Indonesia erupit, fugae cancellations in aeroporto Jakarta Soekarno-Hatta Internationali erupit et circiter 170,000 vectores in regione vagatur."
1bed6f2ad68e56f592177a6e8fc42bda,2026-09-07T04:14:58Z,Volcano,Hazard,www.business-standard.com,en,0.9,"Indonesia volcano eruption: 170,000 travellers stranded as 8 airports shut","An eruption from Indonesia's Anak Krakatau volcano has disrupted flights, leaving 170,000 travellers stranded after eight airports were temporarily closed due to volcanic ash",https://www.business-standard.com/world-news/indonesia-volcanic-eruption-anak-krakatau-travellers-stranded-airports-shut-126090700138_1.html,https://bsmedia.business-standard.com/_media/bs/img/article/2026-09/07/thumb/fitandfill/1200X628/1788754463-0751.jpg,http://web.archive.org/web/20260908083138/https://www.business-standard.com/world-news/indonesia-volcanic-eruption-anak-krakatau-travellers-stranded-airports-shut-126090700138_1.html,"An eruption from Indonesia's Anak Krakatau volcano has disrupted flights, leaving 170,000 travellers stranded after eight airports were temporarily closed due to volcanic ash
Anak Krakatau began eru… [+3841 chars]","Indonesia volcano eruption: 170,000 travellers stranded as 8 airports shut. An eruption from Indonesia's Anak Krakatau volcano has disrupted flights, leaving 170,000 travellers stranded after eight airports were temporarily closed due to volcanic ash","Vulkanausbruch in Indonesien: 170.000 Reisende stranden, da acht Flughäfen geschlossen werden. Ein Ausbruch des indonesischen Vulkans Anak Krakatau hat den Flugverkehr unterbrochen und 170.000 Reisende festsitzen lassen, nachdem acht Flughäfen wegen Vulkanasche vorübergehend geschlossen wurden","Indonesia eruptio vulcano: 170.000 viatorum destitutus sicut 8 nisl claudit. Volcano Krakatau eruptio ex Indonesia Anak volcano disrupit, 170,000 viatorum destitutus relictis octo nisl tempus clausis ob cinerem molarem"
d96831a7656604db6955615194c2f742,2026-09-07T04:49:28Z,Volcano,Hazard,www.abc.net.au,en,0.9,"Jakarta flights affected by volcanic eruption, but Bali trips continue",Indonesian volcano Mount Anak Krakatau has spewed clouds of ash over parts of the island nation.,https://www.abc.net.au/news/2026-09-07/mount-anak-krakatau-volcano-indonesia-flights-jakarta/107122890,https://live-production.wcms.abc-cdn.net.au/d806c9733f5f4187d7e14f2615f6b664?impolicy=wcms_watermark_news&cropH=720&cropW=1280&xPos=0&yPos=120&width=862&height=485&imformat=generic,http://web.archive.org/web/20260907083318/https://www.abc.net.au/news/2026-09-07/mount-anak-krakatau-volcano-indonesia-flights-jakarta/107122890,"The eruption of Indonesian volcano Mount Anak Krakatau has spewed clouds of ash over parts of the island nation, halting flights in and out of Jakarta. 
Here's what you need to know if you're planni… [+4897 chars]","Jakarta flights affected by volcanic eruption, but Bali trips continue. Indonesian volcano Mount Anak Krakatau has spewed clouds of ash over parts of the island nation.","Flüge nach Jakarta sind von Vulkanausbruch betroffen, Reisen nach Bali gehen jedoch weiter. Der indonesische Vulkan Anak Krakatau hat Aschewolken über Teile des Inselstaates gespuckt.","Batavia volatus eruptione volcanica affectae, sed itinera Bali pergunt. Volcanus Indonesianus mons Enak Krakatau nubes cineres in partes insulae nationis evomuit."
413ca3f53bb06a1d787edf2d22851d1d,2026-09-07T05:00:01Z,Cold Wave,Hazard,www.irishtimes.com,en,0.9,Data centres to get cut-price gas in exchange for possible disruption of supply,"Data-centre expansion will make it hard to source enough gas to meet national demand during extreme cold events, energy regulator warns",https://www.irishtimes.com/environment/2026/09/07/data-centres-to-get-cut-price-gas-in-exchange-for-possible-disruption-of-supply/,https://www.irishtimes.com/resizer/v2/4ODHMORPFREZPGLTCOVRQIROSA.jpg?smart=true&auth=5862157aeff134e21e3baa6a633b8130cdbd8c73e33dd9236ebd6a54ba5d6691&width=1200&height=630,http://web.archive.org/web/20260908033114/https://www.irishtimes.com/environment/2026/09/07/data-centres-to-get-cut-price-gas-in-exchange-for-possible-disruption-of-supply/,"Data centres are to get cut-price gas in return for accepting a possibility of disruption to their supply under a proposal from the energy regulator. 
The move comes as the regulator, the Commission… [+3753 chars]","Data centres to get cut-price gas in exchange for possible disruption of supply. Data-centre expansion will make it hard to source enough gas to meet national demand during extreme cold events, energy regulator warns","Rechenzentren erhalten im Gegenzug für mögliche Versorgungsunterbrechungen vergünstigtes Gas. Der Ausbau des Rechenzentrums wird es schwierig machen, bei extremen Kälteereignissen genügend Gas zu beschaffen, um den nationalen Bedarf zu decken, warnt die Energieregulierungsbehörde","Centra datorum ut gas pretium abscissorum in commutationem pro distractione copiarum fieri possit. Expansio data-medii difficile faciet fontem satis gasi obviam nationali postulationi in frigidissimis eventibus, industria moderatrix monet"
d2afe5b7363488c38b7e23ceea06d651,2026-09-07T05:20:39Z,Volcano,Hazard,www.bbc.co.uk,en,0.9,"Indonesia volcano eruption leaves 270,000 stranded as airports extend closure","Anak Krakatau, which lies about 150km from the capital Jakarta, began erupting late on Friday.",https://www.bbc.co.uk/news/articles/czezydp4l97o,https://ichef.bbci.co.uk/ace/branded_news/1200/cpsprodpb/795f/live/1420e5d0-aa72-11f1-8fb5-49eca7c7c503.jpg,,Snaking queues formed at the departure halls in Jakarta's Soekarno-Hatta International Airport on Monday as stranded passengers sought refunds and tried to get updates on when they would be able to f… [+2010 chars],"Indonesia volcano eruption leaves 270,000 stranded as airports extend closure. Anak Krakatau, which lies about 150km from the capital Jakarta, began erupting late on Friday.","Der Vulkanausbruch in Indonesien lässt 270.000 Menschen stranden, da Flughäfen ihre Schließung verlängern. Am späten Freitag begann der Ausbruch des Anak Krakatau, der etwa 150 km von der Hauptstadt Jakarta entfernt liegt.","Indonesia vulcano eruptio foliorum 270,000 destitutus est quam aliquet nisl clausuram extendunt. Anak Krakatau, quae circiter 150km ab urbe Batavia iacet, sero die Veneris erupere coepit."
c230beeaff1b842c028acb5a374aee93,2026-09-07T05:54:25Z,Heat Wave,Hazard,www.zeit.de,de,0.9,Wetteraussicht: Der Hochsommer kommt kurz zurück,Hier finden Sie Informationen zu dem Thema „Wetteraussicht“. Lesen Sie jetzt „Der Hochsommer kommt kurz zurück“.,https://www.zeit.de/news/2026-09/07/der-hochsommer-kommt-kurz-zurueck,https://img.zeit.de/news/2026-09/07/der-hochsommer-kommt-kurz-zurueck-image-group/wide__1300x731,http://web.archive.org/web/20260908073957/https://www.zeit.de/news/2026-09/07/der-hochsommer-kommt-kurz-zurueck,"Die Woche beginnt in Rheinland-Pfalz und im Saarland recht warm und freundlich. Heute scheint häufig die Sonne und es bleibt meist trocken, wie der Deutsche Wetterdienst (DWD) mitteilte. Einzelne Sch… [+654 chars]",Weather outlook: Midsummer is coming soon. Here you will find information on the topic of “weather forecast”. Read “Midsummer is coming soon” now.,Wetteraussicht: Der Hochsommer kommt kurz zurück. Hier finden Sie Informationen zu dem Thema „Wetteraussicht“. Lesen Sie jetzt „Der Hochsommer kommt kurz zurück“.,"Tempestas prospectans: solstitio cito venit. Hic informationes invenies in argumento ""tempestatis praesagio"". Lege ""Mox solstitio"" nunc."
db2b087227a14efce5c7239513e94b37,2026-09-07T06:52:13Z,Volcano,Hazard,www.rte.ie,en,0.9,Jakarta airport extends closure after volcano eruption,Jakarta's main airport and three others have delayed reopening after halting operations due to a volcanic eruption and leaving hundreds of thousands stranded.,https://www.rte.ie/news/world/2026/0907/1590532-indonesia-volcano-airports/,https://www.rte.ie/images/0024f6d7-1600.jpg,http://web.archive.org/web/20260907180743/https://www.rte.ie/news/world/2026/0907/1590532-indonesia-volcano-airports/,"Jakarta's main airport and three others have delayed reopening after halting operations due to a volcanic eruption and leaving hundreds of thousands stranded.
Mount Anak Krakatau, about 150 kilometr… [+2827 chars]",Jakarta airport extends closure after volcano eruption. Jakarta's main airport and three others have delayed reopening after halting operations due to a volcanic eruption and leaving hundreds of thousands stranded.,"Flughafen Jakarta verlängert Schließung nach Vulkanausbruch. Der Hauptflughafen von Jakarta und drei weitere haben die Wiedereröffnung verzögert, nachdem der Betrieb aufgrund eines Vulkanausbruchs eingestellt worden war und Hunderttausende gestrandet waren.",aeriportus Batavia claudetur post eruptionem vulcani. Batavia principale aeroportus tres alii rescindere distulerunt postquam operationes volcanicae cessaverunt ob eruptionem volcanicam et centena milia destitutus relinquens.
9dc523ecda30a04f537e6f5d7fa3efc5,2026-09-07T08:30:54Z,Precipitation,Hazard,www.ibiza-heute.de,de,0.9,Vorbereitung auf Starkregen,"Santa Eulària beginnt mit der Reinigung von kommunalen Trockenbetten und Wasserläufen, um das Hochwasserrisiko im Herbst zu verringern. Die Stadtverwaltung von Santa Eulària des Riu hat vergangene Woche mit den Reinigungs- und Instandhaltungsarbeiten an versc…",https://www.ibiza-heute.de/vorbereitung-auf-starkregen/,https://www.ibiza-heute.de/wp-content/uploads/2026/09/kl-santa-eularia-torrentes-limpieza-rathaus.jpg,,"Jesús feiert mit Tanz und KonzertenDer kleine Ort Jesús heißt eigentlich Nuestra Señora de Jesús, ist also nach der Muttergottes benannt. Diese wird im September als Schutzpatronin gebührend gefeiert… [+2625 chars]",Preparing for heavy rain. Santa Eulària begins cleaning municipal dry beds and watercourses to reduce the risk of flooding in the fall. The municipality of Santa Eulària des Riu started cleaning and maintenance work on various…,"Vorbereitung auf Starkregen. Santa Eulària beginnt mit der Reinigung von kommunalen Trockenbetten und Wasserläufen, um das Hochwasserrisiko im Herbst zu verringern. Die Stadtverwaltung von Santa Eulària des Riu hat vergangene Woche mit den Reinigungs- und Instandhaltungsarbeiten an versc…",Praeparans pluviam. Santa Eulària incipit purgare cubicula municipalia sicca et aquarum decursus ut periculum inundationis in ruinam reducat. Municipium Santa Eulària des Riu purgare et sustentare operam variis incepit…
d42414b5056ce43ce0bace096a3cda5d,2026-09-07T08:38:13Z,Drought,Mitigation,thetilehurstend.sbnation.com,en,0.3,Blackpool Fans Verdict: What A Difference 125 Days Make,"The fans were in a good mood yet again, after having another comprehensive win to celebrate.",https://thetilehurstend.sbnation.com/fan-verdicts-reading-fc/58456/blackpool-fans-verdict-what-a-difference-125-days-make,https://s.yimg.com/lo/mysterio/api/335e4fe50f59852a667416902c16eed5c192fd9c36f31c46ce2d6505cc630ab7/lightyear_networkapi/resizefill_w1080_h727%3Bquality_80%3Bformat_webp/https%3A%2F%2Fmedia.zenfs.com%2Fen%2Fsb_nation_articles_115%2F9e23d2f00ea5bdf7b20b41d5ac0be079.jpg,http://web.archive.org/web/20260907121057/https://thetilehurstend.sbnation.com/fan-verdicts-reading-fc/58456/blackpool-fans-verdict-what-a-difference-125-days-make,"On May 3 this year, we ended our season in one of the most depressing ways imaginable losing at home in the torrential rain, with zero shots on target against Blackpool.
Fast-forward just a few mont… [+2601 chars]","Blackpool Fans Verdict: What A Difference 125 Days Make. The fans were in a good mood yet again, after having another comprehensive win to celebrate.","Urteil der Blackpool-Fans: Was für einen Unterschied 125 Tage machen. Die Fans waren wieder einmal gut gelaunt, nachdem sie erneut einen deutlichen Sieg feiern konnten.","Blackpool Fans Verdict: Quid interest 125 Diebus Fac. Adhuc in bona mente fans erant, post aliam comprehensive ad celebrandum conciliandum."
42a28eb4119a30b74806cb5adb274dfe,2026-09-07T10:04:09Z,Drought,Mitigation,economictimes.indiatimes.com,en,0.3,"In 2024, Arizona engineers used 100% recycled glass to widen 23 miles of Interstate 17 at 19 sites, protecting concrete culverts built for a narrower highway","Instead of adding heavy soil and stone above aging concrete drainage structures, engineers used ultra-lightweight foam glass made from recycled bottles and containers to safely build new lanes on a 23-mile stretch of Interstate 17 north of Phoenix.",https://economictimes.indiatimes.com/news/international/global-trends/in-2024-arizona-engineers-used-100-recycled-glass-to-widen-23-miles-of-interstate-17-at-19-sites-protecting-concrete-culverts-built-for-a-narrower-highway/articleshow/133874770.cms,"https://img.etimg.com/thumb/msid-133875532,width-1200,height-630,imgsize-319698,overlay-economictimes/articleshow.jpg",http://web.archive.org/web/20260907145419/https://economictimes.indiatimes.com/news/international/global-trends/in-2024-arizona-engineers-used-100-recycled-glass-to-widen-23-miles-of-interstate-17-at-19-sites-protecting-concrete-culverts-built-for-a-narrower-highway/articleshow/133874770.cms,"Highway widening usually means adding more material: more soil, more rock, more concrete and, ultimately, more weight.But on a busy stretch of Interstate 17 north of Phoenix, Arizona engineers faced … [+6247 chars]","In 2024, Arizona engineers used 100% recycled glass to widen 23 miles of Interstate 17 at 19 sites, protecting concrete culverts built for a narrower highway. Instead of adding heavy soil and stone above aging concrete drainage structures, engineers used ultra-lightweight foam glass made from recycled bottles and containers to safely build new lanes on a 23-mile stretch of Interstate 17 north of Phoenix.","Im Jahr 2024 verwendeten Ingenieure aus Arizona 100 % recyceltes Glas, um 23 Meilen der Interstate 17 an 19 Standorten zu verbreitern und so Betondurchlässe zu schützen, die für eine schmalere Autobahn gebaut wurden. Anstatt schwere Erde und Steine ​​über alternden Entwässerungsstrukturen aus Beton aufzutragen, verwendeten die Ingenieure ultraleichtes Schaumglas aus recycelten Flaschen und Behältern, um auf einem 23 Meilen langen Abschnitt der Interstate 17 nördlich von Phoenix sicher neue Fahrspuren zu bauen.","Anno 2024, Arizona fabrum vitrum REDIVIVUS usus C% ad ampliandum viginti milia passuum interstatis 17 ad 19 sites, culverts concretos muniens ad viam arctiorem aedificatam. Loco addito solo gravi et lapide supra senescentis concretae structurae INCILEAE, fabrum ultra- levem spumam vitream adhibitam e utribus et vasis recyclis ut tuto aedificare novas vicos in per 23 milia passuum spatio Interstatis 17 septentrionalis Phoenicis."
4e7493753e811ab7d849ebe7606e8531,2026-09-07T11:13:07Z,Tsunami,Hazard,www.faz.net,de,0.9,Wahl in Sachsen-Anhalt: Auch wenn Merz nicht Moses ist,Der AfD-Tsunami aus Sachsen-Anhalt kann auch zu einer Gefahr für die Koalition in Berlin werden. Die SPD schwankt schon. Doch der Kanzler und die Union müssen auf Reformkurs bleiben.,https://www.faz.net/aktuell/politik/wahl-in-sachsen-anhalt/afd-sieg-in-sachsen-anhalt-was-bedeutet-das-fuer-merz-201202058.html,https://media0.faz.net/image/w1200h627/dfbcf972e093/w3664h1914x0y263o/202609/43601.0.2518545300/der-moped-messias-ulrich.webp,,"Die AfD hat in Sachsen-Anhalt einen Erdrutschsieg errungen und damit die ganze Republik erschüttert, aber ihr Wahlziel knapp verfehlt: die absolute Mehrheit im Landtag und damit die Alleinherrschaft … [+5116 chars]",Election in Saxony-Anhalt: Even if Merz is not Moses. The AfD tsunami from Saxony-Anhalt can also pose a threat to the coalition in Berlin. The SPD is already wavering. But the Chancellor and the Union must remain on the path to reform.,Wahl in Sachsen-Anhalt: Auch wenn Merz nicht Moses ist. Der AfD-Tsunami aus Sachsen-Anhalt kann auch zu einer Gefahr für die Koalition in Berlin werden. Die SPD schwankt schon. Doch der Kanzler und die Union müssen auf Reformkurs bleiben.,Electio in Saxonia-Anhalt: Etsi Merz non est Moyses. AfD tsunami ex Saxonia-Anhalt etiam in Berolinensi coitioni minari potest. ABSOLUTORUM MULTIPLICATIONE iam fluctuabat. Cancellarius autem et Unio in via reformationis manere debent.
73d49c0e37f58d597ed8c52ea1f24056,2026-09-07T11:25:45Z,Drought,Impacts,www.zeit.de,de,0.9,Weinernte in Frankreich: Frankreich erlebt eine der schwächsten Weinlesen seit Jahren,Frankreich ist der zweitgrößte Weinproduzent der Welt. Doch extreme Hitze und anhaltende Dürre schmälern die ​französische Ernte. Die Champagne trifft es besonders hart.,https://www.zeit.de/wirtschaft/2026-09/weinernte-frankreich-duerre-hitze-champagne,https://img.zeit.de/wirtschaft/2026-09/weinernte-frankreich-duerre-hitze-champagne-foto-1/wide__1300x731,http://web.archive.org/web/20260907130349/https://www.zeit.de/wirtschaft/2026-09/weinernte-frankreich-duerre-hitze-champagne,Extreme Hitze und anhaltende Dürre wirken sich deutlich auf die französische Weinlese aus. Besonders hart trifft es die Champagne: Dort dürfte sich die Erntemenge gegenüber dem Vorjahr nahezu halbier… [+2458 chars],Wine harvest in France: France is experiencing one of the weakest grape harvests in years. France is the second largest wine producer in the world. But extreme heat and persistent drought are reducing the French harvest. Champagne is hit particularly hard.,Weinernte in Frankreich: Frankreich erlebt eine der schwächsten Weinlesen seit Jahren. Frankreich ist der zweitgrößte Weinproduzent der Welt. Doch extreme Hitze und anhaltende Dürre schmälern die ​französische Ernte. Die Champagne trifft es besonders hart.,Vina messis in Gallia: Gallia unam ex tenuissimis vindemiis in annis experitur. Gallia est secunda maxima effectrix vini in mundo. Sed nimio calore et assidua siccitate messem Gallicam minuunt. Maxime feritur Campaniae duritia.
91397871563676d066bb4d5a4961327c,2026-09-07T14:11:32Z,Drought,Mitigation,economictimes.indiatimes.com,en,0.3,"In 2001, Land Institute in Kansas formally began domesticating Kernza, over two decades later perennial grain was cultivated on more than 3,500 acres of land, emerging famers' go to solution for extreme weather","Kernza is one of several perennial grains under development at The Land Institute in Salina, Kansas, about an hour’s drive north of Mueller’s farm.",https://economictimes.indiatimes.com/news/international/us/science-news-in-2001-land-institute-in-kansas-formally-began-domesticating-kernza-over-two-decades-later-perennial-grain-was-cultivated-on-more-than-3500-acres-of-land-emerging-famers-go-to-solution-for-extreme-weather/articleshow/133885026.cms,"https://img.etimg.com/thumb/msid-133885026,width-1200,height-630,imgsize-1655618,overlay-economictimes/articleshow.jpg",http://web.archive.org/web/20260908001051/https://economictimes.indiatimes.com/news/international/us/science-news-in-2001-land-institute-in-kansas-formally-began-domesticating-kernza-over-two-decades-later-perennial-grain-was-cultivated-on-more-than-3500-acres-of-land-emerging-famers-go-to-solution-for-extreme-weather/articleshow/133885026.cms,Farmers often look for new ways to protect their crops and their bottom line against the extreme weather events. A number of farmers in the U.S. are putting perennial grains in rotation to build resi… [+4505 chars],"In 2001, Land Institute in Kansas formally began domesticating Kernza, over two decades later perennial grain was cultivated on more than 3,500 acres of land, emerging famers' go to solution for extreme weather. Kernza is one of several perennial grains under development at The Land Institute in Salina, Kansas, about an hour’s drive north of Mueller’s farm.","Im Jahr 2001 begann das Land Institute in Kansas offiziell mit der Domestizierung von Kernza. Über zwei Jahrzehnte später wurde auf mehr als 3.500 Hektar Land mehrjähriges Getreide angebaut, eine Lösung für aufstrebende Landwirte gegen extreme Wetterbedingungen. Kernza ist eines von mehreren mehrjährigen Getreidesorten, die am Land Institute in Salina, Kansas, etwa eine Autostunde nördlich von Muellers Farm, entwickelt werden.","Anno 2001, Institutum Terrae Kansas Kernza domestica formaliter incepit, post duo decennia frumenti perennis plus quam 3,500 iugera terrae colebatur, famerorum emergentium solutionem extremae tempestatis eunt. Kernza una ex pluribus granis perennis sub evolutione apud The Land Institute in Salina, Kansas, hora circiter septentrionalis praedii Muelleri coegit."
63c92e35654aa0391e3c97248853d28e,2026-09-07T14:19:18Z,Volcano,Hazard,en.antaranews.com,en,0.9,Indonesia ramps up response as multiple volcanoes erupt,"Situated along the Pacific Ring of Fire, Indonesia is home to roughly 500 volcanoes, with 127 classified as active, leaving the archipelago exposed to ...",https://en.antaranews.com/news/430292/indonesia-ramps-up-response-as-multiple-volcanoes-erupt,https://cdn.antaranews.com/cache/1200x800/2026/09/07/Aktivitas-Vulkanik-Gunung-Anak-Krakatau-060926-bk-3.jpg,http://web.archive.org/web/20260907171722/https://en.antaranews.com/news/430292/indonesia-ramps-up-response-as-multiple-volcanoes-erupt,"Jakarta (ANTARA) - Situated along the Pacific Ring of Fire, Indonesia is home to roughly 500 volcanoes, with 127 classified as active, leaving the archipelago exposed to frequent eruptions that pose … [+6666 chars]","Indonesia ramps up response as multiple volcanoes erupt. Situated along the Pacific Ring of Fire, Indonesia is home to roughly 500 volcanoes, with 127 classified as active, leaving the archipelago exposed to ...","Indonesien verstärkt seine Reaktion, da mehrere Vulkane ausbrechen. Indonesien liegt entlang des Pazifischen Feuerrings und beherbergt etwa 500 Vulkane, von denen 127 als aktiv eingestuft sind, wodurch der Archipel der Gefahr ausgesetzt ist ...","Indonesia aggeres responsionis ut multi vulcanorum erumpunt. Indonesia in Circulo Pacifico Ignis sita est domus ad fere 500 vulcanorum, cum 127 ut active indicatur, archipelago exposita relinquens."
832b9cfad3b239c76dd26101ab6a990f,2026-09-07T14:45:42Z,Heat Wave,Impacts,www.nzz.ch,de,0.9,VIDEO - Wenn Hitzesommer wie 2026 normal werden: Verliert die Schweiz ihren Wasserspeicher?,"Der Bodensee erreicht diesen Sommer sein Rekordtief. Und auch anderen Gewässern in der Schweiz geht es ähnlich. Das könnte in der Schweiz zur Normalität werden. Forscher zeigen am Bodensee und dem Griesgletscher, was das für Strom, Landwirtschaft und Schifffa…",https://www.nzz.ch/video/wenn-hitzesommer-wie-2026-normal-werden-verliert-die-schweiz-ihren-wasserspeicher-ld.10022656,"https://img-msp-prod.nzz.ch/2026/09/07/2e5d8768-711f-4217-9272-5e76037dcde7.jpg?width=1200&height=675&fit=bounds&quality=75&auto=webp&crop=1920,1080,x0,y0&wmark=nzz",http://web.archive.org/web/20260908040210/https://www.nzz.ch/video/wenn-hitzesommer-wie-2026-normal-werden-verliert-die-schweiz-ihren-wasserspeicher-ld.10022656,Der Bodensee erreicht ein Rekordtief: So wenig Wasser hatte der See im Sommer noch nie. Der Wasserspiegel liegt stellenweise mehr als einen Meter unter dem Durchschnitt. Klimamodelle zeigen: Ende Jah… [+10246 chars],"VIDEO - If hot summers like 2026 become normal: Will Switzerland lose its water storage? Lake Constance is reaching its record low this summer. And other bodies of water in Switzerland are in a similar situation. This could become normal in Switzerland. Researchers show at Lake Constance and the Gries glacier what this means for electricity, agriculture and shipping…","VIDEO - Wenn Hitzesommer wie 2026 normal werden: Verliert die Schweiz ihren Wasserspeicher?. Der Bodensee erreicht diesen Sommer sein Rekordtief. Und auch anderen Gewässern in der Schweiz geht es ähnlich. Das könnte in der Schweiz zur Normalität werden. Forscher zeigen am Bodensee und dem Griesgletscher, was das für Strom, Landwirtschaft und Schifffa…","VIDEO - Si aestates calidas sicut 2026 normales fiunt: Helvetia suam aquam repono perdet? Lacus Constantia hanc aestatem attingit. Et alia corpora aquae in Helvetia in simili causa sunt. Hoc normale in Helvetia fieri potuit. Investigatores ad lacum Constantiam et Gries glacier monstrant quid hoc sit ad electricitatem, agriculturam et naviculas..."
2cd27763ce4ae8c682d3064773a2cb94,2026-09-07T15:32:04Z,Volcano,Hazard,biztoc.com,en,0.9,Jakarta airport extends closure after volcano eruption,"Indonesia's main airport postponed reopening on Monday after halting operations following a volcanic eruption that left hundreds of thousands of passengers stranded.
Mount Anak Krakatau, about 150 kilometres (93 miles) from Indonesia's capital, Jakarta, erupt…",https://biztoc.com/x/4b4457d10549a829,https://biztoc.com/cdn/4b4457d10549a829_s.webp,,"Indonesia's main airport postponed reopening on Monday after halting operations following a volcanic eruption that left hundreds of thousands of passengers stranded.Mount Anak Krakatau, about 150 kil… [+139 chars]","Jakarta airport extends closure after volcano eruption. Indonesia's main airport postponed reopening on Monday after halting operations following a volcanic eruption that left hundreds of thousands of passengers stranded.
Mount Anak Krakatau, about 150 kilometres (93 miles) from Indonesia's capital, Jakarta, erupt…","Flughafen Jakarta verlängert Schließung nach Vulkanausbruch. Indonesiens wichtigster Flughafen hat am Montag die Wiedereröffnung verschoben, nachdem der Betrieb nach einem Vulkanausbruch eingestellt worden war, bei dem Hunderttausende Passagiere festsaßen.
Der Berg Anak Krakatau, etwa 150 Kilometer (93 Meilen) von Indonesiens Hauptstadt Jakarta entfernt, bricht aus …","aeriportus Batavia claudetur post eruptionem vulcani. Indonesia principalis aeriportus retractationem distulit die Lunae post operationes claudicans sequentes eruptionem volcanicam quae supersunt centena milia viatorum destitutus.
Mons Anak Krakatau circiter 150 chiliometrorum (93 milia passuum) ex capitali Indonesia, Batavia erupit…"
1ce7c8f5eabd47d10643d678e6211e1d,2026-09-07T15:34:58Z,Drought,Mitigation,economictimes.indiatimes.com,en,0.3,"Quote of the Day by Charlie Chaplin: “I always like walking in the rain, so no one can see me… – Inspiring lessons on crying, vulnerability, sadness, mental health and why it’s okay not to be okay by the English comic actor known for his timeless performances and deep insights on human nature and life’s challenges","Quote of the Day by Charlie Chaplin: Charlie Chaplin’s quote, “I always like walking in the rain, so no one can see me crying,” explores the importance of emotional privacy, hidden sadness, and the ways people sometimes conceal their pain from others. The quo…",https://economictimes.indiatimes.com/news/international/us/quote-of-the-day-by-charlie-chaplin-i-always-like-walking-in-the-rain-so-no-one-can-see-me-inspiring-lessons-on-crying-vulnerability-sadness-mental-health-and-why-its-okay-not-to-be-okay-by-the-english-comic-actor-known-for-his-timeless-performances-and-deep-insights-on-human-nature-and-lifes-challenges/articleshow/133884907.cms,"https://img.etimg.com/thumb/msid-133884907,width-1200,height-630,imgsize-154502,overlay-economictimes/articleshow.jpg",http://web.archive.org/web/20260908064754/https://economictimes.indiatimes.com/news/international/us/quote-of-the-day-by-charlie-chaplin-i-always-like-walking-in-the-rain-so-no-one-can-see-me-inspiring-lessons-on-crying-vulnerability-sadness-mental-health-and-why-its-okay-not-to-be-okay-by-the-english-comic-actor-known-for-his-timeless-performances-and-deep-insights-on-human-nature-and-lifes-challenges/articleshow/133884907.cms,"Quote of the Day by Charlie Chaplin: Emotions are a natural part of the human experience, but people often choose to hide their sadness behind smiles, silence, or an appearance of strength. Moments o… [+8562 chars]","Quote of the Day by Charlie Chaplin: “I always like walking in the rain, so no one can see me… – Inspiring lessons on crying, vulnerability, sadness, mental health and why it’s okay not to be okay by the English comic actor known for his timeless performances and deep insights on human nature and life’s challenges. Quote of the Day by Charlie Chaplin: Charlie Chaplin’s quote, “I always like walking in the rain, so no one can see me crying,” explores the importance of emotional privacy, hidden sadness, and the ways people sometimes conceal their pain from others. The quo…","Zitat des Tages von Charlie Chaplin: „Ich gehe immer gerne im Regen spazieren, damit mich niemand sehen kann …“ – Inspirierende Lektionen über Weinen, Verletzlichkeit, Traurigkeit, psychische Gesundheit und warum es in Ordnung ist, nicht in Ordnung zu sein von dem englischen Komiker, der für seine zeitlosen Darbietungen und tiefen Einblicke in die menschliche Natur und die Herausforderungen des Lebens bekannt ist. Zitat des Tages von Charlie Chaplin: Charlie Chaplins Zitat „Ich gehe immer gerne im Regen spazieren, damit mich niemand weinen sieht“ untersucht die Bedeutung von Emotionen Privatsphäre, verborgene Traurigkeit und die Art und Weise, wie Menschen ihren Schmerz manchmal vor anderen verbergen.","Quota diei by Charlie Chaplin: “Semper amo ambulans in pluvia, sic me nemo videre potest… – Lectiones inspirans in fletum, vulnerabilitatem, tristitiam, sanitatem mentis et cur bene non sit bene esse ab Anglico actore comico noto pro suis intempestivas operationes et perspicientias humanae naturae et vitae provocationes. me clamantem, momentum motus secreti, occultae tristitiae explorat et modi homines interdum dolorem suum ab aliis occultant."
7f5416cbccfd5de170a4b619ca14c133,2026-09-07T15:59:23Z,Tropical Cyclone,Hazard,nypost.com,en,0.7,"Southern California sees huge waves, storm damage from Hurricane Marie","Hurricane Marie brought dangerous surf, thunderstorms, flooding and power outages to Southern California as rain gives way to a sharp September heat wave.",https://nypost.com/2026/09/07/us-news/southern-california-sees-huge-waves-storm-damage-from-hurricane-marie/,https://nypost.com/wp-content/uploads/sites/2/2026/09/140017312.jpg?quality=75&strip=all&w=1200,,"Hurricane Marie turned Southern Californias Labor Day weekend into a wild weather roller coaster, with powerful waves slamming the coast, thunderstorms forcing beach closures, heavy rain toppling a t… [+5068 chars]","Southern California sees huge waves, storm damage from Hurricane Marie. Hurricane Marie brought dangerous surf, thunderstorms, flooding and power outages to Southern California as rain gives way to a sharp September heat wave.","Südkalifornien erlebt riesige Wellen und Sturmschäden durch Hurrikan Marie. Hurrikan Marie brachte gefährliche Brandung, Gewitter, Überschwemmungen und Stromausfälle nach Südkalifornien, während der Regen einer scharfen Hitzewelle im September Platz machte.","Meridionalis California fluctus ingentes videt, tempestas damni ab Procellae Mariae. Procellae Mariae salo periculosas, tonitrua, inundationes et potentias in California Southern California sicut pluvia acuto Septembri aestu undae cedit."
1defb410797a182868d517f6f7291a44,2026-09-07T16:07:23Z,Snow&Ice,Hazard,assetstore.unity.com,en,0.7,Interactive Snow Deformation by Esti,"Create and customize Interactive Snow Deformation in Unity, featuring Snow Melt Surface Demo, editable assets, runtime controls, and a ready-to-review demo.- Suggested category: VFX / Environment- Unity version used for validation: 6000.0.30f1- Render pipelin…",https://assetstore.unity.com/packages/vfx/interactive-snow-deformation-402598,https://assetstorev1-prd-cdn.unity3d.com/key-image/7c1632ec-bfaa-46fd-bb7f-fd843ab4a20f.jpg?v=1,,"Over 11,000 five-star assets
Rated by 85,000+ customers
Supported by 100,000+ forum members
Every asset moderated by Unity","Interactive Snow Deformation by Esti. Create and customize Interactive Snow Deformation in Unity, featuring Snow Melt Surface Demo, editable assets, runtime controls, and a ready-to-review demo.- Suggested category: VFX / Environment- Unity version used for validation: 6000.0.30f1- Render pipelin…","Interaktive Schneeverformung von Esti. Erstellen und passen Sie die interaktive Schneeverformung in Unity an, mit Demo zur Schneeschmelzoberfläche, bearbeitbaren Assets, Laufzeitsteuerungen und einer sofort überprüfbaren Demo. – Vorgeschlagene Kategorie: VFX/Umgebung – Zur Validierung verwendete Unity-Version: 6000.0.30f1 – Render-Pipelin…","Interactive Nix Deformatio per Esti. Creare et consuescere Interactive Nix Deformationis in unitate, featuring Nivem Superficiem Confluentem Demo, res editabiles, runtime moderantes, ac promptum ad recensendum demo.- Suadet categoriam: VFX / Environment- Unitas versio ad sanationem adhibita: 6000.0.30f1- Redde pipelin..."
4b8c63ba7ec30de641566170d077b5d7,2026-09-07T19:45:24Z,Snow&Ice,Hazard,deadline.com,en,0.7,"Director Pawo Choyning Dorji, Cellist Yo-Yo Ma Team On ‘A Song For The Snow Lion’ Set In Himalayas Of Bhutan – Telluride Film Festival","The catastrophic flash floods in Nepal show the extreme peril posed by melting glacial ice in the Himalayas. The death toll stands at more than 1,300 after the August 26 disaster triggered by the collapse of a section of glacier, which plunged into water belo…",http://deadline.com/2026/09/a-song-for-the-snow-lion-interview-pawo-choyning-dorji-cellist-yo-yo-ma-1237070339/,https://deadline.com/wp-content/uploads/2026/09/ASongfortheSnowLion-22.jpg?w=1024,http://web.archive.org/web/20260907230430/https://deadline.com/2026/09/a-song-for-the-snow-lion-interview-pawo-choyning-dorji-cellist-yo-yo-ma-1237070339/,"The catastrophic flash floods in Nepal show the extreme peril posed by melting glacial ice in the Himalayas. The death toll stands at more than 1,300 after the August 26 disaster triggered by the col… [+5775 chars]","Director Pawo Choyning Dorji, Cellist Yo-Yo Ma Team On ‘A Song For The Snow Lion’ Set In Himalayas Of Bhutan – Telluride Film Festival. The catastrophic flash floods in Nepal show the extreme peril posed by melting glacial ice in the Himalayas. The death toll stands at more than 1,300 after the August 26 disaster triggered by the collapse of a section of glacier, which plunged into water belo…","Regisseur Pawo Choyning Dorji und Cellist Yo-Yo Ma Team über „Ein Lied für den Schneelöwen“, das im Himalaya von Bhutan spielt – Telluride Film Festival. Die katastrophalen Sturzfluten in Nepal zeigen die extreme Gefahr, die vom schmelzenden Gletschereis im Himalaya ausgeht. Nach der Katastrophe vom 26. August, die durch den Einsturz eines Gletscherabschnitts ausgelöst wurde, der ins Wasser stürzte, liegt die Zahl der Todesopfer bei über 1.300.","Director Pawo Choyning Dorji, Cellist Yo-Yo Ma Team On 'A Song For Leo nive' in Himalayas Of Bhutan - Telluride Film Festival. Inundationes calamitates in Nepalia ostendunt extremum periculum, quod liquefaciens glaciem glacialem in Himalayas. Theloneum mortis stat plus quam 1,300 post August 26 clades sectionis glaciei ruina excitata est, quae in aquam belo immersit…"
4bfebd5762a093a075241ecf15098c20,2026-09-08T03:28:13Z,Precipitation,Hazard,www.zeit.de,de,0.9,Wetter: 31 Grad und Starkregen: Nach Wechselwetter wird es kühler,Hier finden Sie Informationen zu dem Thema „Wetter“. Lesen Sie jetzt „31 Grad und Starkregen: Nach Wechselwetter wird es kühler“.,https://www.zeit.de/news/2026-09/08/31-grad-und-starkregen-nach-wechselwetter-wird-es-kuehler,https://img.zeit.de/news/2026-09/08/31-grad-und-starkregen-nach-wechselwetter-wird-es-kuehler-image-group/wide__1300x731,http://web.archive.org/web/20260908202436/https://www.zeit.de/news/2026-09/08/31-grad-und-starkregen-nach-wechselwetter-wird-es-kuehler,Das Wetter zeigt sich in Berlin und Brandenburg am Dienstag von seiner wechselhaften Seite. Zum Teil stark bewölkt wird es in der Südosthälfte Brandenburgs laut dem Deutschen Wetterdienst (DWD) auch … [+1045 chars],Weather: 31 degrees and heavy rain: After changing weather it gets cooler. Here you will find information on the topic of “weather”. Now read “31 degrees and heavy rain: After changing weather it gets cooler”.,Wetter: 31 Grad und Starkregen: Nach Wechselwetter wird es kühler. Hier finden Sie Informationen zu dem Thema „Wetter“. Lesen Sie jetzt „31 Grad und Starkregen: Nach Wechselwetter wird es kühler“.,"Tempestas: 31 gradus et pluviae graves: mutata tempestate frigidiores accipit. Hic informationes invenies in argumento ""tempestatis"". Nunc lege ""31 gradus et pluviae graves"": mutata tempestate frigidior fit""."
0a20ccf03f78cc48f9f1d64601628f9b,2026-09-08T03:29:34Z,Precipitation,Hazard,www.tagesspiegel.de,de,0.9,31 Grad und Starkregen: Nach einem wechselhaften Dienstag wird es kühler in Berlin und Brandenburg,"Bis zu 31 Grad werden am Dienstag in Berlin und Brandenburg erwartet. Doch das Wetter wird ungemütlicher: Die Temperaturen fallen ab, dazu wird es nass und stürmisch.",https://www.tagesspiegel.de/berlin/dpa-nach-einem-wechselhaften-dienstag-wird-es-kuhler-in-berlin-und-brandenburg-16028860.html,https://www.tagesspiegel.de/images/16028859/alternates/BASE_16_9_W1400/1788849180000/brandenburger-landschaft.jpeg,http://web.archive.org/web/20260909032636/https://www.tagesspiegel.de/berlin/dpa-nach-einem-wechselhaften-dienstag-wird-es-kuhler-in-berlin-und-brandenburg-16028860.html,"Der Dienstag begann in der Berliner Innenstadt sonnig und heiter. Doch es wird ungemütlich in der Region sogar Starkregen ist möglich.
Laut Vorhersage des Deutschen Wetterdienstes (DWD) zeigt sich d… [+1498 chars]","31 degrees and heavy rain: After a changeable Tuesday, it's getting cooler in Berlin and Brandenburg. Up to 31 degrees are expected in Berlin and Brandenburg on Tuesday. But the weather is becoming more uncomfortable: the temperatures are falling and it is getting wet and stormy.","31 Grad und Starkregen: Nach einem wechselhaften Dienstag wird es kühler in Berlin und Brandenburg. Bis zu 31 Grad werden am Dienstag in Berlin und Brandenburg erwartet. Doch das Wetter wird ungemütlicher: Die Temperaturen fallen ab, dazu wird es nass und stürmisch.","31 gradus et pluviae graves: Post mutabilem Martis, Berolini et Brandenburgici frigidiores fiunt. Usque ad 31 gradus Berolini et Brandenburgici die Martis exspectantur. Sed tempestas magis incommoda fit: temperaturae cadunt et madefacti tempestatique sunt."
c04bec1398084559a8f81ea3b0f6989f,2026-09-08T03:29:34Z,Precipitation,Hazard,www.tagesspiegel.de,de,0.9,Wetter: 31 Grad und Starkregen: Nach Wechselwetter wird es kühler,"Noch immer bleibt es warm in Berlin und Brandenburg, doch es wird etwas ungemütlicher. Sogar Starkregen ist möglich. Wo man am Dienstag einen Schirm braucht.",https://www.tagesspiegel.de/berlin/dpa-wetter-16028860.html,https://www.tagesspiegel.de/images/16028859/alternates/BASE_16_9_W1400/1788838174000/brandenburger-landschaft.jpeg,,Das Wetter zeigt sich in Berlin und Brandenburg am Dienstag von seiner wechselhaften Seite. Zum Teil stark bewölkt wird es in der Südosthälfte Brandenburgs laut dem Deutschen Wetterdienst (DWD) auch … [+1101 chars],"Weather: 31 degrees and heavy rain: After changing weather it gets cooler. It's still warm in Berlin and Brandenburg, but it's getting a little more uncomfortable. Even heavy rain is possible. Where you need an umbrella on Tuesday.","Wetter: 31 Grad und Starkregen: Nach Wechselwetter wird es kühler. Noch immer bleibt es warm in Berlin und Brandenburg, doch es wird etwas ungemütlicher. Sogar Starkregen ist möglich. Wo man am Dienstag einen Schirm braucht.","Tempestas: 31 gradus et pluviae graves: mutata tempestate frigidiores accipit. Berolini et Brandenburgici adhuc calescit, sed paulo plus incommoda accipit. Imber etiam gravis esse potest. Ubi umbella die Martis opus est."
f7c7bb6bdae4a0aaa184f96a3d74859f,2026-09-08T04:34:52Z,Thunderstorm,Hazard,www.zeit.de,de,0.9,Wettervorhersage: Noch einmal heiß - dann kommen kräftige Gewitter,Hier finden Sie Informationen zu dem Thema „Wettervorhersage“. Lesen Sie jetzt „Noch einmal heiß - dann kommen kräftige Gewitter“.,https://www.zeit.de/news/2026-09/08/noch-einmal-heiss-dann-kommen-kraeftige-gewitter,https://img.zeit.de/news/2026-09/08/noch-einmal-heiss-dann-kommen-kraeftige-gewitter-image-group/wide__1300x731,,Baden-Württemberg steht noch einmal ein heißer Spätsommertag bevor: Der Deutsche Wetterdienst erwartet am heutigen Dienstag Höchstwerte von 27 Grad im Hochschwarzwald bis 33 Grad entlang des Rheins. … [+855 chars],Weather forecast: Hot again - then strong thunderstorms are coming. Here you will find information on the subject of “weather forecast”. Now read “Hot again - then strong thunderstorms will come”.,Wettervorhersage: Noch einmal heiß - dann kommen kräftige Gewitter. Hier finden Sie Informationen zu dem Thema „Wettervorhersage“. Lesen Sie jetzt „Noch einmal heiß - dann kommen kräftige Gewitter“.,"Tempestas praenuntiet: rursus aestus - tunc validi tonitrua veniunt. Hic invenies informationes de re ""tempestatis praenuntientur"". Nunc lege ""Iterum calidum - tunc veniet fortis tonitrua""."
e5d2bf8e467480f5b7f1c0fdba3933d5,2026-09-08T05:03:06Z,Precipitation,Hazard,www.morgenpost.de,de,0.9,31 Grad und Starkregen: Nach Wechselwetter wird es kühler,In Berlin kann man heute noch einmal sommerliche Wärme genießen. Die Aussichten für die nächsten Tage sind dann nicht mehr berauschend.,https://www.morgenpost.de/berlin/article413092114/31-grad-und-starkregen-nach-wechselwetter-wird-es-kuehler.html,https://img.sparknews.funkemedien.de/411918320/411918320_1788843786_v16_9_1600.jpeg,,Das Wetter zeigt sich in Berlin und Brandenburg am Dienstag von seiner wechselhaften Seite. Zum Teil stark bewölkt wird es in der Südosthälfte Brandenburgs laut dem Deutschen Wetterdienst (DWD) auch … [+1037 chars],31 degrees and heavy rain: After changing weather it gets cooler. In Berlin you can enjoy the summer warmth again today. The prospects for the next few days are no longer exciting.,31 Grad und Starkregen: Nach Wechselwetter wird es kühler. In Berlin kann man heute noch einmal sommerliche Wärme genießen. Die Aussichten für die nächsten Tage sind dann nicht mehr berauschend.,31 gradus et pluviae graves: Post varias tempestates frigidiores fiunt. Berolini in calore aestatis hodie iterum frui potes. Spes proximorum dierum non amplius excitatur.
89eb1c29cb17bdd91f747da09eb64770,2026-09-08T06:55:49Z,Tropical Cyclone,Mitigation,www.ibtimes.com.au,en,0.7,"(VIDEO) Hurricane Lowell Nears Hawaii, Kauai Under Warning As Australians Urged To Use Caution Travelling","Hurricane Lowell nears Hawaii, prompting warnings for Kauai and Niihau. Australians are advised to stay informed as the storm brings heavy rain, flash flooding, and dangerous surf to the islands.",https://www.ibtimes.com.au/hurricane-lowell-threatens-hawaii-severe-weather-1875185,https://d.ibtimes.com.au/en/full/1896095/hurricane-lowell-nears-hawaii-kauai-under-warning-australians-urged.jpg,http://web.archive.org/web/20260908070835/https://www.ibtimes.com.au/hurricane-lowell-threatens-hawaii-severe-weather-1875185,"HONOLULU — Hurricane Lowell tracked close to Hawaii's western islands this week, prompting hurricane warnings for Kauai and Niihau and a tropical storm warning for Oahu, with Australia's Smartravelle… [+6060 chars]","(VIDEO) Hurricane Lowell Nears Hawaii, Kauai Under Warning As Australians Urged To Use Caution Travelling. Hurricane Lowell nears Hawaii, prompting warnings for Kauai and Niihau. Australians are advised to stay informed as the storm brings heavy rain, flash flooding, and dangerous surf to the islands.","(VIDEO) Hurrikan Lowell nähert sich Hawaii und Kauai, da Australier zur Vorsicht beim Reisen aufgefordert werden. Hurrikan Lowell nähert sich Hawaii und löst Warnungen für Kauai und Niihau aus. Den Australiern wird empfohlen, auf dem Laufenden zu bleiben, da der Sturm starken Regen, Sturzfluten und gefährliche Brandung auf die Inseln bringt.","(VIDEO) Procellae Lowell Nears Hawaii, Kauai Monitum ut Australians suasit Caute utere iter. Procellae Lowell appropinquat Hawaii monita Kauai et Niihau monens. Australiani monent certiores manere quod tempestas pluviam gravem, inundationem emicare, et salo periculosum in insulis affert."
ba1f9303649af6628ab74e8be36a4778,2026-09-08T07:14:32Z,Precipitation,Hazard,www.bild.de,de,0.9,Wettersturz in Deutschland - Regenfront wäscht die Hitze weg,"Erst wird es nochmal richtig heiß, dann kommt die Wetter-Wende mit Gewittern und Starkregen.",https://www.bild.de/news/wetter/wettersturz-in-deutschland-regenfront-waescht-die-hitze-weg-6a9e7c925b4ed46cf0f050a3,"https://images.bild.de/6a9e7c925b4ed46cf0f050a3/4f052a6cfbefcf213e88a2faa6c4b604,767c2826?w=1280",http://web.archive.org/web/20260908124425/https://www.bild.de/news/wetter/wettersturz-in-deutschland-regenfront-waescht-die-hitze-weg-6a9e7c925b4ed46cf0f050a3,"TTS-Player überspringenArtikel weiterlesenDer Sommer bleibt am Dienstag aber nicht für alle! Während im Süden und vielleicht auch Osten noch einmal die 30-Grad-Marke geknackt wird, rückt von Nordwest… [+3095 chars]","Sudden weather in Germany - rain front washes away the heat. First it gets really hot again, then the weather changes with thunderstorms and heavy rain.","Wettersturz in Deutschland - Regenfront wäscht die Hitze weg. Erst wird es nochmal richtig heiß, dann kommt die Wetter-Wende mit Gewittern und Starkregen.","In Germania subita tempestas - pluvia frons calorem diluit. Primo rursus vere calescit, deinde tempestas cum tonitribus et gravibus pluviis mutatur."
472d05530ee00bfde32ba38eafc5c7e0,2026-09-08T08:15:00Z,Heat Wave,Hazard,grist.org,en,0.8,The world is adapting to extreme heat — but not nearly fast enough,"This summer was more than uncomfortably hot — it was record-breaking, with many countries reporting their highest average temperatures yet. Western Europe, for example, sweated through five grueling heat waves this year that sucked moisture from the soil, tur…",https://grist.org/extreme-weather/the-world-is-adapting-to-extreme-heat-but-not-nearly-fast-enough/,https://grist.org/wp-content/uploads/2026/09/extreme-heat-overshoot-fan-e1788564420563.jpg,http://web.archive.org/web/20260908172628/https://grist.org/extreme-weather/the-world-is-adapting-to-extreme-heat-but-not-nearly-fast-enough/,"This summer was more than uncomfortably hot it was record-breaking, with many countries reporting their highest average temperatures yet. Western Europe, for example, sweated through five grueling he… [+5720 chars]","The world is adapting to extreme heat — but not nearly fast enough. This summer was more than uncomfortably hot — it was record-breaking, with many countries reporting their highest average temperatures yet. Western Europe, for example, sweated through five grueling heat waves this year that sucked moisture from the soil, tur…","Die Welt passt sich der extremen Hitze an – aber nicht annähernd schnell genug. Dieser Sommer war mehr als unangenehm heiß – er war rekordverdächtig, da viele Länder ihre bisher höchsten Durchschnittstemperaturen meldeten. Westeuropa zum Beispiel hat in diesem Jahr fünf zermürbende Hitzewellen durchgeschwitzt, die dem Boden Feuchtigkeit entzogen haben, und so …","Mundus ad extremum calorem adaptat — sed non fere hercle satis. Aestas haec plus quam moleste calida erat - recordatio-fractionis, cum multis regionibus referentibus summas temperaturas adhuc mediocris. Europa occidentalis, exempli gratia, per quinque gruelulos fluctus aestus exsudavit hoc anno, qui humorem e terra hausit, tur..."
