domain,sentiment_mean,sentiment_std,subjectivity_mean,subjectivity_std,counting
www.zeit.de,-0.028539972899728996,0.25436159234600414,0.03982491798602196,0.13713181579523648,3116.0
www.stern.de,-0.012242952694433895,0.2754383047078434,0.061856986116386035,0.14225521036057143,2633.0
www.tagesspiegel.de,-0.018233340672244244,0.26524290447185067,0.07378449288125642,0.14490073787101965,1514.0
economictimes.indiatimes.com,0.014566519205869656,0.2624551581829044,0.0342783412458639,0.09537847591854731,1324.0
www.cbc.ca,-0.015993025694112654,0.3289425355840237,0.0560867574454531,0.14638554468914108,1196.0
consent.yahoo.com,0.014759870918754744,0.25033705281235874,0.025825740318906606,0.10308047497389437,878.0
www.abc.net.au,-0.02640985933668861,0.352276027252348,0.06485675571041424,0.16458577883853714,861.0
www.bild.de,-0.04435007974481659,0.30528405005212417,0.037779106858054225,0.11134276250340341,836.0
www.faz.net,-0.036391612200435734,0.29761098012942483,0.06778662854030501,0.1501324982139264,816.0
timesofindia.indiatimes.com,-0.00024271126616885288,0.34336583342095106,0.020343167258334353,0.08087425828749327,778.0
nypost.com,-0.12149467704419395,0.397573648994368,0.03784219001610306,0.1304777386714537,621.0
www.aljazeera.com,-0.10734577922077922,0.33989906457592756,0.059880050505050506,0.1584946250282577,616.0
www.dailymail.com,-0.09618590006283638,0.4157614869142696,0.058562139715323876,0.14896025739496505,581.0
www.bbc.com,-0.004805956678700363,0.3204806230013388,0.04732751704773366,0.1484371231227243,554.0
slashdot.org,-0.0411094853832284,0.40258606770110683,0.04725843161597351,0.14727300650821698,537.0
abcnews.com,-0.016677912730544312,0.36678281568966614,0.051788124156545205,0.1512341494313977,494.0
biztoc.com,-0.01938175753393145,0.3199805107792987,0.04300913602155838,0.1180341780446133,483.0
www.diepresse.com,0.012185938615274804,0.258040220719974,0.056929574113728294,0.1348746757115369,467.0
www.n-tv.de,-0.018186593275302955,0.2766183806196971,0.07344444444444444,0.1302982630697069,465.0
www.lifesciencesworld.com,0.06048617097701149,0.32208880338225865,0.03194444444444445,0.12573647134853846,464.0
www.welt.de,-0.024641546443938248,0.28035346037921427,0.07104277398127057,0.1414834654653264,439.0
www.sueddeutsche.de,-0.0073144215210356,0.24510775585160505,0.07537081984897519,0.15193077022442192,412.0
www.yahoo.com,-0.05857104047813094,0.37759070415587653,0.06343384949741918,0.16762332244669137,409.0
www.morgenpost.de,0.010592501368363432,0.2981465566305113,0.04598385331143952,0.12658688706342908,406.0
www.focus.de,-0.025113172541743972,0.2878505128163086,0.056262626262626264,0.12925119310801975,385.0
www.tagesschau.de,-0.04222655122655122,0.22464548970772985,0.10234487734487735,0.15279412852784027,385.0
www.dw.com,-0.021122372372372376,0.2730982700589934,0.10396846846846847,0.162657771956856,370.0
www.insurancejournal.com,-0.03091971080669711,0.25597884429439305,0.06682648401826484,0.14226749816652282,365.0
www.thestar.com.my,0.014532688766114178,0.2529988169987168,0.01680478821362799,0.07230579500830676,362.0
theconversation.com,0.05916433891992551,0.3110232576588883,0.09455695220360026,0.19139107366394845,358.0
www.cbsnews.com,-0.06356682769726249,0.32170262330381577,0.07173913043478261,0.16494885932823575,345.0
abcnews.go.com,-0.04356372549019608,0.3919226762518963,0.0725,0.1792676249365092,340.0
www.nature.com,0.0683786679854929,0.31781518464554726,0.041336960105506096,0.13510854344812737,337.0
orf.at,0.011480362537764348,0.17728498296695092,0.04628230949983216,0.1212734932480567,331.0
bringatrailer.com,0.08950627240143368,0.20436268261957422,0.0026881720430107525,0.03407924174055875,310.0
www.rte.ie,-0.021907216494845363,0.3606166950496177,0.03579610538373425,0.12074222109158139,291.0
www.npr.org,-0.0321181782489203,0.3169374785121876,0.06845308205732233,0.14520441651817464,283.0
english.khabarhub.com,0.007088888888888885,0.2560680108716501,0.01890909090909091,0.07112539486419896,275.0
en.antaranews.com,0.04945255474452554,0.34938416717919624,0.01672749391727494,0.10211936258545959,274.0
www.irishtimes.com,0.0065230961298377,0.3045776915043856,0.04603620474406991,0.1445874924108196,267.0
www.thehindubusinessline.com,0.03593346253229974,0.35362527581920755,0.030523255813953487,0.12197890791036282,258.0
www.channelnewsasia.com,-0.006303763440860219,0.30614295291433297,0.06602822580645161,0.16880839183581614,248.0
www.nzherald.co.nz,0.03565573770491803,0.2970750997269545,0.03722677595628415,0.1296635071527041,244.0
www.bbc.co.uk,-0.054792560801144495,0.3142179481637724,0.06509298998569385,0.16967797828707898,233.0
www.nzz.ch,0.008315656565656563,0.2866998488647545,0.07018434343434343,0.14035200314470342,220.0
journals.plos.org,0.07074117341640705,0.26841945052746236,0.03043873312564901,0.08645446663180577,214.0
freerepublic.com,-0.004729393413603944,0.2800518230594262,0.04182235892762208,0.10805889578271265,209.0
gizmodo.com,-0.016922869471413162,0.3468765079788406,0.07416396979503775,0.18793351367785016,206.0
punchng.com,-0.04380446623093681,0.3102329383744534,0.2364515250544662,0.17740685685298238,204.0
www.globenewswire.com,0.17435550082101806,0.2766548908948281,0.028598795840175148,0.12082507685362694,203.0
www.thejournal.ie,-0.015033500837520938,0.2919463286371069,0.05067001675041876,0.15459515207054406,199.0
financialpost.com,0.05502364066193853,0.37854228932076994,0.06904128672745694,0.16422007862344248,188.0
indianexpress.com,0.032653823178016725,0.30522461874091644,0.03636499402628435,0.10872962978070362,186.0
www.prnewswire.com,0.1744009009009009,0.30160128709162465,0.03725225225225225,0.10098788626730414,185.0
www.forbes.com,0.07283519553072626,0.35562032059274284,0.04352886405959031,0.12822168743421558,179.0
www.newser.com,-0.00015269655620533254,0.26717332920647713,0.043892137751786874,0.10466151301224896,171.0
www.foxnews.com,-0.14733727810650887,0.4262471225029186,0.03422090729783037,0.12337917899289276,169.0
www.nbcnews.com,-0.061815843621399184,0.3913490397947191,0.051440329218107,0.14059416289271925,162.0
wattsupwiththat.com,0.020036355121758845,0.30035209645223077,0.05543478260869566,0.14947320943287548,161.0
en.protothema.gr,0.03521139063591893,0.39197250238619336,0.05529350104821803,0.16024666010320865,159.0
japantoday.com,0.02563605803255484,0.2824312983773385,0.0354210898796886,0.10370656032276952,157.0
dailycaller.com,-0.004314692982456144,0.3753228571174597,0.024671052631578948,0.09913107389408139,152.0
www.naturalnews.com,0.001941648023862784,0.2936532776489717,0.05030947054436988,0.1345224499857796,149.0
www.independent.ie,-0.062126436781609194,0.34504453118617895,0.035632183908045977,0.11856297308448624,145.0
www.bostonherald.com,-0.01954022988505747,0.30915240824904044,0.07310344827586207,0.20738847038845687,145.0
www.foxweather.com,-0.004675273865414715,0.33944656437812154,0.07335680751173708,0.2010811974979612,142.0
www.sciencedaily.com,0.01966060250391236,0.3104716338422476,0.05799100156494523,0.11746767437897573,142.0
www.hurriyetdailynews.com,0.05523809523809523,0.3692211849696581,0.03363095238095238,0.11005780543812162,140.0
spacedaily.com,0.07878548256285482,0.2886756220231902,0.0817558799675588,0.14104121888558174,137.0
www.scientificamerican.com,0.0003165849673202587,0.33376938929033806,0.07802287581699346,0.18737942948220526,136.0
www.businessinsider.com,0.06506782945736433,0.32626025516147333,0.04941860465116279,0.15422009929371328,129.0
www.pbs.org,-0.09856987847222222,0.32256535695791216,0.07651909722222222,0.1670427585805545,128.0
www.denverpost.com,-0.017730596175478067,0.3854570320335079,0.09613798275215597,0.20254277002695875,127.0
grist.org,-0.016690726159230097,0.2665551740572737,0.11931321084864391,0.19406894274958514,127.0
pypi.org,-0.004126984126984128,0.1405022284181863,0.0,0.0,126.0
taz.de,-0.01164182475158085,0.2397733447255659,0.06630532971996386,0.127921713177181,123.0
news.sky.com,-0.1222107438016529,0.3289703125808387,0.08700642791551881,0.19879207466623797,121.0
sports.yahoo.com,0.05310823754789271,0.30086726474548237,0.03189655172413793,0.11167518819999178,116.0
www.the-independent.com,0.11433479532163741,0.39481121829472493,0.04035087719298245,0.1256036503276274,114.0
ahouseinthehills.com,0.1817237103174603,0.23601583527391898,0.09346655328798185,0.13602082200253623,112.0
www.usatoday.com,0.022134634634634633,0.29195610213724105,0.016766766766766767,0.07119306350112008,111.0
tirol.orf.at,0.003536036036036032,0.2638686115174447,0.026276276276276274,0.11008604416063426,111.0
newsonjapan.com,0.06899948559670781,0.2630002086598543,0.056172839506172835,0.1364956492597324,108.0
alltoc.com,0.021373312564901346,0.21615932252251682,0.044055036344755966,0.10472436214867784,107.0
gothamist.com,-0.048179611650485434,0.21500752848110077,0.25849514563106796,0.1312852327569194,103.0
cheezburger.com,0.062188764394646746,0.32427304752731634,0.056002956738250856,0.12250679724512391,102.0
www.rt.com,-0.03495599559955996,0.26248288225396266,0.02145214521452145,0.07696812593041956,101.0
www.nakedcapitalism.com,-0.09755154639175258,0.2512020814826541,0.053264604810996555,0.16368229401903586,97.0
steiermark.orf.at,0.06430994152046783,0.22531750160316813,0.058187134502923975,0.14799208164233163,95.0
www.israelnationalnews.com,0.0071236559139784906,0.30431285681592946,0.03763440860215054,0.12257067432361317,93.0
thehockeynews.com,0.02280465949820788,0.3853383642540355,0.025537634408602152,0.10262119066533092,93.0
www.globalsecurity.org,0.11707885304659496,0.3734788314686549,0.028136200716845878,0.09863128817054707,93.0
www.cnn.com,-0.023791208791208798,0.4114222595763899,0.0619047619047619,0.1421242221882951,91.0
www.huffpost.com,-0.009432234432234437,0.29516998866526983,0.06501831501831502,0.18121767391688193,91.0
post.rlsbb.to,-0.015377936670071502,0.18483352307239667,0.009363295880149811,0.04773632440607059,89.0
www.breitbart.com,-0.03032147315855181,0.36984180825909524,0.046348314606741575,0.1598860575547348,89.0
www.derstandard.at,-0.04184227330779055,0.24256380714449438,0.0753831417624521,0.14603340675409096,87.0
noe.orf.at,0.016235632183908045,0.2375950886251281,0.06739463601532567,0.12106165308165134,87.0
vorarlberg.orf.at,0.048755718954248364,0.22705052617744495,0.06042483660130719,0.15056045226858988,85.0
fortune.com,0.0001984126984126944,0.3651689386193599,0.07936507936507936,0.1887501881275878,84.0
salzburg.orf.at,0.03890227576974564,0.23962274980583076,0.08755020080321285,0.14883705656822682,83.0
www.techradar.com,0.10694613821138212,0.35981045473329787,0.04034552845528455,0.126777279460636,82.0
www.yankodesign.com,0.11116145833333332,0.3168298331419129,0.05364583333333334,0.13127929818331951,80.0
www.digitaljournal.com,-0.08532763532763533,0.2652483201899982,0.04821937321937322,0.11384266330304187,78.0
www.cnet.com,0.1209235209235209,0.32401473662215385,0.05952380952380952,0.1604413815873182,77.0
www.vanguardngr.com,0.03921614100185528,0.37462148187316013,0.01948051948051948,0.07514131897478545,77.0
finance.yahoo.com,0.0627595029239766,0.3116327582251669,0.04057017543859649,0.1322829606427572,76.0
www.theatlantic.com,-0.051000000000000004,0.2833795669750714,0.1648148148148148,0.22498903197479075,75.0
kaernten.orf.at,0.007826576576576571,0.23284733378705916,0.05365990990990991,0.11368070736132573,74.0
www.spektrum.de,-0.029031531531531533,0.24936586343673062,0.05608108108108108,0.12073230146644477,74.0
slickdeals.net,0.255533033033033,0.26313533262192346,0.034684684684684684,0.10626339137587729,74.0
insidethemagic.net,0.01193302891933028,0.2680135555209452,0.04832572298325723,0.1114267697183458,73.0
twistedsifter.com,-0.13331404320987655,0.36410941461480933,0.022685185185185183,0.08346494562582564,72.0
science.nasa.gov,0.014201877934272297,0.2945752739053687,0.02347417840375587,0.1027239120239191,71.0
bleedingcool.com,0.07542573696145125,0.2757129376576265,0.06634920634920634,0.15208894842327472,70.0
kotaku.com,0.07439613526570048,0.3906597372543548,0.07850241545893719,0.19693529031768564,69.0
www.kpbs.org,-0.004762479871175526,0.31127579119037874,0.040861513687600645,0.11090370905359087,69.0
kyweathercenter.com,0.08891791044776119,0.20146976858614166,0.026119402985074626,0.06982565352753431,67.0
www.newscientist.com,-0.0459005376344086,0.33130744676239354,0.08400537634408602,0.18114879805843684,62.0
www.boredpanda.com,0.09010752688172044,0.35130028546932984,0.0478494623655914,0.11820497814233422,62.0
www.sciencealert.com,-0.08733834244080145,0.3498401045517549,0.09690346083788708,0.198213535222588,61.0
ooe.orf.at,0.02280054644808743,0.27934256617542946,0.07723132969034609,0.1475745431991753,61.0
www.nationalobserver.com,0.00041666666666666474,0.28518287571113043,0.1423611111111111,0.2742791084773752,60.0
rollingout.com,-0.1309861111111111,0.3636407393597952,0.03194444444444444,0.08925521853880193,60.0
www.nhc.noaa.gov,0.0,0.0,0.0,0.0,60.0
www.ibtimes.com.au,0.0211111111111111,0.3196943671488313,0.030555555555555555,0.0993939576626104,60.0
www.freitag.de,0.005721011568469194,0.22058005574813938,0.07456281947807372,0.14035253291928712,59.0
www.disneyfoodblog.com,0.09168549905838042,0.2737280846891907,0.0,0.0,59.0
deadline.com,0.005598659003831419,0.28667637437721843,0.052873563218390804,0.11793950323508251,58.0
newatlas.com,0.18696180555555553,0.2806818823283936,0.055431547619047616,0.1011515753148335,56.0
apnews.com,-0.03734126984126984,0.2568549303925375,0.03794642857142857,0.10276382212884135,56.0
english.gossiplankanews.com,-0.038591269841269836,0.2504595543712032,0.02306547619047619,0.07799738053325704,56.0
www.windowscentral.com,0.21114197530864198,0.37776289304544225,0.07129629629629629,0.13850681198827672,54.0
www.livescience.com,0.07123199588477365,0.39817326704934625,0.08410493827160494,0.18817414460102472,54.0
www.vox.com,0.02774633123689727,0.2602824335547239,0.07824947589098533,0.12163287378662778,53.0
www.ibiza-heute.de,0.03646376160527104,0.21591888547177127,0.057285115303983225,0.0997477623876629,53.0
cryptobriefing.com,0.05976415094339622,0.37937224552846527,0.030660377358490566,0.16057599966709107,53.0
phys.org,0.04073717948717948,0.2893832020556409,0.09294871794871794,0.18424745821554925,52.0
www.thelocal.de,-0.0069978632478632525,0.32695582587674493,0.04326923076923077,0.1294053609564799,52.0
www.ibtimes.com,-0.06157051282051283,0.4358983178613205,0.021153846153846155,0.0976920701651487,52.0
skepticalscience.com,0.052307692307692305,0.278852916823034,0.00641025641025641,0.04622501635210242,52.0
www.gamestar.de,0.056577777777777775,0.245221293409126,0.064,0.14786308553351665,50.0
www.kqed.org,-0.018650000000000003,0.35311975679891283,0.04416666666666666,0.1299774313219846,50.0
science.orf.at,0.0631235827664399,0.24034601853297582,0.07528344671201814,0.13251732952367654,49.0
www.telepolis.de,-0.0523049645390071,0.3186091363825145,0.03900709219858156,0.09806562648739726,47.0
www.news24.com,-0.22554347826086957,0.370811598089258,0.0,0.0,46.0
blizzardwatch.com,0.10609299516908212,0.28919982318522125,0.06666666666666667,0.12018504251546633,46.0
www.gov.uk,0.09293478260869564,0.2740469872261497,0.02717391304347826,0.12051118977050797,46.0
www.universetoday.com,0.010253086419753085,0.25855759532527095,0.06913580246913581,0.11971460846419546,45.0
allears.net,0.04185185185185185,0.3353230807182854,0.044444444444444446,0.17908296141930163,45.0
www.space.com,0.06976744186046512,0.2663007363774122,0.011627906976744186,0.07624928516630233,43.0
www.wired.com,0.02867063492063492,0.3244525856518521,0.08134920634920635,0.1671619624589329,42.0
www.wowhead.com,0.13107142857142856,0.23092677995492086,0.0503968253968254,0.1168545580640892,42.0
t3n.de,0.09790650406504064,0.2729919679659523,0.07723577235772357,0.11331702550188034,41.0
brobible.com,-0.05580623306233062,0.2676038133972413,0.03590785907859078,0.08731327131189498,41.0
statetimes.in,-0.01741192411924119,0.24610431109730788,0.039972899728997285,0.09563158725955874,41.0
lancasteronline.com,-0.026761517615176155,0.36995200936766126,0.12804878048780488,0.21007402876361375,41.0
www.mentalfloss.com,0.07581300813008131,0.40459086363593205,0.04878048780487805,0.18724576259492787,41.0
www.theverge.com,0.08065040650406503,0.25520863083698525,0.05284552845528455,0.1416128544377431,41.0
www.medicaldaily.com,-0.027032520325203264,0.3816564694124603,0.10636856368563685,0.1954243600934036,41.0
www.nationalgeographic.com,0.20489583333333333,0.27431423090251994,0.0125,0.05831806882088218,40.0
www.dealnews.com,0.23502083333333332,0.20825113656263589,0.02364583333333333,0.06677600209003386,40.0
www.rollingstone.com,-0.051535087719298246,0.3163752527259038,0.04692982456140351,0.12609015693163153,38.0
www.bgr.com,0.18280780780780778,0.35520987598945625,0.04054054054054054,0.12671907666589796,37.0
www.internazionale.it,0.03153153153153153,0.3477669900657326,0.02027027027027027,0.09087495946771178,37.0
newrepublic.com,0.019560185185185187,0.30415087931051843,0.06600529100529101,0.10715814117911182,36.0
screenrant.com,0.2054398148148148,0.31505514043155314,0.02546296296296296,0.09515952446813596,36.0
comicbook.com,0.16456349206349205,0.22957390322331248,0.048412698412698414,0.0994932825320951,35.0
www.livemint.com,0.13538095238095238,0.2801761338272526,0.015714285714285715,0.05076101528012327,35.0
www.rockpapershotgun.com,0.04799206349206349,0.2918052665218234,0.06246031746031745,0.1170906771833945,35.0
peoplesreview.com.np,-0.09608730158730158,0.3350273700017282,0.0031746031746031746,0.0187812056606337,35.0
variety.com,0.20571428571428568,0.2844971155861586,0.009523809523809523,0.0563436169819011,35.0
legalinsurrection.com,-0.04609523809523809,0.3045611712001402,0.029761904761904757,0.12024086859269316,35.0
theweek.com,0.011428571428571429,0.2808431931873441,0.02142857142857143,0.12677313820927752,35.0
www.sportingnews.com,-0.11085858585858585,0.2928731360530508,0.007575757575757576,0.043519413988924456,33.0
www.designboom.com,0.06767676767676768,0.2790403754741975,0.0101010101010101,0.058025885318565944,33.0
www.milehighhockey.com,0.044949494949494954,0.3099194801478025,0.030303030303030304,0.12115292114938998,33.0
www.blogto.com,0.09006734006734006,0.2858044138126269,0.07954545454545454,0.1667849958733844,33.0
www.commondreams.org,-0.12336805555555555,0.3993477093224141,0.05034722222222222,0.14206713023857914,32.0
yle.fi,-0.0825268817204301,0.2495398991951439,0.059139784946236555,0.16968591408384706,31.0
weather.com,-0.06406810035842295,0.2485440479420566,0.017025089605734768,0.0558682953715078,31.0
www.pcgamer.com,0.10456989247311828,0.40998440976274514,0.06854838709677419,0.1985329256839912,31.0
www.eurogamer.net,0.17077956989247312,0.27881014104542123,0.1697132616487455,0.17918906670009377,31.0
burgenland.orf.at,0.009861111111111105,0.19586384982742716,0.042777777777777776,0.098910088562353,30.0
www.popsci.com,0.19866666666666666,0.3375305860980959,0.016666666666666666,0.0670963166560748,30.0
www.juancole.com,-0.056499999999999995,0.2942248566717722,0.08055555555555555,0.18110364791994277,30.0
rpnradio.com,-0.004789272030651343,0.23495151352558005,0.017241379310344827,0.06820876546983126,29.0
www.cnbc.com,-0.006896551724137937,0.4113293210370828,0.10057471264367815,0.2703790240371826,29.0
www.discovermagazine.com,0.020977011494252868,0.355600184921418,0.34195402298850575,0.24634715026876022,29.0
www.activistpost.com,0.03077586206896551,0.30581783818234015,0.05172413793103448,0.1248288373837691,29.0
www.today.com,-0.05610119047619048,0.28164091977907524,0.03422619047619047,0.090048549025833,28.0
petapixel.com,-0.026488095238095234,0.2331437012868575,0.27351190476190473,0.12148459172202511,28.0
crooksandliars.com,-0.10086734693877551,0.3492883860124733,0.030952380952380953,0.07839888060245383,28.0
www.salon.com,-0.003720238095238096,0.31111387913309435,0.017857142857142856,0.06556631603912026,28.0
www.brigitte.de,0.09089285714285714,0.26953867892191813,0.027480158730158726,0.0764822261259982,28.0
wien.orf.at,0.021547619047619045,0.2938851006447118,0.08125,0.13765423448483138,28.0
hallespektrum.de,0.036071428571428574,0.25566431433145875,0.03273809523809524,0.09712769403047637,28.0
truthout.org,-0.1931547619047619,0.34164824981550657,0.0625,0.16137430609197567,28.0
m.economictimes.com,-0.042407407407407414,0.393798978322234,0.018518518518518517,0.055726233547702696,27.0
www.ndtvprofit.com,-0.06358024691358025,0.36144407178802357,0.033950617283950615,0.10904416511755914,27.0
www.fark.com,-0.03796296296296297,0.315691678311269,0.10617283950617284,0.2379195865440364,27.0
www.dezeen.com,0.06794871794871794,0.22155626709073134,0.0737179487179487,0.13809602753342623,26.0
post.rlsbb.cc,0.05747863247863248,0.2440486305904367,0.00641025641025641,0.03268602252303067,26.0
www.theregister.com,-0.04353632478632479,0.3846067701433192,0.033012820512820513,0.11548161876898105,26.0
www.cbssports.com,0.1455128205128205,0.2538835118845602,0.025384615384615387,0.10175385080598254,26.0
www.archdaily.com,0.10405982905982906,0.2259728361928841,0.023504273504273508,0.07013756662881587,26.0
www.jalopnik.com,0.02158119658119658,0.3588564722995825,0.04487179487179487,0.11839380903195072,26.0
www.futurity.org,0.0033333333333333283,0.30930776953755346,0.08333333333333334,0.14433756729740646,25.0
fstoppers.com,0.15826666666666667,0.2719232258207098,0.09,0.12711179098497277,25.0
www.golem.de,0.06383333333333333,0.306542094263668,0.043,0.1325864497852879,25.0
www.business-standard.com,-0.09133333333333332,0.3831179950722077,0.06,0.13505828645714685,25.0
foreignpolicy.com,0.026000000000000002,0.31162210020044045,0.04,0.13844373104863456,25.0
thepointsguy.com,0.18133333333333332,0.3076595490930651,0.02,0.09999999999999999,25.0
oilprice.com,0.06655092592592592,0.2393963394276637,0.07349537037037036,0.11485824995901013,24.0
www.nbcsports.com,0.10763888888888888,0.37284741820546363,0.013888888888888888,0.06804138174397717,24.0
futurism.com,-0.09409722222222222,0.5252011299034417,0.03680555555555556,0.09008573032602661,24.0
hackaday.com,0.13368055555555555,0.24523821563412052,0.09027777777777778,0.17010345435994292,24.0
www.tmz.com,-0.03357638888888889,0.22528447622087452,0.032407407407407406,0.09540808003283566,24.0
www.psychologytoday.com,0.1355324074074074,0.3424204002681075,0.06481481481481481,0.12029292690203691,24.0
lithub.com,0.09439236111111111,0.2588823344519363,0.0078125,0.02802670019665254,24.0
versicherungswirtschaft-heute.de,0.070625,0.18531329556207587,0.07881944444444444,0.14560757197379215,24.0
www.globalresearch.ca,0.12434782608695652,0.22083046832357345,0.08768115942028985,0.14626817346330545,23.0
www.ign.com,-0.009782608695652173,0.3617058714778794,0.059782608695652176,0.13225540063424926,23.0
www.trendir.com,0.3714820565907523,0.31762893691266125,0.02898550724637681,0.09603468850667679,23.0
www.technologyreview.com,-0.02213250517598344,0.22364151905618238,0.08695652173913043,0.12722331056448793,23.0
www.motherjones.com,-0.08713768115942028,0.2450163396539277,0.059420289855072465,0.11793960179099826,23.0
www.mediaite.com,-0.12222222222222222,0.4981982125969465,0.007246376811594202,0.03475240234284579,23.0
articles.mercola.com,0.042045454545454546,0.25118077335712,0.08106060606060606,0.16453360848564746,22.0
consequence.net,-0.09545454545454544,0.2946247644101761,0.0303030303030303,0.09808164772274995,22.0
www.ewtnnews.com,0.08219696969696969,0.3433253914798968,0.053030303030303025,0.12741179785940637,22.0
www.americanthinker.com,-0.02443181818181819,0.3036546992009202,0.03409090909090909,0.11689063227401891,22.0
wccftech.com,0.0862121212121212,0.25347801936480857,0.0595959595959596,0.10954158418621365,22.0
www.mensjournal.com,0.043371212121212116,0.3144099282691753,0.045454545454545456,0.12788282274807808,22.0
www.haaretz.com,-0.13276515151515153,0.395092865177286,0.09090909090909091,0.16648619377489748,22.0
www.marca.com,-0.10378787878787878,0.4067773014411853,0.01515151515151515,0.07106690545187014,22.0
www.snopes.com,0.02386363636363636,0.357666373157632,0.03409090909090909,0.15990053726670783,22.0
www.jungewelt.de,-0.12083333333333333,0.3054482134685209,0.06944444444444445,0.16208993845439065,21.0
assetstore.unity.com,-0.0002645502645502623,0.2549088204843626,0.015873015873015872,0.07273929674533079,21.0
www.thenation.com,-0.0017857142857142846,0.2834637304981653,0.015873015873015872,0.07273929674533079,21.0
www.memeorandum.com,0.07072751322751322,0.4355815120896538,0.0,0.0,21.0
e360.yale.edu,-0.12252645502645503,0.2881699374421021,0.1667989417989418,0.19063829631927467,21.0
www.accuweather.com,-0.17658730158730157,0.45213704786592085,0.015873015873015872,0.07273929674533079,21.0
theaviationist.com,0.050793650793650794,0.1837477279131024,0.03968253968253968,0.10414682350682063,21.0
www.jezebel.com,0.15293650793650793,0.3376211324851113,0.044444444444444446,0.1011507858668507,21.0
survivalblog.com,0.061642857142857145,0.2790423466445719,0.03214285714285714,0.08102790226348078,20.0
www.mindbodygreen.com,0.18291666666666667,0.37193656119768,0.05,0.15389675281277312,20.0
www.wnd.com,-0.006250000000000003,0.3252402957814422,0.0,0.0,20.0
www.thelocal.se,-0.005833333333333332,0.2597527501838435,0.1875,0.27555764831312457,20.0
news.un.org,-0.026944444444444444,0.23631157640623476,0.09375,0.16438959838894776,20.0
www.androidauthority.com,0.12479166666666666,0.3396885263828326,0.041666666666666664,0.1310662526095082,20.0
www.counterpunch.org,-0.009847222222222219,0.2125343200317493,0.06291666666666666,0.122488661606788,20.0
thechronicle.com.gh,-0.02708333333333333,0.26852253055415043,0.04583333333333333,0.11302266501466662,20.0
www.cinemablend.com,0.14875,0.43728190052449667,0.025,0.11180339887498947,20.0
theeconomiccollapseblog.com,0.005175438596491211,0.4008828585469865,0.07587719298245614,0.11539969245558414,19.0
allthatsinteresting.com,-0.09868421052631579,0.2580533602031772,0.0,0.0,19.0
www.makeuseof.com,0.12280701754385963,0.3257096016996985,0.08771929824561404,0.2507299285606395,19.0
www.gamespot.com,0.12105263157894736,0.20058495515994518,0.04824561403508772,0.11558956989264305,19.0
www.vulture.com,0.10789473684210525,0.24459392027390575,0.05263157894736842,0.1576508838211529,19.0
www.syllad.com,-0.20438596491228067,0.23655788483686718,0.039473684210526314,0.12536496428031976,19.0
www.seattlepi.com,-0.09955246913580246,0.2389674809709288,0.034722222222222224,0.10330526184170391,18.0
boingboing.net,0.017777777777777778,0.20180233647442228,0.0,0.0,18.0
news.slashdot.org,0.0897222222222222,0.24934440181996112,0.0904320987654321,0.1928252428386928,18.0
news.climate.columbia.edu,0.055092592592592596,0.17966787825833086,0.032407407407407406,0.09539601364326955,18.0
nep123.com,0.09296296296296297,0.34600075350117976,0.011111111111111112,0.047140452079103175,18.0
www.indiewire.com,0.15162037037037035,0.4160660840451493,0.0763888888888889,0.14309402046490433,18.0
www.newyorker.com,0.006481481481481481,0.15774673472573164,0.0,0.0,18.0
www.thegatewaypundit.com,-0.09444444444444446,0.3402229180800848,0.018518518518518517,0.053896805563629545,18.0
thoughtcatalog.com,-0.06462962962962963,0.3080422874138368,0.018518518518518517,0.05389680556362955,18.0
www.propublica.org,-0.09467592592592593,0.2801938432201963,0.04398148148148148,0.10928337406047692,18.0
road.cc,0.2539197530864198,0.2865033305144438,0.1513888888888889,0.2164072730828085,18.0
matadornetwork.com,0.11944444444444444,0.3021437566344911,0.027777777777777776,0.11785113019775792,18.0
www.wpxi.com,-0.12450980392156863,0.3093938769245949,0.06372549019607843,0.1943860790088074,17.0
www.sfgate.com,-0.01666666666666667,0.2650340648964875,0.0,0.0,17.0
wwd.com,0.027450980392156862,0.35023261994265387,0.11274509803921567,0.2392500879313598,17.0
uk.pcmag.com,0.08004201680672268,0.2769490459626533,0.06372549019607843,0.12335519149178058,17.0
www.dansdeals.com,0.11604662698412696,0.1931805532221995,0.024739583333333332,0.08375544136552164,16.0
onefootball.com,0.05520833333333333,0.20916489596417395,0.03333333333333333,0.07817359599705716,16.0
www.dailysignal.com,-0.016440972222222232,0.3594932306858512,0.10104166666666667,0.13817175972384946,16.0
www.sun-sentinel.com,0.06635416666666666,0.2863074097371047,0.05625,0.12865040196566013,16.0
www.thefutoncritic.com,-0.050520833333333334,0.24781393763302575,0.015625,0.06249999999999999,16.0
www.nybooks.com,-0.138125,0.40460629011422944,0.022569444444444444,0.06668113268976557,16.0
www.timeout.com,-0.0052083333333333304,0.34317249468905736,0.03125,0.125,16.0
dpa-international.com,-0.09270833333333334,0.3329980953120925,0.0,0.0,16.0
people.com,0.09635416666666666,0.2778050333850596,0.07291666666666666,0.1717960677340692,16.0
www.thecut.com,0.009375000000000001,0.3930987412475018,0.0625,0.14433756729740643,16.0
www.geeky-gadgets.com,0.1480654761904762,0.3349647929401659,0.03125,0.08539125638299665,16.0
9to5toys.com,0.1914074074074074,0.2788659532296195,0.08888888888888888,0.1620389266707656,15.0
www.wimp.com,-0.02222222222222222,0.3620333157226303,0.03333333333333333,0.12909944487358055,15.0
skift.com,0.012037037037037039,0.12570202628482374,0.18888888888888886,0.19787227990155454,15.0
www.notebookcheck.net,0.21944444444444444,0.30631039518935393,0.06666666666666667,0.17593288763724918,15.0
tinyhousetalk.com,0.15555555555555553,0.24451658387185068,0.0,0.0,15.0
www.motorsport.com,0.09703703703703705,0.36832607109761556,0.03888888888888888,0.1038288171964955,15.0
archinect.com,0.1358333333333333,0.16123438770243081,0.025,0.0700764888226735,15.0
www.neatorama.com,0.03616666666666667,0.23955766943290918,0.06666666666666667,0.1267731382092775,15.0
www.highsnobiety.com,0.2111111111111111,0.27870282479778447,0.01111111111111111,0.043033148291193514,15.0
decider.com,0.075,0.3908552892604335,0.03333333333333333,0.12909944487358055,15.0
www.buzzfeed.com,-0.22547619047619044,0.2704399933216054,0.05952380952380952,0.11977797939005463,14.0
coloradohockeynow.com,-0.00952380952380952,0.4955233047429207,0.0,0.0,14.0
www.esa.int,-0.007738095238095238,0.20853744579898903,0.07738095238095237,0.12853665925203117,14.0
www.wsbtv.com,0.021428571428571425,0.3821569782745777,0.017857142857142856,0.0668153104781061,14.0
www.esquire.com,0.09999999999999999,0.24181030214244847,0.03571428571428571,0.09078412990032037,14.0
kottke.org,0.22242063492063494,0.3801154175162643,0.031746031746031744,0.09171336731728412,14.0
www.palmbeachpost.com,-0.05535714285714286,0.44498159885676547,0.0,0.0,14.0
www.fairobserver.com,0.02529761904761905,0.2310699766227951,0.026785714285714284,0.07236677794022993,14.0
www.spacedaily.com,0.04801587301587302,0.3070600655722219,0.011904761904761904,0.0445435403187374,14.0
www.soompi.com,0.059166666666666666,0.16516341299286894,0.0,0.0,14.0
thenextweb.com,0.09863095238095239,0.13523626332079688,0.041666666666666664,0.10716829164936209,14.0
www.homedit.com,0.12446428571428571,0.2341295041099043,0.08571428571428572,0.13953634193424563,14.0
www.hearthpwn.com,0.060119047619047614,0.2712778122223626,0.05952380952380952,0.15479712194401085,14.0
www.rediff.com,0.0990079365079365,0.3942150638310894,0.10238095238095238,0.2706321456179185,14.0
mymodernmet.com,0.29910714285714285,0.3100100743272243,0.09523809523809523,0.1693916429270603,14.0
mypeoplesreview.com,-0.022619047619047622,0.28462054082383487,0.0,0.0,14.0
sectionhiker.com,0.18660714285714283,0.2020539469211687,0.03571428571428571,0.06083715929561432,14.0
uk.news.yahoo.com,-0.2980769230769231,0.38221688030455114,0.038461538461538464,0.13867504905630726,13.0
theintercept.com,-0.17756410256410257,0.35396864750822693,0.07051282051282051,0.19198691194707612,13.0
ktla.com,0.012820512820512822,0.30670771510857453,0.05128205128205128,0.12517793603313512,13.0
radaronline.com,-0.20897435897435898,0.41493336059202773,0.038461538461538464,0.09388345202485135,13.0
izismile.com,0.11025641025641024,0.2842744550816443,0.11538461538461539,0.29957234475763905,13.0
electrek.co,0.09188034188034187,0.3327530859000485,0.11752136752136752,0.1337733125301872,13.0
www.stltoday.com,-0.029487179487179487,0.39129141871369266,0.15384615384615385,0.2200750972578416,13.0
www.fly4free.com,0.3596153846153846,0.16883472337663188,0.0,0.0,13.0
www.project-syndicate.org,0.1935897435897436,0.3568469470091395,0.038461538461538464,0.13867504905630726,13.0
cointelegraph.com,0.24423076923076922,0.2606390076479196,0.02564102564102564,0.09245003270420485,13.0
www.resilience.org,0.06655982905982906,0.19184309976846947,0.094017094017094,0.230610898516787,13.0
www.slashfilm.com,0.20544871794871794,0.25526507087781597,0.044871794871794865,0.11084369529352937,13.0
www.staradvertiser.com,0.11410256410256409,0.3336176671929229,0.02564102564102564,0.09245003270420485,13.0
www.stateoftheu.com,0.12884615384615383,0.27175304064483824,0.019230769230769232,0.06933752452815363,13.0
dineshkhabar.com,-0.010897435897435899,0.2670003254476926,0.044871794871794865,0.11084369529352937,13.0
www.thewrap.com,0.07371794871794872,0.49041561825912383,0.057692307692307696,0.14978617237881953,13.0
www.foxsports.com,0.16987179487179485,0.2577847773880208,0.0,0.0,13.0
www.nasa.gov,0.09508547008547007,0.16962707919305875,0.08547008547008547,0.1597570567736645,13.0
www.usmagazine.com,-0.029807692307692306,0.2535274644169251,0.028846153846153848,0.10400628679223048,13.0
www.fox6now.com,-0.01865079365079365,0.2564401037922021,0.0,0.0,12.0
www.hitc.com,0.13935185185185184,0.3396824483711043,0.060185185185185175,0.13286604422854345,12.0
www.gamesradar.com,0.11041666666666666,0.3550701488523931,0.0,0.0,12.0
soldiersystems.net,0.09905092592592592,0.2867872382277288,0.09027777777777778,0.244789987636623,12.0
dramabeans.com,0.12986111111111112,0.20001446706935233,0.048611111111111105,0.09030205578756931,12.0
sputnikglobe.com,0.09930555555555554,0.3045210333693056,0.10416666666666667,0.19824036527468977,12.0
www.shtfplan.com,-0.15659722222222222,0.3221194133488836,0.08958333333333333,0.09777350914695192,12.0
streetartutopia.com,0.11805555555555557,0.14799089402326315,0.03125,0.10825317547305482,12.0
reason.com,-0.09444444444444444,0.30379197206240044,0.05555555555555555,0.1297498240269205,12.0
www.themarginalian.org,0.036342592592592586,0.47930144983787126,0.0,0.0,12.0
www.politico.eu,0.03124999999999999,0.33055900388660575,0.041666666666666664,0.14433756729740643,12.0
press.un.org,0.05578703703703703,0.348236817322666,0.037037037037037035,0.09862504051095494,12.0
cleantechnica.com,-0.027083333333333338,0.26124036399028727,0.11805555555555557,0.16839382851364085,12.0
timesofmalta.com,-0.29583333333333334,0.4174916076093535,0.041666666666666664,0.14433756729740646,12.0
oe3.orf.at,0.10208333333333332,0.26510253876680634,0.020833333333333332,0.07216878364870322,12.0
thehackernews.com,-0.03242424242424244,0.3383426629554091,0.12575757575757576,0.15117385803615438,11.0
www.mediafax.ro,0.049242424242424226,0.3469801176151193,0.13636363636363635,0.24515507357795005,11.0
www.wftv.com,0.14469696969696969,0.30051513012549536,0.045454545454545456,0.15075567228888181,11.0
soranews24.com,0.3731060606060606,0.18417763576273727,0.053030303030303025,0.09333874443188751,11.0
www.joblo.com,0.016666666666666666,0.42143933265787037,0.0,0.0,11.0
fox2now.com,0.075,0.3873162646841582,0.16666666666666666,0.22047927592204922,11.0
www.autosport.com,0.14924242424242423,0.2214991392463381,0.0,0.0,11.0
www.autobild.de,0.07727272727272727,0.5422316400904243,0.0,0.0,11.0
techcrunch.com,0.007575757575757574,0.361121988958151,0.0,0.0,11.0
www.bleepingcomputer.com,0.07212121212121211,0.2007888483361604,0.08484848484848485,0.12919721046492913,11.0
scienceblog.com,-0.07575757575757576,0.35965752508954313,0.0606060606060606,0.13483997249264842,11.0
7news.com.au,0.043181818181818175,0.6151311759587248,0.0,0.0,11.0
the-gadgeteer.com,0.1439141414141414,0.19128950227667227,0.05075757575757576,0.10411362285813737,11.0
www.smithsonianmag.com,0.11906565656565657,0.40661870301408043,0.053030303030303025,0.10555887820395198,11.0
www.computerbase.de,-0.006818181818181814,0.2641763452963596,0.08333333333333333,0.12360330811826103,11.0
everything-everywhere.com,-0.003989898989898996,0.2212404448912264,0.04797979797979798,0.08792086534726497,11.0
nymag.com,-0.004924242424242427,0.3805734807398227,0.0303030303030303,0.10050378152592121,11.0
www.thesportingtribune.com,0.20909090909090908,0.3139898827424961,0.022727272727272728,0.07537783614444091,11.0
www.thesunchronicle.com,0.020454545454545447,0.37696455102207255,0.13636363636363635,0.3233348953414316,11.0
www.brit.co,0.06701388888888889,0.22716844169075456,0.0375,0.0843685697138191,10.0
github.com,0.054952380952380954,0.2405280157890982,0.03428571428571429,0.0735247964404525,10.0
nationalpost.com,-0.0935,0.4308006112654283,0.0,0.0,10.0
researchbuzz.me,0.025,0.19164653678511487,0.32666666666666666,0.14102797200870787,10.0
www.core77.com,0.004999999999999999,0.15300236018513644,0.0,0.0,10.0
www.times-news.com,0.14041666666666666,0.16481670046778155,0.0375,0.0843685697138191,10.0
refractor.io,0.0665,0.38226941730591973,0.0,0.0,10.0
www.crikey.com.au,-0.045,0.26132379045312754,0.03333333333333333,0.10540925533894598,10.0
www.fox29.com,0.01083333333333333,0.2541036655373278,0.1,0.13494397557212354,10.0
www.redfin.com,0.022333333333333323,0.3637809000069637,0.0625,0.1132604613215284,10.0
www.ozbargain.com.au,0.15333333333333332,0.3210515131160015,0.05833333333333333,0.12453617650811052,10.0
www.animenewsnetwork.com,0.09666666666666666,0.3417276368363814,0.0,0.0,10.0
www.china-gadgets.de,0.19224999999999998,0.27463557503366903,0.06666666666666667,0.11653431646335016,10.0
www.ladbible.com,-0.13916666666666666,0.32270198957253743,0.05,0.15811388300841897,10.0
www.cincinnati.com,0.01999999999999999,0.33405477483878687,0.03333333333333333,0.10540925533894598,10.0
www.tennessean.com,0.09374999999999999,0.2224586415993369,0.0875,0.1449377260910507,10.0
decrypt.co,0.2725,0.35754758813027643,0.0,0.0,10.0
www.thebiglead.com,-0.0015000000000000042,0.21733294989741225,0.01,0.03162277660168379,10.0
www.menshealth.com,0.26499999999999996,0.20479589357380032,0.0,0.0,10.0
www.punknews.org,-0.022000000000000002,0.16253546621515494,0.0,0.0,10.0
www.rtl.de,-0.15018518518518517,0.1620194699472113,0.046296296296296294,0.0941990275434065,9.0
www.thelocal.com,-0.09537037037037036,0.2809677939454412,0.07407407407407407,0.16896562584161723,9.0
www.democracynow.org,-0.05648148148148148,0.1948012599142971,0.10185185185185185,0.1756820922315766,9.0
www.kino-zeit.de,-0.03148148148148148,0.07747958711656307,0.0,0.0,9.0
toynewsi.com,0.05185185185185184,0.10289032876362296,0.027777777777777776,0.08333333333333334,9.0
www.deseret.com,0.012037037037037044,0.5286104542531097,0.1111111111111111,0.22047927592204924,9.0
winteriscoming.net,-0.047222222222222235,0.38774633747106135,0.0,0.0,9.0
worldsoccertalk.com,-0.04259259259259258,0.5157492601863003,0.018518518518518517,0.05555555555555555,9.0
www.kino.de,0.437037037037037,0.336833475360536,0.037037037037037035,0.1111111111111111,9.0
geektyrant.com,0.1412962962962963,0.24875632010086388,0.05555555555555555,0.11023963796102461,9.0
northern.starweekly.com.au,0.11990740740740741,0.22014217487908538,0.0,0.0,9.0
exystence.net,0.13734567901234568,0.40428146305728896,0.012345679012345678,0.037037037037037035,9.0
www.digitimes.com,0.13925925925925925,0.2575392514732127,0.0,0.0,9.0
www.celebitchy.com,0.08333333333333333,0.30195658260382036,0.037037037037037035,0.1111111111111111,9.0
www.espn.com,0.004629629629629626,0.4733727813504456,0.0,0.0,9.0
www.billboard.com,0.14722222222222223,0.24825781849610384,0.1,0.2,9.0
www.indystar.com,0.0009259259259259226,0.18476920872761013,0.10185185185185185,0.15466012118972283,9.0
www.brownstoner.com,-0.05185185185185185,0.48929118548930645,0.10185185185185185,0.15466012118972283,9.0
socialmediaexplorer.com,0.019444444444444445,0.058333333333333334,0.0,0.0,9.0
stadt-bremerhaven.de,0.14333333333333334,0.12554326390177656,0.0,0.0,9.0
www.freep.com,0.07500000000000001,0.2212747161335881,0.037037037037037035,0.1111111111111111,9.0
www.jw.org,0.4222222222222222,0.37258481510180264,0.0,0.0,9.0
www.orlandosentinel.com,-0.07407407407407407,0.16139821162593276,0.0,0.0,9.0
reactormag.com,0.11249999999999999,0.2975761873900317,0.0,0.0,8.0
www.teltarif.de,0.3239583333333333,0.2528973966927462,0.05,0.1414213562373095,8.0
www.abqjournal.com,-0.02395833333333334,0.3308669918106689,0.041666666666666664,0.1178511301977579,8.0
www.101greatgoals.com,-0.05312499999999999,0.4744239928587086,0.0,0.0,8.0
www.newsweek.com,0.02083333333333333,0.21703265791851373,0.0625,0.1767766952966369,8.0
www.thecoolist.com,0.04587797619047619,0.3031147955378811,0.01,0.028284271247461905,8.0
www.urlaubspiraten.de,0.07375,0.21752713751519728,0.0625,0.11572751247156894,8.0
www.theadvocate.com,-0.0625,0.1767766952966369,0.0,0.0,8.0
www.dwdl.de,0.175,0.22164607852832435,0.03333333333333333,0.09428090415820632,8.0
balloon-juice.com,0.002083333333333331,0.15996961517043723,0.08333333333333333,0.1543033499620919,8.0
www.mlive.com,-0.026562500000000006,0.20641903246620869,0.171875,0.2403262291731209,8.0
sport.orf.at,-0.0703125,0.422350738521155,0.0,0.0,8.0
bitcoinist.com,-0.14930555555555555,0.2700747414350318,0.0,0.0,8.0
www.tomshardware.com,-0.04635416666666666,0.34073215330757833,0.03125,0.08838834764831845,8.0
247wallst.com,0.03645833333333333,0.21417697307052125,0.020833333333333332,0.05892556509887895,8.0
me.pcmag.com,0.21175595238095235,0.18539397361703736,0.041666666666666664,0.1178511301977579,8.0
pix11.com,-0.04166666666666667,0.20275875100994065,0.14583333333333331,0.16517186816085247,8.0
www.droidgamers.com,0.11666666666666665,0.16499158227686106,0.0,0.0,8.0
www.jsonline.com,-0.15416666666666667,0.2281307756389979,0.125,0.23145502494313785,8.0
www.marketbeat.com,0.014583333333333337,0.2450198404664859,0.0,0.0,8.0
freethoughtblogs.com,-0.10190972222222223,0.2427756636744609,0.034722222222222224,0.06598527439807893,8.0
www.fox5ny.com,0.011458333333333327,0.24098580195943442,0.0,0.0,8.0
www.dazeddigital.com,0.1125,0.4365039682359305,0.0625,0.1767766952966369,8.0
www.coindesk.com,-0.018750000000000003,0.2724721479868565,0.0,0.0,8.0
www.hospitalitynet.org,0.20499999999999996,0.20160467366716583,0.0,0.0,8.0
www.iphoneincanada.ca,0.1895833333333333,0.2307144699984521,0.041666666666666664,0.1178511301977579,8.0
www.justjared.com,0.14583333333333334,0.2791711087066639,0.03125,0.08838834764831845,8.0
comicbookmovie.com,0.014583333333333337,0.3105854047613855,0.0,0.0,8.0
www.macrumors.com,-0.018055555555555557,0.3699915390614659,0.05555555555555555,0.15713484026367722,8.0
www.ansa.it,0.033541666666666664,0.11690600450314297,0.0,0.0,8.0
pagesix.com,-0.2125,0.19955307206712847,0.125,0.3535533905932738,8.0
robbreport.com,0.37976190476190474,0.33318945307469083,0.047619047619047616,0.08132500607904443,7.0
incrediblethings.com,0.032857142857142856,0.35966543646905547,0.0642857142857143,0.0873628933373611,7.0
www.autocar.co.uk,0.14523809523809522,0.23779743280283544,0.0994047619047619,0.12342593584904121,7.0
www.contemporist.com,0.23452380952380952,0.20301138967709256,0.047619047619047616,0.12598815766974242,7.0
golfweek.usatoday.com,0.011904761904761894,0.2664433588815144,0.0,0.0,7.0
www.microsoft.com,-0.003571428571428575,0.23784609981197335,0.0,0.0,7.0
disneyparksblog.com,0.2182936507936508,0.334608687851781,0.14365079365079364,0.1250690579375265,7.0
www.barchart.com,0.08095238095238096,0.1412341670669316,0.047619047619047616,0.12598815766974242,7.0
www.the-sun.com,-0.3095238095238095,0.5434677017607789,0.0,0.0,7.0
blogs.edf.org,0.03333333333333333,0.14231876063832774,0.047619047619047616,0.12598815766974242,7.0
de.catholicnewsagency.com,0.10357142857142856,0.3129850732617389,0.06547619047619048,0.1269686250458425,7.0
www.fox5dc.com,-0.11190476190476191,0.2010883088011532,0.11904761904761904,0.15105449452916095,7.0
tech.slashdot.org,-0.18988095238095237,0.42928030549727136,0.023809523809523808,0.06299407883487121,7.0
sneakernews.com,0.2876700680272109,0.1388648140780136,0.0,0.0,7.0
www.hrw.org,-0.06190476190476191,0.20405933362679501,0.0,0.0,7.0
www.sanluisobispo.com,0.02857142857142856,0.2606463273029335,0.09523809523809523,0.16265001215808886,7.0
www.spinmagazine.com,0.04642857142857143,0.2851192547303486,0.0,0.0,7.0
dailyutahchronicle.com,0.0011904761904761943,0.23136213854785997,0.047619047619047616,0.12598815766974242,7.0
landezine.com,0.08904761904761904,0.1907268192381962,0.03571428571428571,0.09449111825230681,7.0
southasiaviews.com,0.005952380952380955,0.24798793493437513,0.0,0.0,7.0
bossip.com,0.04047619047619048,0.24755417343092556,0.0,0.0,7.0
kevinmd.com,-0.09666666666666666,0.35909995513474763,0.011904761904761904,0.031497039417435604,7.0
time.com,-0.16547619047619047,0.400706221801554,0.11904761904761904,0.20892772350933625,7.0
ohnotheydidnt.livejournal.com,0.040952380952380955,0.2542215007204769,0.0,0.0,7.0
www.eonline.com,0.09345238095238094,0.14813378319906542,0.0,0.0,7.0
www.xda-developers.com,0.11666666666666667,0.5920186746303794,0.07142857142857142,0.18898223650461363,7.0
www.upi.com,0.07499999999999998,0.28321075779944044,0.03571428571428571,0.09449111825230681,7.0
www.pcgames.de,-0.006349206349206359,0.2544749409879663,0.09523809523809523,0.16265001215808886,7.0
prospect.org,-0.030000000000000002,0.3094185107824269,0.03571428571428571,0.09449111825230681,7.0
prtimes.jp,0.07142857142857142,0.18898223650461363,0.0,0.0,7.0
pubs.rsc.org,0.004285714285714287,0.011338934190276819,0.0,0.0,7.0
www.artnews.com,-0.16785714285714287,0.2756485858065353,0.0,0.0,7.0
longreads.com,-0.054761904761904776,0.3614162325099595,0.047619047619047616,0.12598815766974242,7.0
www.unexplained-mysteries.com,0.09047619047619047,0.31089136230110853,0.07142857142857142,0.13113263207824052,7.0
www.popularmechanics.com,-0.11666666666666667,0.35681201607403135,0.0,0.0,7.0
observer.com,-0.014285714285714282,0.17491494531696852,0.0,0.0,7.0
oesterreich.orf.at,0.1476190476190476,0.22570436486133869,0.0,0.0,7.0
www.thedailymash.co.uk,0.056944444444444436,0.2564943505261897,0.041666666666666664,0.10206207261596575,6.0
www.cosmopolitan.com,0.04166666666666668,0.18848813696829245,0.05555555555555555,0.13608276348795434,6.0
www.burlingtonfreepress.com,-0.10277777777777779,0.2696534126670066,0.23611111111111108,0.20011570727030972,6.0
www.creativebloq.com,0.30833333333333335,0.3307819019636151,0.0,0.0,6.0
www.zdnet.com,0.22944444444444445,0.18391322430449114,0.06666666666666667,0.16329931618554522,6.0
www.canescountry.com,0.10694444444444444,0.14948213072942,0.0,0.0,6.0
pitchfork.com,0.16666666666666666,0.25819888974716115,0.08333333333333333,0.2041241452319315,6.0
snowboardmag.com,0.08888888888888889,0.2018433569398328,0.08333333333333333,0.2041241452319315,6.0
politicalwire.com,0.061111111111111116,0.25531389540169014,0.0,0.0,6.0
www.gamesindustry.biz,-0.09444444444444444,0.21020272401942172,0.27777777777777773,0.1360827634879543,6.0
www.theweathernetwork.com,0.033333333333333326,0.31251666622224594,0.08333333333333333,0.2041241452319315,6.0
www.desertsun.com,-0.05277777777777778,0.33869302172168086,0.05555555555555555,0.13608276348795434,6.0
hollywoodlife.com,0.0,0.31622776601683794,0.09722222222222221,0.1529039882724765,6.0
english.shannews.org,-0.11944444444444445,0.268828046376338,0.13888888888888887,0.22152668930418765,6.0
www.christiantoday.com,-0.027777777777777773,0.5688845485945541,0.08333333333333333,0.2041241452319315,6.0
news.mit.edu,0.2814814814814815,0.21555746467272174,0.13888888888888887,0.19484086574166867,6.0
news.sankakucomplex.com,-0.044444444444444446,0.32959009334266953,0.05555555555555555,0.13608276348795434,6.0
www.thenewhumanitarian.org,0.0,0.31622776601683794,0.0,0.0,6.0
designyoutrust.com,0.34027777777777773,0.2798023442572486,0.05555555555555555,0.13608276348795434,6.0
siliconangle.com,0.18430555555555553,0.36732154271256773,0.03333333333333333,0.08164965809277261,6.0
www.theblaze.com,-0.10833333333333332,0.29130930488247553,0.0,0.0,6.0
www.newsshooter.com,0.029166666666666664,0.07144345083117602,0.0,0.0,6.0
kffhealthnews.org,0.08333333333333333,0.4915960401250875,0.08333333333333333,0.2041241452319315,6.0
www.loudersound.com,0.18194444444444444,0.4144747903695131,0.08333333333333333,0.2041241452319315,6.0
www.nj.com,-0.11805555555555557,0.3327668798067144,0.0,0.0,6.0
lwn.net,0.08333333333333333,0.2041241452319315,0.0,0.0,6.0
atozsports.com,0.09861111111111111,0.41077219513532837,0.041666666666666664,0.10206207261596575,6.0
madriduniversal.com,0.6333333333333333,0.18596594670351166,0.020833333333333332,0.05103103630798288,6.0
www.rd.com,-0.050396825396825405,0.34913292878963814,0.027777777777777776,0.06804138174397717,6.0
www.backwoodshome.com,0.13198412698412698,0.2197158372324658,0.1111111111111111,0.2721655269759087,6.0
thegadgetflow.com,0.16652777777777775,0.14650788437891382,0.027777777777777776,0.06804138174397717,6.0
www.perlentaucher.de,0.18773148148148147,0.14496278967702883,0.08796296296296297,0.10601750767753587,6.0
thefederalist.com,-0.18194444444444444,0.18336489627293764,0.0,0.0,6.0
www.appgefahren.de,0.25416666666666665,0.209347531365643,0.06944444444444443,0.11076334465209382,6.0
bitrebels.com,0.2722222222222222,0.25811370592276806,0.020833333333333332,0.05103103630798288,6.0
archiveofourown.org,-0.0027777777777777866,0.3477573653931505,0.0,0.0,6.0
www.bmwblog.com,-0.052314814814814814,0.1899676439852768,0.05185185185185185,0.0851046318005634,6.0
msmagazine.com,-0.16111111111111112,0.23726840560069581,0.13194444444444445,0.12476830378597616,6.0
www.androidpolice.com,0.19166666666666665,0.6367233831631023,0.0,0.0,6.0
www.singletracks.com,0.17499999999999996,0.3611324780003409,0.0,0.0,6.0
www.nydailynews.com,0.030555555555555555,0.22371029546334315,0.0,0.0,6.0
stylebyemilyhenderson.com,0.3069444444444444,0.4950986620716977,0.08333333333333333,0.2041241452319315,6.0
www.sfchronicle.com,0.27777777777777773,0.18429043101301532,0.08333333333333333,0.2041241452319315,6.0
www.bluetracker.gg,-0.03944444444444445,0.1879410861196983,0.0,0.0,6.0
www.artsjournal.com,0.395,0.2532839864219169,0.0,0.0,5.0
www.tmonews.com,0.02666666666666666,0.14653403093555512,0.0,0.0,5.0
www.ocregister.com,-0.2783333333333333,0.4161496792688366,0.0,0.0,5.0
www.disneytouristblog.com,0.3091666666666666,0.4598497641138413,0.0,0.0,5.0
www.positivityblog.com,0.5133333333333334,0.316480208263048,0.0,0.0,5.0
www.portlandmercury.com,0.4176388888888889,0.12483360839113246,0.0,0.0,5.0
www.pressconnects.com,-0.026666666666666665,0.14759648445075588,0.05,0.11180339887498948,5.0
tim.blog,-0.008666666666666666,0.11779454807229217,0.37333333333333335,0.2100264533603115,5.0
www.masslive.com,-0.17166666666666666,0.4710950599990999,0.06666666666666667,0.14907119849998596,5.0
www.pockettactics.com,0.15,0.17716909687891083,0.0,0.0,5.0
www.transfermarkt.de,0.15166666666666667,0.15211472278806182,0.0,0.0,5.0
www.artofmanliness.com,0.12214285714285715,0.10774171264645335,0.08333333333333333,0.11785113019775792,5.0
www.wonkette.com,-0.34833333333333333,0.38389451676209185,0.11666666666666665,0.16244657241348273,5.0
www.dispatch.com,-0.12333333333333334,0.2961793750790595,0.2333333333333333,0.32489314482696546,5.0
www.pcworld.com,-0.011000000000000001,0.3946440027276341,0.055999999999999994,0.1252198067399882,5.0
www.decanter.com,0.09333333333333332,0.20869967789998037,0.05,0.11180339887498948,5.0
www.fox32chicago.com,-0.034999999999999996,0.3731621631409058,0.05,0.1118033988749895,5.0
www.fox2detroit.com,-0.023333333333333334,0.20869967789998037,0.2333333333333333,0.22360679774997896,5.0
www.advocate.com,-0.1483333333333333,0.4411317515462044,0.1,0.223606797749979,5.0
www.essentiallysports.com,-0.1733333333333333,0.2996757506965746,0.04,0.0894427190999916,5.0
www.abc4.com,0.06999999999999999,0.20109077552190205,0.0,0.0,5.0
www.skysports.com,0.15166666666666667,0.3391369765874681,0.05,0.1118033988749895,5.0
www.prnewswire.co.uk,0.23833333333333334,0.17946680287265757,0.0,0.0,5.0
thediplomat.com,-0.1,0.223606797749979,0.1,0.223606797749979,5.0
www.si.com,0.33999999999999997,0.4083503397819083,0.1,0.22360679774997896,5.0
www.amazon.co.jp,0.13999999999999999,0.31304951684997057,0.0,0.0,5.0
www.carriermanagement.com,0.07666666666666667,0.24198255217175382,0.21666666666666665,0.30956959368344517,5.0
www.saastr.com,0.034999999999999996,0.07826237921249264,0.03333333333333333,0.07453559924999298,5.0
www.rumbleinthegarden.com,0.31666666666666665,0.4109609335312651,0.0,0.0,5.0
www.newsnationnow.com,0.0,0.24748737341529164,0.0,0.0,5.0
www.bloomberg.com,-0.004999999999999993,0.3718198488515641,0.05,0.11180339887498948,5.0
www.techdirt.com,-0.0025000000000000022,0.30860911090460913,0.03333333333333333,0.07453559924999298,5.0
www.koin.com,-0.17666666666666667,0.42778499272414877,0.0,0.0,5.0
www.registerguard.com,0.023333333333333334,0.20869967789998037,0.06666666666666667,0.14907119849998596,5.0
www.clickondetroit.com,0.01333333333333333,0.2246602372967282,0.05,0.1118033988749895,5.0
theecologist.org,-0.24,0.3361547262794322,0.0,0.0,5.0
paultan.org,0.12833333333333333,0.2037495739600181,0.06666666666666667,0.14907119849998596,5.0
www.goerie.com,0.06999999999999999,0.15652475842498528,0.16666666666666666,0.23570226039551584,5.0
securityaffairs.com,-0.010833333333333334,0.18473892990439839,0.0,0.0,5.0
www.gematsu.com,0.1,0.223606797749979,0.0,0.0,5.0
thehillstimes.in,0.12,0.23552541735919336,0.18333333333333332,0.29107081994288303,5.0
www.azcentral.com,-0.15,0.22360679774997896,0.0,0.0,5.0
www.geeksaresexy.net,0.049444444444444444,0.43006423579923525,0.03333333333333333,0.07453559924999298,5.0
www.rbb24.de,0.019999999999999997,0.21389249636207439,0.0,0.0,5.0
www.r-bloggers.com,0.19233333333333333,0.23058380014408839,0.06666666666666667,0.09128709291752768,5.0
www.jsg.utexas.edu,0.04333333333333333,0.23676054476106348,0.0,0.0,5.0
ritholtz.com,0.11833333333333333,0.09902300518341965,0.03333333333333333,0.07453559924999298,5.0
thequietus.com,0.06,0.27197834881148575,0.0,0.0,5.0
www.northjersey.com,0.11333333333333333,0.15916448515084428,0.05,0.1118033988749895,5.0
1000mg.jp,0.04666666666666666,0.10434983894999018,0.0,0.0,5.0
kdvr.com,0.20999999999999996,0.3130495168499705,0.0,0.0,5.0
capitalbnews.org,0.125,0.3020761493398643,0.2,0.27386127875258304,5.0
guessingheadlights.com,0.13999999999999999,0.2699279739321419,0.03333333333333333,0.07453559924999298,5.0
heavy.com,-0.15047619047619046,0.41014073133637163,0.13333333333333333,0.18257418583505536,5.0
futurezone.at,0.039999999999999994,0.18506755523321747,0.0,0.0,5.0
ftw.usatoday.com,0.19333333333333333,0.42206502921811573,0.0,0.0,5.0
fox5sandiego.com,0.2633333333333333,0.2534210374499761,0.1,0.223606797749979,5.0
bitcoinfoundation.org,0.04333333333333334,0.26551836094703507,0.03333333333333333,0.07453559924999298,5.0
noblepig.com,0.018666666666666665,0.21283274601850574,0.0,0.0,5.0
lastwordonnothing.com,0.024999999999999988,0.24946052905330646,0.03333333333333333,0.07453559924999298,5.0
lenscratch.com,0.3252380952380952,0.3034364779408117,0.0,0.0,5.0
djmag.com,0.0,0.0,0.0,0.0,5.0
earmilk.com,0.12249999999999998,0.1548857105524371,0.0,0.0,5.0
hackread.com,-0.17083333333333334,0.19737865470545016,0.0,0.0,4.0
www.computerweekly.com,0.425,0.4173328008516305,0.08333333333333333,0.16666666666666666,4.0
apod.nasa.gov,-0.004583333333333342,0.17360755551914592,0.0,0.0,4.0
www.wgal.com,-0.2125,0.25289984842489194,0.0,0.0,4.0
tagn.wordpress.com,0.12083333333333332,0.13969212178533508,0.0625,0.125,4.0
www.rnz.co.nz,-0.018750000000000003,0.037500000000000006,0.0,0.0,4.0
www.rigzone.com,-0.175,0.20207259421636903,0.0,0.0,4.0
www.vanityfair.com,0.23124999999999998,0.49639324129161955,0.0,0.0,4.0
gardenrant.com,0.12291666666666667,0.1087332362558324,0.041666666666666664,0.08333333333333333,4.0
www.denofgeek.com,0.025000000000000005,0.05000000000000001,0.0,0.0,4.0
www.realtor.com,-0.07500000000000001,0.35237290853109954,0.0,0.0,4.0
www.realmenrealstyle.com,0.23958333333333334,0.17096878099253698,0.0,0.0,4.0
berwicknews.starcommunity.com.au,0.05833333333333332,0.296116843805254,0.0,0.0,4.0
www.postingandtoasting.com,-0.25,0.24916527312876754,0.0,0.0,4.0
www.desmoinesregister.com,-0.10624999999999998,0.47538361702243515,0.29166666666666663,0.3435921354681384,4.0
www.detroitnews.com,0.05833333333333333,0.11666666666666665,0.0,0.0,4.0
spectrum.ieee.org,-0.012499999999999997,0.28686524130097507,0.0,0.0,4.0
environment.yale.edu,0.07916666666666666,0.345707808544859,0.0625,0.125,4.0
www.claimsjournal.com,0.21041666666666664,0.3331509917940112,0.125,0.25,4.0
www.quantamagazine.org,-0.28125,0.13094651862779988,0.0,0.0,4.0
football-italia.net,0.3583333333333333,0.35862391318916687,0.0,0.0,4.0
netzpolitik.org,0.09375,0.08371440647733133,0.0,0.0,4.0
www.wearegreenbay.com,0.18854166666666666,0.18946119386692747,0.0,0.0,4.0
www.entrepreneur.com,0.1475,0.37016888037759194,0.0,0.0,4.0
www.profootballnetwork.com,0.025,0.23313483620396985,0.08333333333333333,0.16666666666666666,4.0
backpackinglight.com,-0.02291666666666667,0.3331509917940112,0.0,0.0,4.0
www.powerlineblog.com,-0.009375000000000001,0.018750000000000003,0.14583333333333331,0.1717960677340692,4.0
zacjohnson.com,0.08333333333333333,0.135400640077266,0.0,0.0,4.0
www.twincities.com,-0.30833333333333335,0.2525792871482068,0.0,0.0,4.0
hbr.org,0.23124999999999998,0.28238198124762376,0.0,0.0,4.0
whatever.scalzi.com,0.21958333333333332,0.11416666666666664,0.0,0.0,4.0
www.tampabay.com,0.24166666666666664,0.06871842709362767,0.125,0.25,4.0
loudwire.com,0.05833333333333333,0.11666666666666665,0.08333333333333333,0.16666666666666666,4.0
www.techspot.com,0.02291666666666667,0.2595736354528753,0.06666666666666667,0.13333333333333333,4.0
www.techtarget.com,-0.13333333333333336,0.4642796092394706,0.0,0.0,4.0
whyevolutionistrue.com,-0.26979166666666665,0.34141886338891375,0.0,0.0,4.0
tomdispatch.com,-0.09583333333333333,0.19166666666666665,0.0,0.0,4.0
lezec.cz,-0.004166666666666673,0.19737865470545016,0.0,0.0,4.0
energyskeptic.com,0.075,0.15000000000000002,0.08125,0.09868932735272509,4.0
www.theroot.com,-0.19583333333333333,0.22623119934163713,0.08333333333333333,0.16666666666666666,4.0
triplepundit.com,0.15312499999999998,0.333669535313454,0.03125,0.0625,4.0
www.thepinknews.com,-0.17916666666666667,0.5370314495239341,0.0,0.0,4.0
www.thenewstribune.com,-0.018750000000000003,0.354362690850302,0.0,0.0,4.0
www.thenakedscientists.com,0.20833333333333331,0.47110980083675236,0.16666666666666666,0.3333333333333333,4.0
www.thelineofbestfit.com,0.18749999999999997,0.1887458608817687,0.0,0.0,4.0
www.thestranger.com,-0.14875,0.10570201827149123,0.0,0.0,4.0
www.surfer.com,-0.1,0.4636809247747852,0.0625,0.125,4.0
www.anothermag.com,-0.0875,0.175,0.0,0.0,4.0
www.thurrott.com,0.29166666666666663,0.04811252243246879,0.0,0.0,4.0
abc7.com,-0.09583333333333333,0.18390063742261592,0.0625,0.125,4.0
ablissfulnest.com,0.12942708333333333,0.20097486476512708,0.07291666666666666,0.0858980338670346,4.0
www.basicthinking.de,0.13749999999999996,0.28394541729001366,0.0625,0.125,4.0
themomedit.com,0.3104166666666667,0.09412732708254126,0.0,0.0,4.0
thehill.com,-0.15416666666666667,0.4767511580129267,0.0,0.0,4.0
www.blessthisstuff.com,0.21874999999999997,0.21499084821176645,0.020833333333333332,0.041666666666666664,4.0
mediatakeout.com,-0.23958333333333331,0.17682579311602453,0.0,0.0,4.0
meh.com,0.04611111111111111,0.16721760790975848,0.03333333333333333,0.06666666666666667,4.0
www.tri-cityherald.com,0.0,0.0,0.08333333333333333,0.16666666666666666,4.0
www.slashgear.com,0.008333333333333335,0.01666666666666667,0.1111111111111111,0.15713484026367722,4.0
afuse8production.slj.com,0.0005208333333333384,0.13693460143237884,0.0,0.0,4.0
www.tvline.com,0.125,0.25,0.0,0.0,4.0
www.tweaktown.com,0.12083333333333332,0.13969212178533508,0.0,0.0,4.0
www.playstationlifestyle.net,0.060416666666666674,0.39011958043276557,0.0,0.0,4.0
www.derstandard.de,0.15729166666666666,0.34004314472986774,0.0,0.0,4.0
www.japantimes.co.jp,0.0875,0.3350994877147183,0.0,0.0,4.0
www.heraldtribune.com,-0.05,0.2151657414559676,0.0,0.0,4.0
www.holidaypirates.com,0.2125,0.17618645426554977,0.0625,0.125,4.0
roundtable.io,-0.12499999999999999,0.2723355773061365,0.0,0.0,4.0
www.wmur.com,-0.018750000000000003,0.037500000000000006,0.125,0.25,4.0
www.hollywoodreporter.com,0.06874999999999999,0.19080421903092185,0.0,0.0,4.0
www.hoover.org,-0.08333333333333333,0.16666666666666666,0.0,0.0,4.0
www.houzz.com,0.20416666666666666,0.2646188733785785,0.0,0.0,4.0
dailyhive.com,0.04375,0.0875,0.0,0.0,4.0
dailygenius.com,0.2025,0.3483439658132727,0.0,0.0,4.0
www.infosecurity-magazine.com,-0.175,0.20207259421636903,0.0,0.0,4.0
www.insidehighered.com,-0.10833333333333334,0.2351122663277647,0.041666666666666664,0.08333333333333333,4.0
blogs.fangraphs.com,0.42916666666666664,0.3400367627183861,0.0,0.0,4.0
www.irishtimes.comhttps:,-0.037500000000000006,0.34970225430595475,0.125,0.25,4.0
www.fresnobee.com,0.07083333333333333,0.31896098681674395,0.0,0.0,4.0
nyc.streetsblog.org,0.3208333333333333,0.28975564417856187,0.22916666666666666,0.3145764348029479,4.0
www.news-journalonline.com,-0.22499999999999998,0.27672020900916156,0.0,0.0,4.0
www.jpost.com,-0.2722222222222222,0.3898401065077518,0.0,0.0,4.0
coolhunting.com,0.1645833333333333,0.20552270758564206,0.0,0.0,4.0
www.wsoctv.com,-0.375,0.47871355387816905,0.125,0.25,4.0
commercialobserver.com,0.0625,0.24883990093290165,0.0,0.0,4.0
www.msnbc.com,-0.290625,0.46894748926205504,0.03125,0.0625,4.0
www.lightspeedmagazine.com,0.08541666666666667,0.32916666666666666,0.06666666666666667,0.13333333333333333,4.0
ca.news.yahoo.com,-0.10624999999999998,0.47538361702243515,0.0,0.0,4.0
www.madshrimps.be,0.10312499999999998,0.32212717108597316,0.0,0.0,4.0
www.miamiherald.com,-0.23958333333333331,0.2092065035105532,0.0625,0.125,4.0
www.marcandangel.com,0.19083333333333335,0.3166067194719891,0.0,0.0,4.0
www.metafilter.com,-0.22083333333333333,0.19784721003470965,0.041666666666666664,0.08333333333333333,4.0
www.mcsweeneys.net,0.15555555555555556,0.27877598422876393,0.08333333333333333,0.16666666666666666,4.0
www.oklahoman.com,0.025,0.23313483620396983,0.0,0.0,4.0
uncrate.com,-0.13124999999999998,0.26249999999999996,0.0,0.0,4.0
science.slashdot.org,-0.04583333333333333,0.3001157184228184,0.0,0.0,4.0
www.gameswelt.de,-0.018750000000000003,0.37824980722621215,0.0,0.0,4.0
scilogs.spektrum.de,-0.029166666666666674,0.2056493779875511,0.012499999999999999,0.024999999999999994,4.0
www.parkrecord.com,0.44791666666666663,0.32234492395569064,0.0625,0.125,4.0
www.ghacks.net,0.0875,0.175,0.1875,0.125,4.0
www.discountfan.de,0.09444444444444444,0.16358257627039396,0.0,0.0,3.0
bulinews.com,0.18888888888888888,0.37168285963728287,0.0,0.0,3.0
www.poundingtherock.com,-0.04722222222222222,0.4975169827736015,0.0,0.0,3.0
www.statesman.com,0.14259259259259258,0.18378171879871252,0.0,0.0,3.0
www.naplesnews.com,0.07777777777777777,0.13471506281091267,0.0,0.0,3.0
www.myrtlebeachonline.com,0.01944444444444444,0.20485993408324765,0.0,0.0,3.0
www.superpunch.net,0.125,0.33071891388307384,0.041666666666666664,0.07216878364870323,3.0
www.spin.com,0.33888888888888885,0.23308518550886864,0.0,0.0,3.0
www.androidcentral.com,0.40972222222222215,0.3580505990519796,0.0,0.0,3.0
www.amusingplanet.com,0.16666666666666666,0.2886751345948129,0.0,0.0,3.0
www.amazinavenue.com,0.07083333333333333,0.12268693220279547,0.0,0.0,3.0
www.autoexpress.co.uk,0.0,0.0,0.0,0.0,3.0
www.knoxnews.com,0.0,0.0,0.1111111111111111,0.19245008972987526,3.0
www.syracuse.com,0.2333333333333333,0.40414518843273806,0.0,0.0,3.0
www.barcablaugranes.com,0.16666666666666666,0.2886751345948129,0.0,0.0,3.0
inthesetimes.com,-0.23750000000000002,0.2375,0.08333333333333333,0.14433756729740646,3.0
bringmethenews.com,0.05833333333333333,0.26731691553909065,0.16666666666666666,0.2886751345948129,3.0
www.khon2.com,0.0,0.35,0.0,0.0,3.0
www.spacewar.com,-0.11666666666666665,0.30867098629086887,0.0,0.0,3.0
www.southernsavers.com,0.005555555555555564,0.20688384645961588,0.10185185185185186,0.04009376869372402,3.0
www.behindthesteelcurtain.com,0.16666666666666666,0.0,0.0,0.0,3.0
www.bellingcat.com,0.17499999999999996,0.05833333333333333,0.05555555555555555,0.09622504486493763,3.0
insideclimatenews.org,-0.5,0.5,0.0,0.0,3.0
www.bikeexif.com,0.05000000000000001,0.14813657362192648,0.05555555555555555,0.09622504486493763,3.0
www.keloland.com,0.05833333333333333,0.10103629710818451,0.0,0.0,3.0
inrng.com,0.1597222222222222,0.30969107965005194,0.044444444444444446,0.041943524640393054,3.0
www.allaboutthejersey.com,-0.2833333333333333,0.4907477288111819,0.1111111111111111,0.19245008972987526,3.0
www.ladowntownnews.com,0.19999999999999998,0.18027756377319945,0.08333333333333333,0.14433756729740646,3.0
www.blogger.com,0.2222222222222222,0.19245008972987526,0.0,0.0,3.0
www.macerkopf.de,0.25555555555555554,0.2873892701417236,0.0,0.0,3.0
chicagoreader.com,0.11666666666666665,0.20207259421636903,0.0,0.0,3.0
www.theimpulsivebuy.com,0.0574074074074074,0.09943254636043553,0.08518518518518518,0.14754506879290435,3.0
www.thehollywoodgossip.com,0.2222222222222222,0.3849001794597505,0.0,0.0,3.0
www.marketplace.org,0.10694444444444444,0.11787567995954858,0.125,0.21650635094610965,3.0
laut.de,0.0,0.0,0.0,0.0,3.0
bikecommuters.com,0.35833333333333334,0.36429154990657314,0.0,0.0,3.0
viewfromthewing.com,0.10555555555555556,0.48657913976994455,0.037037037037037035,0.06415002990995841,3.0
www.fox5atlanta.com,-0.16666666666666666,0.2886751345948129,0.0,0.0,3.0
www.politico.com,0.19999999999999998,0.18027756377319945,0.08333333333333333,0.14433756729740646,3.0
warontherocks.com,0.06666666666666667,0.11547005383792516,0.08333333333333333,0.14433756729740646,3.0
www.mancity.com,0.21388888888888888,0.23575135991909718,0.0,0.0,3.0
bengreenfieldlife.com,-0.08,0.6699440275127467,0.18333333333333335,0.16072751268321592,3.0
wgntv.com,-0.07777777777777777,0.13471506281091267,0.1111111111111111,0.19245008972987526,3.0
www.lawyersgunsmoneyblog.com,0.1898148148148148,0.19763910036166815,0.06666666666666667,0.11547005383792516,3.0
www.mobiflip.de,0.21388888888888888,0.23575135991909715,0.0,0.0,3.0
whdh.com,-0.27777777777777773,0.2545875386086578,0.0,0.0,3.0
cnalifestyle.channelnewsasia.com,0.04666666666666666,0.0808290376865476,0.06666666666666667,0.11547005383792516,3.0
coinjournal.net,0.0,0.0,0.0,0.0,3.0
words.filippo.io,0.0,0.0,0.0,0.0,3.0
www.2822news.com,0.1361111111111111,0.1214305166355244,0.19444444444444442,0.17347216662217774,3.0
www.linksdv.com,-0.025000000000000005,0.04330127018922194,0.0,0.0,3.0
www.abajournal.com,0.0,0.0,0.0,0.0,3.0
www.techpowerup.com,0.32638888888888884,0.20793016544913273,0.0,0.0,3.0
www.postcrescent.com,0.0,0.0,0.0,0.0,3.0
www.abendblatt.de,0.2833333333333333,0.25658007197234417,0.0,0.0,3.0
digiday.com,0.033333333333333326,0.12829003598617209,0.1111111111111111,0.19245008972987526,3.0
www.kcra.com,0.0,0.0,0.0,0.0,3.0
adventure.com,0.19444444444444442,0.1734721666221777,0.0,0.0,3.0
www.powder.com,-0.0888888888888889,0.3746603400019414,0.0,0.0,3.0
archaeology.org,0.16666666666666666,0.2886751345948129,0.1111111111111111,0.19245008972987526,3.0
www.courier-journal.com,0.0,0.0,0.3444444444444444,0.15030832509409647,3.0
www.covers.com,0.0,0.0,0.0,0.0,3.0
www.cracked.com,0.16666666666666666,0.2886751345948129,0.0,0.0,3.0
www.pallia.net,-0.075,0.09013878188659973,0.125,0.125,3.0
blog.livedoor.jp,-0.025000000000000005,0.04330127018922194,0.0,0.0,3.0
www.cultofmac.com,0.1722222222222222,0.256218945724449,0.1111111111111111,0.19245008972987526,3.0
www.remodelista.com,0.36296296296296293,0.44226316579490316,0.037037037037037035,0.06415002990995841,3.0
geekdad.com,0.11666666666666665,0.20207259421636903,0.0,0.0,3.0
www.dallasobserver.com,-0.08333333333333333,0.14433756729740646,0.25,0.25,3.0
www.eia.gov,0.15555555555555553,0.26943012562182533,0.1111111111111111,0.19245008972987526,3.0
gcaptain.com,-0.3333333333333333,0.2886751345948129,0.0,0.0,3.0
www.darkhorizons.com,0.07777777777777777,0.13471506281091267,0.0,0.0,3.0
gbdmagazine.com,0.1361111111111111,0.1214305166355244,0.0,0.0,3.0
www.helpnetsecurity.com,0.1361111111111111,0.1214305166355244,0.0,0.0,3.0
dappered.com,0.2333333333333333,0.20207259421636903,0.1111111111111111,0.19245008972987526,3.0
www.defenseone.com,-0.2611111111111111,0.41376769291923177,0.16666666666666666,0.2886751345948129,3.0
www.democratandchronicle.com,0.07777777777777777,0.13471506281091267,0.0,0.0,3.0
www.grubstreet.com,-0.1111111111111111,0.19245008972987526,0.0,0.0,3.0
www.providencejournal.com,-0.07777777777777777,0.13471506281091267,0.08333333333333333,0.14433756729740646,3.0
www.edf.org,0.2833333333333333,0.25658007197234417,0.0,0.0,3.0
www.overdriveonline.com,-0.07777777777777777,0.13471506281091267,0.16666666666666666,0.2886751345948129,3.0
www.themarthablog.com,0.06833333333333332,0.1871051397833136,0.0,0.0,3.0
www.openstreetmap.org,0.3444444444444444,0.22194427061597977,0.06666666666666667,0.11547005383792516,3.0
athlonsports.com,-0.07777777777777777,0.13471506281091267,0.0,0.0,3.0
www.hilobrow.com,0.30833333333333335,0.26964482812272395,0.0,0.0,3.0
fox4kc.com,-0.11666666666666665,0.20207259421636903,0.0,0.0,3.0
www.elpasotimes.com,0.0,0.606217782649107,0.0,0.0,3.0
www.nextgov.com,0.32499999999999996,0.35266839949164713,0.0,0.0,3.0
globalnews.ca,-0.06666666666666665,0.6027713773341707,0.16666666666666666,0.2886751345948129,3.0
blogs.cisco.com,0.31111111111111106,0.35642255405212087,0.0,0.0,3.0
www.sneakerfiles.com,0.05833333333333333,0.10103629710818451,0.0,0.0,3.0
iasbaba.com,0.09333333333333332,0.0808290376865476,0.0,0.0,3.0
www.bolde.com,0.16666666666666666,0.5444798741306545,0.0,0.0,3.0
www.press.bmwgroup.com,0.38888888888888884,0.09622504486493762,0.0,0.0,3.0
www.br.de,0.0861111111111111,0.30165438894597635,0.1111111111111111,0.19245008972987526,3.0
www.slcdunk.com,-0.16666666666666666,0.2886751345948129,0.0,0.0,3.0
www.patheos.com,0.2222222222222222,0.3849001794597505,0.0,0.0,3.0
extratv.com,0.04666666666666666,0.0808290376865476,0.0,0.0,3.0
hiconsumption.com,0.375,0.04330127018922194,0.0,0.0,3.0
agwired.com,-0.03333333333333333,0.28480012484391765,0.08333333333333333,0.14433756729740646,3.0
www.cartoonbrew.com,0.2333333333333333,0.20207259421636903,0.0,0.0,3.0
www.catholicnewsagency.com,0.06666666666666667,0.20966242709015206,0.0,0.0,3.0
www.news.com.au,-0.5416666666666666,0.2649685515930774,0.0,0.0,3.0
www.euractiv.com,0.2333333333333333,0.40414518843273806,0.0,0.0,3.0
www.severe-weather.eu,0.2583333333333333,0.4474464586219599,0.0,0.0,3.0
www.itsnicethat.com,0.18888888888888888,0.32716515254078793,0.0,0.0,3.0
www.islands.com,0.37222222222222223,0.5809674243433518,0.0,0.0,3.0
www.chron.com,-0.10277777777777779,0.1780163330001346,0.1111111111111111,0.19245008972987526,3.0
www.scmp.com,0.19444444444444442,0.17821127702606043,0.0,0.0,3.0
www.citizen-times.com,0.07777777777777777,0.13471506281091267,0.2222222222222222,0.19245008972987526,3.0
ambcrypto.com,0.0,0.0,0.0,0.0,3.0
www.equinechronicle.com,0.14222222222222222,0.2494735197110848,0.0,0.0,3.0
flowingdata.com,-0.03333333333333334,0.05773502691896259,0.08333333333333333,0.14433756729740646,3.0
www.coloradoan.com,-0.13333333333333333,0.23094010767585033,0.0,0.0,3.0
www.complex.com,0.03888888888888889,0.29360467248275135,0.0,0.0,3.0
www.pjstar.com,0.07777777777777777,0.13471506281091267,0.3333333333333333,0.5773502691896258,3.0
www.caller.com,0.11666666666666665,0.20207259421636903,0.16666666666666666,0.2886751345948129,3.0
www.waz.de,0.08611111111111112,0.3050880261559009,0.16666666666666666,0.16666666666666666,3.0
order-order.com,-0.0462962962962963,0.1849535588466498,0.0,0.0,3.0
mynintendonews.com,0.31111111111111106,0.26943012562182533,0.0,0.0,3.0
smartbitchestrashybooks.com,0.38000000000000006,0.2078460969082653,0.3333333333333333,0.2886751345948129,3.0
singularityhub.com,-0.07222222222222222,0.3690578595609416,0.1111111111111111,0.19245008972987526,3.0
thepeoplesperson.com,0.038888888888888896,0.5334201318257842,0.0,0.0,3.0
luminous-landscape.com,0.17500000000000002,0.07499999999999998,0.08333333333333333,0.14433756729740646,3.0
opiniojuris.org,-0.1111111111111111,0.19245008972987526,0.0,0.0,3.0
smallwarsjournal.com,-0.09444444444444444,0.16358257627039396,0.0,0.0,3.0
www.vvdailypress.com,-0.07777777777777777,0.37503086292750376,0.0,0.0,3.0
www.woodtv.com,-0.025000000000000005,0.04330127018922194,0.3333333333333333,0.2886751345948129,3.0
www.wallpaper.com,0.2833333333333333,0.25658007197234417,0.0,0.0,3.0
theartfulage.com,0.18999999999999997,0.4156253654969153,0.19999999999999998,0.2645751311064591,3.0
www.westernjournal.com,-0.22777777777777777,0.19743728493240958,0.0,0.0,3.0
researchonline.lse.ac.uk,0.0,0.0,0.047619047619047616,0.08247860988423225,3.0
loyaltylobby.com,0.07777777777777777,0.13471506281091267,0.0,0.0,3.0
richmondmagazine.com,-0.05833333333333333,0.26731691553909065,0.08333333333333333,0.14433756729740646,3.0
touringplans.com,0.0,0.0,0.16666666666666666,0.2886751345948129,3.0
www.thestreet.com,0.075,0.23199018178458425,0.16666666666666666,0.2886751345948129,3.0
www1.wdr.de,0.0,0.0,0.0,0.0,3.0
pezcyclingnews.com,0.0,0.0,0.08333333333333333,0.14433756729740646,3.0
www.vintag.es,-0.05555555555555556,0.41943524640393054,0.0,0.0,3.0
www.themeparkinsider.com,0.19444444444444442,0.17347216662217774,0.0,0.0,3.0
6abc.com,0.0,0.35,0.0,0.0,3.0
sempreinter.com,0.25,0.25,0.0,0.0,3.0
www.trendwatching.com,-0.07777777777777777,0.13471506281091267,0.0,0.0,3.0
shows.acast.com,0.16666666666666666,0.2886751345948129,0.0,0.0,3.0
thegatewithbriancohen.com,-0.19444444444444442,0.17821127702606043,0.0,0.0,3.0
www.womansworld.com,0.16666666666666666,0.2886751345948129,0.1111111111111111,0.19245008972987526,3.0
www.whats-on-netflix.com,0.1486111111111111,0.12912185602640516,0.0,0.0,3.0
mobilesyrup.com,0.22777777777777777,0.3417005403262618,0.0,0.0,3.0
shop.uncrate.com,0.16666666666666666,0.2886751345948129,0.0,0.0,3.0
annvoskamp.com,-0.1333333333333333,0.3064129385141705,0.0,0.0,2.0
answersingenesis.org,-0.275,0.31819805153394637,0.16666666666666666,0.23570226039551584,2.0
tech.yahoo.com,1.0,0.0,0.0,0.0,2.0
golf.com,-0.11666666666666665,0.1649915822768611,0.0,0.0,2.0
www.royalsreview.com,0.25,0.3535533905932738,0.0,0.0,2.0
mmajunkie.usatoday.com,-0.175,0.24748737341529162,0.0,0.0,2.0
greeknetwork.gr,0.22361111111111112,0.4222998832086326,0.05555555555555555,0.07856742013183861,2.0
uk.finance.yahoo.com,0.175,0.24748737341529162,0.25,0.3535533905932738,2.0
www.houstonchronicle.com,-0.12499999999999997,0.31819805153394637,0.0,0.0,2.0
www.rogerebert.com,-0.25,0.3535533905932738,0.0,0.0,2.0
www.courierpress.com,0.175,0.24748737341529162,0.25,0.3535533905932738,2.0
www.vampyvarnish.com,0.22999999999999998,0.08956685895029602,0.0,0.0,2.0
www.register-herald.com,0.26249999999999996,0.12374368670764584,0.0,0.0,2.0
rokerreport.sbnation.com,0.058333333333333334,0.41247895569215265,0.0,0.0,2.0
www.horizont.net,0.2125,0.05303300858899107,0.0,0.0,2.0
moonbattery.com,-0.07916666666666666,0.35944594710316163,0.0,0.0,2.0
robohub.org,0.26944444444444443,0.11392275919116597,0.05555555555555555,0.07856742013183861,2.0
www.rferl.org,0.08333333333333333,0.21213203435596423,0.08333333333333333,0.11785113019775792,2.0
www.crossville-chronicle.com,0.4395833333333333,0.3211443297888903,0.0,0.0,2.0
stylegirlfriend.com,0.55,0.17677669529663695,0.125,0.1767766952966369,2.0
www.utilitydive.com,-0.175,0.24748737341529162,0.0,0.0,2.0
www.cricketnews.com,0.0,0.0,0.0,0.0,2.0
www.housedigest.com,0.4166666666666667,0.5892556509887896,0.08333333333333333,0.11785113019775792,2.0
www.uticaod.com,0.0,0.0,0.25,0.3535533905932738,2.0
www.idahostatesman.com,-0.041666666666666664,0.05892556509887896,0.08333333333333333,0.11785113019775792,2.0
nextcity.org,0.225,0.03535533905932737,0.0,0.0,2.0
www.cnx-software.com,0.47500000000000003,0.6010407640085654,0.0,0.0,2.0
www.ubergizmo.com,0.11666666666666665,0.1649915822768611,0.0,0.0,2.0
technode.com,0.11666666666666665,0.1649915822768611,0.0,0.0,2.0
hiphopdx.com,0.2125,0.30052038200428266,0.16666666666666666,0.23570226039551584,2.0
www.canonrumors.com,0.06666666666666665,0.09428090415820632,0.0,0.0,2.0
drunkenstepfather.com,0.4375,0.08838834764831845,0.0625,0.08838834764831845,2.0
www.newsminer.com,0.26249999999999996,0.12374368670764578,0.125,0.1767766952966369,2.0
cgpersia.com,-0.0625,0.08838834764831845,0.0,0.0,2.0
www.c-sharpcorner.com,0.11666666666666665,0.1649915822768611,0.0,0.0,2.0
www.tristatehomepage.com,-0.11666666666666665,0.1649915822768611,0.08333333333333333,0.11785113019775792,2.0
www.businessinsider.de,-0.29166666666666663,0.08249579113843054,0.0,0.0,2.0
thecraftingchicks.com,0.7437499999999999,0.15026019100214139,0.0,0.0,2.0
www.ifun.de,-0.35,0.49497474683058323,0.125,0.1767766952966369,2.0
blogs.lse.ac.uk,0.0875,0.12374368670764581,0.25,0.3535533905932738,2.0
www.newsbtc.com,-0.010000000000000016,0.12727922061357858,0.0,0.0,2.0
www.skeptic.com,0.16666666666666666,0.23570226039551584,0.0,0.0,2.0
www.skinnytaste.com,0.4547619047619047,0.15825723197984626,0.0,0.0,2.0
hungryrunnergirl.com,0.18874999999999997,0.2138998013089306,0.0625,0.08838834764831845,2.0
cshprotocols.cshlp.org,0.15625,0.2740038777097872,0.0,0.0,2.0
thedailywtf.com,0.25166666666666665,0.11549410759380276,0.1,0.14142135623730953,2.0
www.truebluela.com,0.225,0.03535533905932737,0.0,0.0,2.0
www.carryology.com,0.0875,0.12374368670764581,0.0,0.0,2.0
thechive.com,-0.11666666666666665,0.1649915822768611,0.0,0.0,2.0
cupofjo.com,0.13333333333333336,0.5185449728701349,0.0,0.0,2.0
www.sacbee.com,-0.25,0.3535533905932738,0.16666666666666666,0.23570226039551584,2.0
dailyinterlake.com,0.16666666666666666,0.23570226039551584,0.0,0.0,2.0
dailyhodl.com,-0.5,0.7071067811865476,0.0,0.0,2.0
blog.ucs.org,-0.28541666666666665,0.11490485194281401,0.1875,0.029462782549439483,2.0
nikonrumors.com,0.4458333333333333,0.029462782549439452,0.0,0.0,2.0
hawkeyeswire.usatoday.com,0.0,0.0,0.25,0.3535533905932738,2.0
newsroom.ap.org,0.13,0.3818376618407357,0.1,0.14142135623730953,2.0
www.twz.com,0.07500000000000001,0.6010407640085653,0.0,0.0,2.0
mjtsai.com,0.15,0.282842712474619,0.0,0.0,2.0
www.searchenginejournal.com,0.0,0.0,0.0,0.0,2.0
www.newswise.com,-0.025000000000000005,0.03535533905932738,0.0,0.0,2.0
retractionwatch.com,-0.20416666666666666,0.04124789556921527,0.125,0.1767766952966369,2.0
dailycoffeenews.com,0.2833333333333333,0.07071067811865477,0.08333333333333333,0.11785113019775792,2.0
www.iphone-ticker.de,0.2125,0.30052038200428266,0.0,0.0,2.0
helenair.com,0.3416666666666667,0.01178511301977581,0.0,0.0,2.0
www.homedsgn.com,0.11666666666666665,0.1649915822768611,0.0,0.0,2.0
www.visions.de,0.0,0.0,0.0,0.0,2.0
www.databricks.com,0.41388888888888886,0.14534972724390144,0.0,0.0,2.0
eugene.kaspersky.com,0.09500000000000003,0.5727564927611034,0.0,0.0,2.0
news.samsung.com,-0.125,0.1767766952966369,0.0,0.0,2.0
www.firstshowing.net,0.3979166666666667,0.0913346259032624,0.0,0.0,2.0
skeptoid.com,0.24166666666666664,0.011785113019775818,0.29166666666666663,0.05892556509887893,2.0
www.powermag.com,0.2333333333333333,0.3299831645537222,0.0,0.0,2.0
www.filmibeat.com,0.2833333333333333,0.07071067811865475,0.0,0.0,2.0
www.fda.gov,0.0,0.0,0.0,0.0,2.0
screenanarchy.com,0.15,0.03535533905932737,0.0,0.0,2.0
www.gofugyourself.com,0.0,0.0,0.16666666666666666,0.23570226039551584,2.0
www.expressnews.com,0.08333333333333333,0.35355339059327373,0.08333333333333333,0.11785113019775792,2.0
www.explore.com,-0.25,0.14142135623730948,0.0,0.0,2.0
bittersweetblog.com,-0.16875,0.11490485194281397,0.0,0.0,2.0
aws.amazon.com,0.14166666666666666,0.20034692133618845,0.0,0.0,2.0
www.goodhousekeeping.com,0.0,0.0,0.0,0.0,2.0
fcbayern.com,0.1,0.21213203435596426,0.0,0.0,2.0
www.pro-linux.de,0.2333333333333333,0.0,0.0,0.0,2.0
sinocism.com,-0.0875,0.12374368670764581,0.125,0.1767766952966369,2.0
eprints.lse.ac.uk,-0.08333333333333333,0.35355339059327373,0.08333333333333333,0.11785113019775792,2.0
www.dawgsports.com,-0.19166666666666665,0.2710575994548432,0.0,0.0,2.0
beincrypto.com,0.0875,0.12374368670764581,0.0,0.0,2.0
dodgersnation.com,-0.175,0.24748737341529162,0.0,0.0,2.0
www.whudat.de,0.32361111111111107,0.14338554174060544,0.18055555555555555,0.09820927516479827,2.0
www.phillymag.com,0.2333333333333333,0.3299831645537222,0.25,0.3535533905932738,2.0
www.france24.com,-0.07500000000000001,0.10606601717798214,0.0,0.0,2.0
www.phonearena.com,0.175,0.24748737341529162,0.0,0.0,2.0
www.foxla.com,-0.2125,0.30052038200428266,0.0,0.0,2.0
www.photoscala.de,0.3333333333333333,0.4714045207910317,0.0,0.0,2.0
www.pinstripealley.com,0.35,0.0,0.0,0.0,2.0
seths.blog,0.08642857142857144,0.22122340725693415,0.0,0.0,2.0
www.pnj.com,0.0,0.0,0.0,0.0,2.0
doc.searls.com,0.125,0.1767766952966369,0.125,0.1767766952966369,2.0
shopping.yahoo.com,0.75,0.3535533905932738,0.0,0.0,2.0
www.getfootballnewsfrance.com,-0.44305555555555554,0.46944033528773566,0.0,0.0,2.0
eos.org,-0.425,0.10606601717798214,0.25,0.3535533905932738,2.0
www.fox26houston.com,0.175,0.24748737341529162,0.0,0.0,2.0
www.escapistmagazine.com,0.175,0.24748737341529162,0.0,0.0,2.0
www.googlewatchblog.de,0.2583333333333333,0.03535533905932738,0.0,0.0,2.0
www.governance.fyi,0.0,0.0,0.0,0.0,2.0
snipz.de,0.06999999999999999,0.09899494936611665,0.0,0.0,2.0
www.rand.org,0.2333333333333333,0.3299831645537222,0.0,0.0,2.0
frontofficesports.com,-0.575,0.6010407640085653,0.0,0.0,2.0
asia.nikkei.com,0.175,0.24748737341529162,0.16666666666666666,0.23570226039551584,2.0
www.hhhistory.com,0.0,0.0,0.0,0.0,2.0
www.on3.com,0.4458333333333333,0.029462782549439452,0.125,0.1767766952966369,2.0
www.der-postillon.com,0.05833333333333332,0.38890872965260115,0.0,0.0,2.0
hyperallergic.com,0.2875,0.30052038200428266,0.0,0.0,2.0
www.omgubuntu.co.uk,-0.1625,0.4772970773009196,0.0,0.0,2.0
newsnextbd.com,-0.29166666666666663,0.05892556509887893,0.0,0.0,2.0
www.ohscanada.com,-0.5,0.49497474683058323,0.0,0.0,2.0
www.hodinkee.com,0.11666666666666665,0.1649915822768611,0.0,0.0,2.0
stateline.org,-0.24166666666666664,0.8367430244040811,0.08333333333333333,0.11785113019775792,2.0
www.wlwt.com,-0.25,0.3535533905932738,0.25,0.3535533905932738,2.0
muslimmatters.org,-0.13333333333333333,0.18856180831641267,0.08333333333333333,0.11785113019775792,2.0
steamykitchen.com,-0.05499999999999999,0.07778174593052022,0.0,0.0,2.0
fox8.com,0.175,0.24748737341529162,0.0,0.0,2.0
www.wavy.com,0.0,0.0,0.0,0.0,2.0
fox40.com,0.175,0.24748737341529162,0.0,0.0,2.0
www.echopress.com,0.0,0.0,0.0,0.0,2.0
www.ozarksfirst.com,0.175,0.24748737341529162,0.0,0.0,2.0
www.elliott.org,0.3375,0.22980970388562794,0.0,0.0,2.0
sny.tv,-0.25,0.3535533905932738,0.0,0.0,2.0
www.we-heart.com,0.175,0.24748737341529162,0.125,0.1767766952966369,2.0
www.wcvb.com,0.175,0.24748737341529162,0.0,0.0,2.0
www.overthemonster.com,-0.25,0.3535533905932738,0.0,0.0,2.0
www.outdoorguide.com,0.4916666666666667,0.341768277573498,0.08333333333333333,0.11785113019775792,2.0
www.openculture.com,-0.04374999999999998,0.3093592167691145,0.0625,0.08838834764831845,2.0
athoughtfulplaceblog.com,0.22023809523809523,0.15994081955410003,0.08333333333333333,0.11785113019775792,2.0
fm4.orf.at,0.19999999999999998,0.282842712474619,0.0,0.0,2.0
www.pymnts.com,-0.16666666666666666,0.23570226039551584,0.0,0.0,2.0
www.drive.com.au,0.0875,0.12374368670764581,0.0,0.0,2.0
www.qcnews.com,-0.25,0.3535533905932738,0.125,0.1767766952966369,2.0
sarahwilson.com.au,0.175,0.24748737341529162,0.16666666666666666,0.23570226039551584,2.0
www.smallbusinessbranding.com,0.32916666666666666,0.1355287997274216,0.0,0.0,2.0
dukewire.usatoday.com,0.425,0.6010407640085653,0.0,0.0,2.0
www.japantrends.com,0.425,0.20034692133618845,0.0,0.0,2.0
www.maizenbrew.com,0.0,0.0,0.0,0.0,2.0
kashmirnewsbureau.com,-0.11666666666666665,0.1649915822768611,0.0,0.0,2.0
macdailynews.com,0.24999999999999997,0.4596194077712559,0.0,0.0,2.0
www.macstories.net,0.09999999999999999,0.21213203435596428,0.20833333333333331,0.05892556509887898,2.0
www.mactrast.com,0.0,0.0,0.0,0.0,2.0
johnnyjet.com,0.0875,0.12374368670764581,0.1,0.14142135623730953,2.0
www.naftemporiki.gr,0.11666666666666665,0.1649915822768611,0.0,0.0,2.0
coloradosun.com,0.38749999999999996,0.05303300858899109,0.0,0.0,2.0
www.thechampaignroom.com,0.0,0.0,0.0,0.0,2.0
abc11.com,0.6375,0.4065863991822649,0.0,0.0,2.0
www.app.com,-0.125,0.1767766952966369,0.125,0.1767766952966369,2.0
abc13.com,0.0,0.0,0.0,0.0,2.0
www.koco.com,-0.5125,0.017677669529663625,0.125,0.1767766952966369,2.0
www.kcci.com,0.425,0.10606601717798214,0.0,0.0,2.0
www.arrl.org,0.0,0.0,0.0,0.0,2.0
www.arsenal.com,0.0,0.0,0.0,0.0,2.0
www.thedailybeast.com,-0.425,0.10606601717798214,0.0,0.0,2.0
travelhost.com,-0.5,0.7071067811865476,0.0,0.0,2.0
thesportsrush.com,0.3575,0.30759144981614817,0.0,0.0,2.0
pleated-jeans.com,0.6277777777777778,0.5264017148833187,0.0,0.0,2.0
washingtonmonthly.com,0.0,0.0,0.125,0.1767766952966369,2.0
www.athleticsnation.com,0.2333333333333333,0.3299831645537222,0.0,0.0,2.0
www.kentucky.com,-0.05833333333333333,0.08249579113843054,0.08333333333333333,0.11785113019775792,2.0
www.standardmedia.co.ke,0.14583333333333337,0.5362226423997986,0.0,0.0,2.0
www.nbc4i.com,0.0,0.0,0.0,0.0,2.0
www.ksn.com,-0.175,0.24748737341529162,0.0,0.0,2.0
www.ktalnews.com,-0.0875,0.12374368670764581,0.0,0.0,2.0
www.amarillo.com,0.0,0.0,0.0,0.0,2.0
whereisthebuzz.com,-0.30833333333333335,0.27105759945484326,0.0,0.0,2.0
wreg.com,0.11666666666666665,0.1649915822768611,0.0,0.0,2.0
original.antiwar.com,0.22916666666666666,0.005892556509887875,0.13333333333333333,0.18856180831641267,2.0
www.lightstalking.com,0.4375,0.14731391274719735,0.0,0.0,2.0
www.8newsnow.com,0.05000000000000001,0.07071067811865477,0.0,0.0,2.0
tinybuddha.com,0.125,0.1767766952966369,0.0,0.0,2.0
timharford.com,-0.0875,0.12374368670764581,0.0,0.0,2.0
lifedev.net,0.18374999999999997,0.1361180553784104,0.0,0.0,2.0
collegefootballnews.com,-0.008333333333333345,0.3417682775734979,0.0,0.0,2.0
www.motorbiscuit.com,0.175,0.24748737341529162,0.0,0.0,2.0
www.thestate.com,-0.058333333333333334,0.41247895569215265,0.0,0.0,2.0
ca.finance.yahoo.com,0.425,0.6010407640085653,0.0,0.0,2.0
www.theartnewspaper.com,-0.10416666666666666,0.7483546767557627,0.0,0.0,2.0
clutchpoints.com,0.32500000000000007,0.9545941546018392,0.0,0.0,2.0
www.tallahassee.com,0.0,0.0,0.0,0.0,2.0
languagelog.ldc.upenn.edu,0.0,0.0,0.0,0.0,2.0
www.ydr.com,0.25,0.3535533905932738,0.0,0.0,2.0
www.adweek.com,-0.1,0.14142135623730953,0.5,0.7071067811865476,2.0
www.aero-news.net,0.2833333333333333,0.4006938426723769,0.0,0.0,2.0
www.thespacereview.com,0.0,0.0,0.5,0.2357022603955158,2.0
www.kuriositas.com,-0.18958333333333333,0.39185500790754507,0.0625,0.08838834764831845,2.0
www.lubbockonline.com,0.2125,0.30052038200428266,0.0,0.0,2.0
www.thesurvivalpodcast.com,0.23124999999999998,0.14436763449225345,0.0,0.0,2.0
www.alloutsoccer.com,-0.25,0.3535533905932738,0.25,0.3535533905932738,2.0
www.wtae.com,0.0,0.0,0.0,0.0,2.0
www.malwarebytes.com,-0.125,0.5303300858899106,0.0,0.0,2.0
www.moondaily.com,0.0,0.0,0.0,0.0,2.0
medium.com,0.25,0.3535533905932738,0.0,0.0,2.0
bradenkelley.com,0.004761904761904773,0.3367175148507369,0.0,0.0,2.0
www.jeffbullas.com,0.5,0.7071067811865476,0.0,0.0,2.0
www.juxtapoz.com,0.31666666666666665,0.04714045207910316,0.0,0.0,2.0
www.bitdefender.com,-0.425,0.20034692133618845,0.3333333333333333,0.0,2.0
tw.news.yahoo.com,-0.25,0.3535533905932738,0.125,0.1767766952966369,2.0
acecomments.mu.nu,-0.04250000000000001,0.5409366876077089,0.0,0.0,2.0
www.bavarianfootballworks.com,0.175,0.24748737341529162,0.0,0.0,2.0
www.mercurynews.com,-0.35,0.49497474683058323,0.0,0.0,2.0
www.bay12games.com,-0.11666666666666665,0.1649915822768611,0.0,0.0,2.0
acquiremag.com,0.175,0.24748737341529162,0.0,0.0,2.0
www.marsdaily.com,0.175,0.08249579113843053,0.0,0.0,2.0
www.todayifoundout.com,0.11666666666666665,0.1649915822768611,0.0,0.0,2.0
www.news-press.com,-0.25,0.3535533905932738,0.0,0.0,2.0
www.toxel.com,0.29166666666666663,0.05892556509887897,0.0,0.0,2.0
www.berliner-zeitung.de,-0.3833333333333333,0.0707106781186548,0.0,0.0,2.0
www.wsbradio.com,-0.175,0.24748737341529162,0.0,0.0,2.0
crankyflier.com,0.21999999999999997,0.11313708498984762,0.0625,0.08838834764831845,2.0
www.bigcountryhomepage.com,0.425,0.10606601717798214,0.0,0.0,2.0
matthewekahn.substack.com,0.175,0.24748737341529162,0.0,0.0,2.0
www.mcnews.com.au,0.11666666666666665,0.1649915822768611,0.0,0.0,2.0
www.trefis.com,0.325,0.24748737341529162,0.0,0.0,2.0
www.jconline.com,0.175,0.24748737341529162,0.0,0.0,2.0
www.marketwatch.com,0.07500000000000001,0.10606601717798214,0.0,0.0,2.0
www.spoilertv.com,0.0,0.0,0.0,0.0,2.0
metalinjection.net,0.0,0.0,0.0,0.0,2.0
www.smashingmagazine.com,0.3458333333333333,0.2415948169054037,0.0,0.0,2.0
laughingsquid.com,0.4388888888888889,0.14927809825049332,0.0,0.0,2.0
yaleclimateconnections.org,-0.2875,0.4065863991822648,0.0,0.0,2.0
www.spokesman.com,0.037500000000000006,0.05303300858899107,0.0,0.0,2.0
isc.sans.edu,0.0,0.0,0.0,0.0,2.0
www.javacodegeeks.com,0.1414285714285714,0.002020305089104436,0.0,0.0,2.0
chriskresser.com,0.3638888888888889,0.027498597046143575,0.0,0.0,2.0
typeforyou.org,0.0,0.0,0.0,0.0,2.0
www.kark.com,0.008333333333333304,0.6481812160876685,0.08333333333333333,0.11785113019775792,2.0
www.kansas.com,-0.39999999999999997,0.23570226039551584,0.0,0.0,2.0
iamafoodblog.com,0.25,0.3535533905932738,0.0,0.0,2.0
www.marketingdive.com,0.0,0.0,0.0,0.0,2.0
capitalandmain.com,0.0,1.0,0.0,1.0,1.0
www.mnot.net,0.0,1.0,0.0,1.0,1.0
www.monbiot.com,0.0,1.0,0.0,1.0,1.0
www.mmamania.com,0.0,1.0,0.0,1.0,1.0
www.pensburgh.com,0.0,1.0,0.0,1.0,1.0
www.mintlify.com,0.0,1.0,0.0,1.0,1.0
www.mitchellrepublic.com,0.0,1.0,0.0,1.0,1.0
www.wiz.io,0.0,1.0,0.0,1.0,1.0
www.zerohedge.com,0.0,1.0,0.0,1.0,1.0
www.wivb.com,0.0,1.0,0.0,1.0,1.0
3dpaws.comet.ucar.edu,0.0,1.0,0.0,1.0,1.0
www.mobileread.com,0.0,1.0,0.0,1.0,1.0
www.pajiba.com,0.0,1.0,0.0,1.0,1.0
www.mlbtraderumors.com,0.0,1.0,0.0,1.0,1.0
www.perthnow.com.au,0.0,1.0,0.0,1.0,1.0
ysph.yale.edu,0.0,1.0,0.0,1.0,1.0
blog.algomaster.io,0.0,1.0,0.0,1.0,1.0
www.widerightnattylite.com,0.0,1.0,0.0,1.0,1.0
ceodinner.substack.com,0.0,1.0,0.0,1.0,1.0
www.metalunderground.com,0.0,1.0,0.0,1.0,1.0
www.pennlive.com,0.0,1.0,0.0,1.0,1.0
www.windycitygridiron.com,0.0,1.0,0.0,1.0,1.0
www.peachtreehoops.com,0.0,1.0,0.0,1.0,1.0
"Dekorativ und pflegeleicht: Balkonpflanzen für den Herbst: Diese Gewächsen vertragen kalte Temperaturen. Wenn die Temperaturen sinken, finden sich in vielen Blumenkübeln nur noch welke Pflanzenreste. Dabei gibt es winterharte Pflanzen, die den Balkon in der kalten Jahreszeit schmücken.",0.0,1.0,0.0,1.0,1.0
www.peanutbutterrunner.com,0.0,1.0,0.0,1.0,1.0
www.michigansthumb.com,0.0,1.0,0.0,1.0,1.0
bikerumor.com,0.0,1.0,0.0,1.0,1.0
xata.io,0.0,1.0,0.0,1.0,1.0
"Data: Ventus, humida, frigida: Baden-Württemberg in modo autumnali. Hic informationes invenies in themate ""Providere"". Lege ""Ventosum, humidum, frigus: Baden-Württemberg in modo autumnali"" nunc.",0.0,1.0,0.0,1.0,1.0
carbonplan.org,0.0,1.0,0.0,1.0,1.0
www.middleeasteye.net,0.0,1.0,0.0,1.0,1.0
capitalpress.com,0.0,1.0,0.0,1.0,1.0
www.pehub.com,0.0,1.0,0.0,1.0,1.0
bildblog.de,0.0,1.0,0.0,1.0,1.0
binaryigor.com,0.0,1.0,0.0,1.0,1.0
cdn.jwplayer.com,0.0,1.0,0.0,1.0,1.0
yen.com.gh,0.0,1.0,0.0,1.0,1.0
wwwnc.cdc.gov,0.0,1.0,0.0,1.0,1.0
www3.nhk.or.jp,0.0,1.0,0.0,1.0,1.0
www.winespectator.com,0.0,1.0,0.0,1.0,1.0
www.penaddict.com,0.0,1.0,0.0,1.0,1.0
"Consilium coitionis finivit - eventus aperti. Black and Red annuntiaverunt ""autumnum reformationis"". Sed enumeratio dissensionum in coitione longa est, et modus malus est. Incertum adhuc est num comitiorum coitio aliquid de hoc mutare possit.",0.0,1.0,0.0,1.0,1.0
www.merca20.com,0.0,1.0,0.0,1.0,1.0
www.mindful.org,0.0,1.0,0.0,1.0,1.0
xkcd.com,0.0,1.0,0.0,1.0,1.0
www.wisn.com,0.0,1.0,0.0,1.0,1.0
caribbeannewsglobal.com,0.0,1.0,0.0,1.0,1.0
carlyriordan.com,0.0,1.0,0.0,1.0,1.0
www.palmbeachdailynews.com,0.0,1.0,0.0,1.0,1.0
www.myplainview.com,0.0,1.0,0.0,1.0,1.0
www.ourquadcities.com,0.0,1.0,0.0,1.0,1.0
www.nbcchicago.com,0.0,1.0,0.0,1.0,1.0
www.nextbigfuture.com,0.0,1.0,0.0,1.0,1.0
www.nbcmiami.com,0.0,1.0,0.0,1.0,1.0
Blick auf den Frühling. Bei der Fashion-Week in Paris bringt ein Model eine neue Kreation des Modehauses Chloe auf den Laufsteg.,0.0,1.0,0.0,1.0,1.0
www.niemanlab.org,0.0,1.0,0.0,1.0,1.0
www.nintendolife.com,0.0,1.0,0.0,1.0,1.0
blog.nuclearsecrecy.com,0.0,1.0,0.0,1.0,1.0
blog.mano.lol,0.0,1.0,0.0,1.0,1.0
www.nbcbayarea.com,0.0,1.0,0.0,1.0,1.0
britainsnews.co.uk,0.0,1.0,0.0,1.0,1.0
www.wspa.com,0.0,1.0,0.0,1.0,1.0
www.norwichbulletin.com,0.0,1.0,0.0,1.0,1.0
Certum est consilium - nova translatio rumorum de Bellingham. BVB: Novae opiniones de motu hiemali Jobe Bellingham,0.0,1.0,0.0,1.0,1.0
www.wtnh.com,0.0,1.0,0.0,1.0,1.0
www.notesfromtheroad.com,0.0,1.0,0.0,1.0,1.0
www.wxyz.com,0.0,1.0,0.0,1.0,1.0
www.nplusonemag.com,0.0,1.0,0.0,1.0,1.0
brickset.com,0.0,1.0,0.0,1.0,1.0
www.wsls.com,0.0,1.0,0.0,1.0,1.0
www.nbcsportsbayarea.com,0.0,1.0,0.0,1.0,1.0
blogs.esa.int,0.0,1.0,0.0,1.0,1.0
blogs.vmware.com,0.0,1.0,0.0,1.0,1.0
www.wrecka.ge,0.0,1.0,0.0,1.0,1.0
blogs.nvidia.com,0.0,1.0,0.0,1.0,1.0
www.wsav.com,0.0,1.0,0.0,1.0,1.0
Autumnus apicibus calliditatis - Quod facere potes cum castaneis et foliis. Quomodo potes autumnum in domum tuam adducere? Lege hic quod castaneis et vario foliis facere possis.,0.0,1.0,0.0,1.0,1.0
www.newsherald.com,0.0,1.0,0.0,1.0,1.0
www.newcastleunited.com,0.0,1.0,0.0,1.0,1.0
www.newsleader.com,0.0,1.0,0.0,1.0,1.0
Autumno periculo - Quomodo in humidis non labatur foliis? Calceamenta non-lapsa gestare et cave ne autumno in humidis foliis incidat.,0.0,1.0,0.0,1.0,1.0
blogs.law.columbia.edu,0.0,1.0,0.0,1.0,1.0
www.nerdwallet.com,0.0,1.0,0.0,1.0,1.0
bmcgenomics.biomedcentral.com,0.0,1.0,0.0,1.0,1.0
br.ign.com,0.0,1.0,0.0,1.0,1.0
www.newsobserver.com,0.0,1.0,0.0,1.0,1.0
www.ndr.de,0.0,1.0,0.0,1.0,1.0
blog.jlhuie.com,0.0,1.0,0.0,1.0,1.0
brolly.sh,0.0,1.0,0.0,1.0,1.0
blog.avast.com,0.0,1.0,0.0,1.0,1.0
www.online-tech-tips.com,0.0,1.0,0.0,1.0,1.0
www.wkrn.com,0.0,1.0,0.0,1.0,1.0
www.mycentraljersey.com,0.0,1.0,0.0,1.0,1.0
www.mutualfundobserver.com,0.0,1.0,0.0,1.0,1.0
www.msn.com,0.0,1.0,0.0,1.0,1.0
www.onegoodthingbyjillee.com,0.0,1.0,0.0,1.0,1.0
www.onehundreddollarsamonth.com,0.0,1.0,0.0,1.0,1.0
www.wkrg.com,0.0,1.0,0.0,1.0,1.0
www.onlineathens.com,0.0,1.0,0.0,1.0,1.0
buckeyeswire.usatoday.com,0.0,1.0,0.0,1.0,1.0
www.wjournalpr.com,0.0,1.0,0.0,1.0,1.0
www.younghouselove.com,0.0,1.0,0.0,1.0,1.0
70 percent vini messis amissa est - estne 2024 vindemia vere mala? Controversiae 2024 vindemia opprimit qualitatem adversae condiciones obstante. Vina optima e Germania - probata a VALENS vino columnista.,0.0,1.0,0.0,1.0,1.0
www.orartswatch.org,0.0,1.0,0.0,1.0,1.0
calnewport.com,0.0,1.0,0.0,1.0,1.0
www.oregonlive.com,0.0,1.0,0.0,1.0,1.0
www.moosepeterson.com,0.0,1.0,0.0,1.0,1.0
www.mynbc5.com,0.0,1.0,0.0,1.0,1.0
www.wrestlinginc.com,0.0,1.0,0.0,1.0,1.0
www.ycombinator.com,0.0,1.0,0.0,1.0,1.0
www.odditycentral.com,0.0,1.0,0.0,1.0,1.0
www.nrc.nl,0.0,1.0,0.0,1.0,1.0
blog.jimmac.eu,0.0,1.0,0.0,1.0,1.0
blog.europython.eu,0.0,1.0,0.0,1.0,1.0
bucswire.usatoday.com,0.0,1.0,0.0,1.0,1.0
www.wyff4.com,0.0,1.0,0.0,1.0,1.0
blog.ericgoldman.org,0.0,1.0,0.0,1.0,1.0
"Aucupia: Nabu: Avis migratio in Thuringiam observari potest. Maguum gruum appellatio audiri potest, dum in Thuringia alicubi quiescunt. Observationes avium migrationum autumnalium fieri possunt.",0.0,1.0,0.0,1.0,1.0
"Alba gestatio: Quomodo invenire rectum trulla nix pro omni superficie. A prima nix ad ultimam purgationem operationis: Quomodo inveniatur recta nix trulla, ea efficaciter utere et errores typicam vitare.",0.0,1.0,0.0,1.0,1.0
"Adtendite: si haec 3 nunc erratis, hortum tuum hieme perdes. Etsi messis tempore ad summum finem venit, multum in horto adhuc est. Ante omnia nunc tempus est plantas nostras a frigore et frigore defendi.",0.0,1.0,0.0,1.0,1.0
businessesgrow.com,0.0,1.0,0.0,1.0,1.0
blog.cloudflare.com,0.0,1.0,0.0,1.0,1.0
www.mystateline.com,0.0,1.0,0.0,1.0,1.0
blog.bawolf.com,0.0,1.0,0.0,1.0,1.0
www.myscandinavianhome.com,0.0,1.0,0.0,1.0,1.0
www.mysanantonio.com,0.0,1.0,0.0,1.0,1.0
"Bahnverkehr: Einfach alle Bäume an der Trasse fällen? Ganz so leicht ist es nicht. Wenn es stürmt, fallen Bäume auf Schienen und Oberleitungen. Auch jetzt legt das wieder Teile des Bahnverkehrs lahm. Dabei ließen sich die Störungen verhindern.",0.0,1.0,0.0,1.0,1.0
www.q13fox.com,0.0,1.0,0.0,1.0,1.0
www.who.int,0.0,1.0,0.0,1.0,1.0
www.whitecoatinvestor.com,0.0,1.0,0.0,1.0,1.0
"LXXIII minuta concussa: Multi non audiverunt optimum horrorem movendi anni. Si horrorem experiri vis ex toto alio prospectu, brevissimum cinematographicum cinematographicum sub finem Octobris eligere debes.",0.0,1.0,0.0,1.0,1.0
www.statesmanjournal.com,0.0,1.0,0.0,1.0,1.0
www.stemlynsblog.org,0.0,1.0,0.0,1.0,1.0
abc30.com,0.0,1.0,0.0,1.0,1.0
www.stevehuffphoto.com,0.0,1.0,0.0,1.0,1.0
www.stlpr.org,0.0,1.0,0.0,1.0,1.0
www.storagereview.com,0.0,1.0,0.0,1.0,1.0
aaronparnas.substack.com,0.0,1.0,0.0,1.0,1.0
www.sunstar.com.ph,0.0,1.0,0.0,1.0,1.0
www.superherohype.com,0.0,1.0,0.0,1.0,1.0
"Lumen caeruleum: Vigilum moneo plura accidentia et dissolutiones in ruinam. Tenebrae, folia humida in viis vel viae lubricae: periculum accidentium auget autumno et hieme. Sed burgaria etiam augentur. Vigiles Berolinensis de periculis monent.",0.0,1.0,0.0,1.0,1.0
"Maximus apicibus - ligna male condita? Hae apices foco tuo hiemales servabunt. Quicumque sedet ad focum iucunde, hiemps scit: ""Nihil crepitantibus ignem caedit et odor ligni adurens"". Sed ut ipsum...",0.0,1.0,0.0,1.0,1.0
"Neuerscheinungen: Flirrende Synthesizer, melancholischer Partyrap, deutsche Chansons. Im Herbst gibt es großartige neue Musik aus Hamburg. Fünf Empfehlungen der ZEIT-Redaktion",0.0,1.0,0.0,1.0,1.0
www.swinburne.edu.au,0.0,1.0,0.0,1.0,1.0
www.thetimes.com,0.0,1.0,0.0,1.0,1.0
www.swishappeal.com,0.0,1.0,0.0,1.0,1.0
www.thetimes-tribune.com,0.0,1.0,0.0,1.0,1.0
"Wetterbericht: Wo heute Gewitter und Sturmböen drohen. Stuttgart (lsw) - Im Südwesten sind eine Jacke und ein Regenschirm heute keine schlechte Wahl - vor allem, wenn ein Ausflug ins Grüne geplant ist. Der",0.0,1.0,0.0,1.0,1.0
Nulla pullulatio - 172 Apis species comminatur! Cura messis nostrae. In Europa magis magisque apes silvestres et papiliones intentantur. Numerus periclitantium in decem annis duplicatus est.,0.0,1.0,0.0,1.0,1.0
"Wetter: Sturmtief lässt zum Wochenbeginn nach – Schnee in den Alpen. Sturmtief ""Detlef"" lässt nach, doch Regen und Wind bleiben. Im Alpenraum fällt Schnee, während im Westen und Südwesten die Wolken langsam auflockern.",0.0,1.0,0.0,1.0,1.0
"Weather: Autumnus tempestas in Bavaria - nubes, pluvia et paulo sol. Autumnus tantisper cinerea manet: nix in altissimis montibus cadit, pluvia in orientem solem. Ubi in paucis diebus siccum manebit et cum sol apparebit.",0.0,1.0,0.0,1.0,1.0
www.tahlequahdailypress.com,0.0,1.0,0.0,1.0,1.0
www.talkandroid.com,0.0,1.0,0.0,1.0,1.0
www.tarheelblog.com,0.0,1.0,0.0,1.0,1.0
www.tcpalm.com,0.0,1.0,0.0,1.0,1.0
www.starsandstripesfc.com,0.0,1.0,0.0,1.0,1.0
www.stargazette.com,0.0,1.0,0.0,1.0,1.0
abc7chicago.com,0.0,1.0,0.0,1.0,1.0
"Hokkaido und Co.: Pfalzmarkt: Herausfordernde Wetterbedingungen für Kürbisse. Hokkaido bleibt Kürbis-König, Halloween-Kürbisse boomen vor dem Fest. Wie das Wetter und die niedrigen Erzeugerpreise die Ernte beeinflussen, erfährst du hier.",0.0,1.0,0.0,1.0,1.0
"Glatteis: Streusalz-Alternativen: Diese Materialien sind für den privaten Gebrauch erlaubt. Auf Straßen und Gehwegen, in der Einfahrt oder vor der Haustür ist es unerlässlich, die Rutschgefahr durch Glatteis mit Streugut zu reduzieren. Aber bitte nicht mit Salz.",0.0,1.0,0.0,1.0,1.0
www.trend.az,0.0,1.0,0.0,1.0,1.0
www.socialmediatoday.com,0.0,1.0,0.0,1.0,1.0
www.solidsmack.com,0.0,1.0,0.0,1.0,1.0
www.sonyalpharumors.com,0.0,1.0,0.0,1.0,1.0
www.sooeveningnews.com,0.0,1.0,0.0,1.0,1.0
activistpost.com,0.0,1.0,0.0,1.0,1.0
"Gratiarum actio: Gratiarum actio in Mare Balthico celebratur. Messis messa est, nunc celebrandi tempus est. Hoc anno publica messis festivitas in Wismar et Poel celebrabitur. Quid expectamus.",0.0,1.0,0.0,1.0,1.0
www.sorozatjunkie.hu,0.0,1.0,0.0,1.0,1.0
"Helvetii pergunt molibus Alpinis in memoria gressu conflare. Moles in Alpibus memoria gressu evanescunt. Defectus nivis et caloris fluctus etiam glaciali dissolvi hoc anno acti, rumorem ostendit. Ab anno 2015 quarta pars ""glacie aeternae"" liquefacta est. Excudebat Kathrin Hondl.",0.0,1.0,0.0,1.0,1.0
www.southsidesox.com,0.0,1.0,0.0,1.0,1.0
"Imagines hebdomadae: Flores e DNA pugnant sicut organismi vivi. Crystallos parvae materiae inorganicae et DNA ad ambitum suum reflectunt et accommodant. In futurum, medicinae modo iaculis vel scelerisque dissolvere poterant.",0.0,1.0,0.0,1.0,1.0
www.stampedeblue.com,0.0,1.0,0.0,1.0,1.0
www.spaceweatherlive.com,0.0,1.0,0.0,1.0,1.0
Inundatio propter procellam: Storm depression: campsite on Norderney under water. Norderney - Tempestas quae trans Germaniam septentrionalem versatur damnum in Frisia orientali Norderney insula fecit. Next to,0.0,1.0,0.0,1.0,1.0
www.titanic-magazin.de,0.0,1.0,0.0,1.0,1.0
www.timesfreepress.com,0.0,1.0,0.0,1.0,1.0
abeautifulmess.com,0.0,1.0,0.0,1.0,1.0
www.spl.com.sa,0.0,1.0,0.0,1.0,1.0
www.sporkful.com,0.0,1.0,0.0,1.0,1.0
abc7ny.com,0.0,1.0,0.0,1.0,1.0
www.squarespace.com,0.0,1.0,0.0,1.0,1.0
"LXXIII minuta concussa: Me, optimus horror pellicula anni via ante genus. Si horrorem experiri vis ex toto alio prospectu, brevissimum cinematographicum cinematographicum sub finem Octobris eligere debes.",0.0,1.0,0.0,1.0,1.0
www.stacksocial.com,0.0,1.0,0.0,1.0,1.0
"Volumen regimentale vocatum: Tirones e Regimento securitatis Patriae iusiurandum servitii accipiunt. Patria Securitatis Regimentum Bundeswehr 5 iam annum exstitit, et baculus eius in Ohrdruf, Thuringia collocatus est. Ante omnia spectat ad criticam structuram tutandam.",0.0,1.0,0.0,1.0,1.0
www.techmeme.com,0.0,1.0,0.0,1.0,1.0
"Ucraina vivo blog: + NATO et EU laborant in ""muro tutelae fucus"" ++. Secundum NATO Secretarius Generalis Rutte, societas defensionis laborat cum UE in muro defensus contra fucos. Numerus iuvenum Ucrainorum in Germaniam venientes praesidia quaerens aestate surrexit.",0.0,1.0,0.0,1.0,1.0
www.theglobeandmail.com,0.0,1.0,0.0,1.0,1.0
www.thedailygopher.com,0.0,1.0,0.0,1.0,1.0
"Tantum Gryffindors: Elbenwaldus fovere vendit ""Harrius Potter"" vestem omnino magicam pretio contexuit. Autumnus vocat - et cum eo venit fovere et fovere vasa vestimentorum sicut ""Harrius Potter"" vestem subtectam, quae nunc in promptu est pro pacto.",0.0,1.0,0.0,1.0,1.0
www.thedailystar.net,0.0,1.0,0.0,1.0,1.0
www.thedailyupside.com,0.0,1.0,0.0,1.0,1.0
www.thedreamshake.com,0.0,1.0,0.0,1.0,1.0
www.theepochtimes.com,0.0,1.0,0.0,1.0,1.0
"Plures qualitates loco quantitatis - prima ski regio visitatorem limites introducit. Madonna di Campiglio facultatem limites hiemales 2025/26 introducet et limites ski transit ad 14,000 in dies praecipue occupatus.",0.0,1.0,0.0,1.0,1.0
www.thefader.com,0.0,1.0,0.0,1.0,1.0
www.thefocalpoints.com,0.0,1.0,0.0,1.0,1.0
Snowfall: Nix in montibus humilibus - thaw die Lunae sequitur. Lipsiae. Sunt pauca supra DCCC metra,0.0,1.0,0.0,1.0,1.0
"Scriptor Bohemica Ivan Klima moritur. Ivan Klima scriptor Holocaustum superfuit et primum ob opera communissima in Czechoslovakia celebratus est, deinde ob strenuam orationem interdictum. Jam mortuus est anno aetatis XCIV.",0.0,1.0,0.0,1.0,1.0
"Saltus protegens, adiuvans animalia - quid cum omnibus foliis in horto meo? Autumno multam faciunt in horto. AVOCATIO explicat quando secant perennia, vacua exercituum, et cur folia omnino de gramine removenda sint.",0.0,1.0,0.0,1.0,1.0
"Tempestas autumnus per Germaniam verrit - imbres et procellae exspectantur. Venti, pluviae et temperaturae cadentes: Fortis autumni tempestas ab Iovis regione transibit et incommodas tempestates faciet. Verisimile est frigus et humidum esse in volutpat vestibulum quoque - autumnum aureum vale.",0.0,1.0,0.0,1.0,1.0
www.thephoblographer.com,0.0,1.0,0.0,1.0,1.0
"Poma and pira parata ad messem: Urbanus fructus arborum: Messis plerumque sine licentia fieri potest. Messis sine conscientia nocens: In multis Thuringiae urbibus, mala, pira, etc. delecta simpliciter possunt. quid adhuc attendas et ubi etiam expresse desideratur.",0.0,1.0,0.0,1.0,1.0
www.thehuddle.com,0.0,1.0,0.0,1.0,1.0
"Prandium Prep pro Fall: unus Fall Takeaway, Quaeso!. Aestatis finem luges? Sed fruere autumno ad plenissimam! Tibi hebdomadem ferculorum prandii sine ulla reliquiarum instituimus.",0.0,1.0,0.0,1.0,1.0
www.theinertia.com,0.0,1.0,0.0,1.0,1.0
Saginato prosunt anni: Sic novas glandes in delectamenta laborum. Glandis colligendis et utens miras facultates praebet. Nutritionista Uwe Knop cognitionem de anno saginationis communicat.,0.0,1.0,0.0,1.0,1.0
www.thejournal.ie:443,0.0,1.0,0.0,1.0,1.0
www.theledger.com,0.0,1.0,0.0,1.0,1.0
"Renuntiatio tempestatis: tempestas mutabilis in NRW - pluvia, ventus et tonitribus. Imber, ventus et solum breves apricis erumpit: tempestas in North Rheno-Westphalia instabilis in diebus venientibus manebit. Alicubi etiam tonitrua possibilia sunt in initio hebdomadis.",0.0,1.0,0.0,1.0,1.0
"Renuntiatio tempestatis: Sortes venti et pluviae in NRW sub initium septimanae. Procellae procellae in nubes pluvias agunt, ex quibus per proximos dies graviter pluet. Tonitrua sunt. Tantum expectatur ut sicciores et paulo calidiores ad 15 gradus ab Iovis.",0.0,1.0,0.0,1.0,1.0
"Ratgeber: Fünf Autos unter 15.000 Euro, die sich perfekt für den Winter eignen. Die kühlen Herbststürme sind durch und der erste Schnee der Saison ist gefallen. Wohl dem, der einen wintertauglichen Wagen hat, der einem das Wetter nicht übelnimmt.",0.0,1.0,0.0,1.0,1.0
"Tempestas autumnalis: Nunc incommoda accipit: ""Josua"" tempestatem et imbrem affert. Offenbach - Tempestas, pluviae et temperaturae inferiores: Paulo ante volutpat, autumnus in Germania latus inamoenum ostendit. The",0.0,1.0,0.0,1.0,1.0
www.theclimatebrink.com,0.0,1.0,0.0,1.0,1.0
"Tutela frigida: tunica canis hiemalis: Sic tuus amicus quadrupes per frigora accipit. Canis tunica contra frigus, humidum et ventum protegit - sed non omnes indiget. Cum tunica sensum facit et quae exempla praecipue commendantur...",0.0,1.0,0.0,1.0,1.0
"Tempestas praenuntietur: tempestas autumnus in Hassia: Pluvia et procellis ante initium septimanae. In initio novae hebdomadis, tempestas in Hassia turbatur: pluvia, venti et singula tonitrua eventus initio determinant. Res tantum paulo quietius in media hebdomade accipiet.",0.0,1.0,0.0,1.0,1.0
Oryza Hispanica cum fungis silvestribus: Etiamne tu esuriens oryza? Fructus silvae pro seafood: paella etiam sapit recentibus boletis silvestribus autumno. patena coci in sorbitione pulli et vini albi et ramenta prospicit Manchego.,0.0,1.0,0.0,1.0,1.0
www.teenvogue.com,0.0,1.0,0.0,1.0,1.0
www.telecompetitor.com,0.0,1.0,0.0,1.0,1.0
www.telecomtv.com,0.0,1.0,0.0,1.0,1.0
"Tempus mutationem 2025 - Horologium hoc Saturni rursus ponemus? Autumno 2025 horologia ad tempus hiemale una hora reducemus. Quod cum ita sit, et omnia ulteriora informationes hic legere potes.",0.0,1.0,0.0,1.0,1.0
"Plantatio, curans, metis: Crescens lactuca agni: Haec sunt praecipua vestigia. Folia olera ex notissima fabula eiusdem nominis multa vitamins et mineralia sana continent. Si rapunzel te crescere vis, paucis tantum gradibus sequi debes.",0.0,1.0,0.0,1.0,1.0
"Tempestas: Tonitruum, pluviae et procellae initium hebdomadis in aquilone. Quisquis in Hamburg et Schleswig-Holstein iter suum hac septimana umbellae oblivisci non debet. Pluvius, interdum etiam tonitrus erit.",0.0,1.0,0.0,1.0,1.0
"Tempestas: Procellae et procellae in Saxonia-Anhalt fieri possunt. Magdeburg (sa) - In Saxonia-Anhalt hodie incommoda accipit. Secundum Servitium Tempestatis Germanicae (DWD), mane nubilum et pluvium erit. In the",0.0,1.0,0.0,1.0,1.0
www.terra.com.br,0.0,1.0,0.0,1.0,1.0
www.terradaily.com,0.0,1.0,0.0,1.0,1.0
www.texastribune.org,0.0,1.0,0.0,1.0,1.0
"Tempestas praenuntiet: procellis et pluvia - autumnus asperam tempestatem adfert. Procellae sicut procellae, pluviae et procellae: Germanorum Tempestas Servitium monet tempestatum dierum - etiam in volutpat vestibulum mutabile et frigus manebit.",0.0,1.0,0.0,1.0,1.0
www.thecanadianpressnews.ca,0.0,1.0,0.0,1.0,1.0
www.the42.ie,0.0,1.0,0.0,1.0,1.0
www.theadvertiser.com,0.0,1.0,0.0,1.0,1.0
"Tempestas mentis: Nox in Bavaria - autumnalis tempestas. Post noctem in Bavaria ventosa tempestas autumnale manet. Tempestas religio expectat procellas, imbres et primos nivis. Quomodo tempestas incipiet sabbati.",0.0,1.0,0.0,1.0,1.0
www.theamericanconservative.com,0.0,1.0,0.0,1.0,1.0
"Tempestas in fine hebdomadis: Tempestas autumnalis in Rheno-Palatinate et Saarland. Autumno recens in Rheno-Palatinato et Saarlandia est. Dum in Veneris die sicca manebit, casus pluviae et tonitribus super weekend est. Spe.",0.0,1.0,0.0,1.0,1.0
"Tempestas in Bavaria: Nix, tempestas, sol: Bavaria mutabilem tempestatem patitur. Primo nivis et imbres cadunt, deinde sol cum nubibus alternat. Postquam ad decem centimetra novarum nivis, sol in initio hebdomadis exit et Civitatem liberam calefacit.",0.0,1.0,0.0,1.0,1.0
"Tempestas fama est: Pluviae et frigus temperaturae autumnales in Hassia. In Hassia autumnaliter recens in fine hebdomadis est. Dum in Veneris die sicca manebit, casus pluviae et tonitribus super weekend est. Spe.",0.0,1.0,0.0,1.0,1.0
www.thebrewsite.com,0.0,1.0,0.0,1.0,1.0
www.thebrighterside.news,0.0,1.0,0.0,1.0,1.0
www.thesmallthingsblog.com,0.0,1.0,0.0,1.0,1.0
www.thescottishfarmer.co.uk,0.0,1.0,0.0,1.0,1.0
www.snapchat.com,0.0,1.0,0.0,1.0,1.0
aeon.co,0.0,1.0,0.0,1.0,1.0
www.smarter-service.com,0.0,1.0,0.0,1.0,1.0
www.raccoonvalleyradio.com,0.0,1.0,0.0,1.0,1.0
www.webfx.com,0.0,1.0,0.0,1.0,1.0
auth0.com,0.0,1.0,0.0,1.0,1.0
www.provideocoalition.com,0.0,1.0,0.0,1.0,1.0
www.psychologicalscience.org,0.0,1.0,0.0,1.0,1.0
auburnwire.usatoday.com,0.0,1.0,0.0,1.0,1.0
www.puntodebreak.com,0.0,1.0,0.0,1.0,1.0
www.purplerow.com,0.0,1.0,0.0,1.0,1.0
www.wctrib.com,0.0,1.0,0.0,1.0,1.0
Quinque annis post BER aperuit: aeroportus capitis detrimentum facere pergit. Berlin Brandenburg Airport (BER) autumno 2020 aperuit - novem annos tarde et ter carior quam cogitavit. Est etiamnum in rubris et transeuntibus numeri etiam infra exspectationes sunt.,0.0,1.0,0.0,1.0,1.0
www.wbur.org,0.0,1.0,0.0,1.0,1.0
www.wbaltv.com,0.0,1.0,0.0,1.0,1.0
www.washingtonpost.com,0.0,1.0,0.0,1.0,1.0
www.welivesecurity.com,0.0,1.0,0.0,1.0,1.0
www.washington.edu,0.0,1.0,0.0,1.0,1.0
www.rap-up.com,0.0,1.0,0.0,1.0,1.0
www.rappler.com,0.0,1.0,0.0,1.0,1.0
asymco.com,0.0,1.0,0.0,1.0,1.0
"Erntedank in Bayern: So lief das Jahr für Landwirte, Winzer und Hopfenpflanzer. 135 Kilo heimische Kartoffeln stehen rein rechnerisch nach dieser Ernte für jeden Einwohner Bayerns bereit, aber nur 2,4 Kilo Äpfel: Zahlen und Fakten vor dem Erntedankfest.",0.0,1.0,0.0,1.0,1.0
"Erntedank in Bayern: So lief das Jahr für Landwirte, Winzer und Hopfenpflanzer. 135 Kilo heimische Kartoffeln stehen rein rechnerisch nach dieser Ernte für jeden Einwohner Bayerns bereit, aber nur 2,4 Kilo Äpfel: Zahlen und Fakten zum Erntedankfest.",0.0,1.0,0.0,1.0,1.0
www.vivaelbirdos.com,0.0,1.0,0.0,1.0,1.0
www.vintagefitness.ca,0.0,1.0,0.0,1.0,1.0
www.recordonline.com,0.0,1.0,0.0,1.0,1.0
www.redcuprebellion.com,0.0,1.0,0.0,1.0,1.0
www.redding.com,0.0,1.0,0.0,1.0,1.0
aviationweek.com,0.0,1.0,0.0,1.0,1.0
"Dunkelheit und Witterung: Von Ranzen bis Reifen - Darauf kommt es jetzt im Verkehr an. Mit der Zeitumstellung wird es früher dunkel, zudem rückt der Winter näher. Was sollten Auto-, Fahrradfahrer und Fußgänger jetzt im Verkehr beachten?",0.0,1.0,0.0,1.0,1.0
www.redflagdeals.com,0.0,1.0,0.0,1.0,1.0
www.wfaa.com,0.0,1.0,0.0,1.0,1.0
www.pewresearch.org,0.0,1.0,0.0,1.0,1.0
www.pharostribune.com,0.0,1.0,0.0,1.0,1.0
www.phillyvoice.com,0.0,1.0,0.0,1.0,1.0
www.phoronix.com,0.0,1.0,0.0,1.0,1.0
www.playmakerstats.com,0.0,1.0,0.0,1.0,1.0
Dramatische Rettung: Eingeschlossene Bergsteiger filmen Schneesturm auf Mount Everest. Heftiger Regen und Schnee treffen die Everest-Region. Fast 1000 Menschen sitzen auf 4900 Metern fest. Videos zeigen das extreme Wetter am höchsten Berg der Welt.,0.0,1.0,0.0,1.0,1.0
www.poconorecord.com,0.0,1.0,0.0,1.0,1.0
bengalswire.usatoday.com,0.0,1.0,0.0,1.0,1.0
www.wfmj.com,0.0,1.0,0.0,1.0,1.0
barcauniversal.com,0.0,1.0,0.0,1.0,1.0
bakedbree.com,0.0,1.0,0.0,1.0,1.0
www.postnewsgroup.com,0.0,1.0,0.0,1.0,1.0
www.progress-index.com,0.0,1.0,0.0,1.0,1.0
www.practicalecommerce.com,0.0,1.0,0.0,1.0,1.0
www.premiumtimesng.com,0.0,1.0,0.0,1.0,1.0
www.westernslopenow.com,0.0,1.0,0.0,1.0,1.0
www.pressherald.com,0.0,1.0,0.0,1.0,1.0
www.pressrepublican.com,0.0,1.0,0.0,1.0,1.0
www.prevention.com,0.0,1.0,0.0,1.0,1.0
www.pride.com,0.0,1.0,0.0,1.0,1.0
www.wesh.com,0.0,1.0,0.0,1.0,1.0
www.princeton.edu,0.0,1.0,0.0,1.0,1.0
www.prnewsonline.com,0.0,1.0,0.0,1.0,1.0
awfulannouncing.com,0.0,1.0,0.0,1.0,1.0
arxiv.org,0.0,1.0,0.0,1.0,1.0
www.verostrength.com,0.0,1.0,0.0,1.0,1.0
www.tribdem.com,0.0,1.0,0.0,1.0,1.0
www.tubefilter.com,0.0,1.0,0.0,1.0,1.0
"Gelsenkirchen - homo (23) rapinam in hortis arcet. In Gelsenkirchen, homo (23) latrocinii incepti in hortis super Adenauerallee vulneratus est. Sine praeda facinoris fugiunt.",0.0,1.0,0.0,1.0,1.0
alaskabeacon.com,0.0,1.0,0.0,1.0,1.0
www.scoop.co.nz,0.0,1.0,0.0,1.0,1.0
www.sctimes.com,0.0,1.0,0.0,1.0,1.0
aistack.imec-int.com,0.0,1.0,0.0,1.0,1.0
www.securityweek.com,0.0,1.0,0.0,1.0,1.0
www.seeddaily.com,0.0,1.0,0.0,1.0,1.0
www.seeedstudio.com,0.0,1.0,0.0,1.0,1.0
www.semafor.com,0.0,1.0,0.0,1.0,1.0
www.tvinsider.com,0.0,1.0,0.0,1.0,1.0
aiedusimplified.substack.com,0.0,1.0,0.0,1.0,1.0
www.shelbystar.com,0.0,1.0,0.0,1.0,1.0
www.unison.org.uk,0.0,1.0,0.0,1.0,1.0
www.shortoftheweek.com,0.0,1.0,0.0,1.0,1.0
www.shreveporttimes.com,0.0,1.0,0.0,1.0,1.0
agriculture.gouv.fr,0.0,1.0,0.0,1.0,1.0
agnr.umd.edu,0.0,1.0,0.0,1.0,1.0
www.silive.com,0.0,1.0,0.0,1.0,1.0
www.siskiyou.news,0.0,1.0,0.0,1.0,1.0
www.sistrix.de,0.0,1.0,0.0,1.0,1.0
www.sj-r.com,0.0,1.0,0.0,1.0,1.0
africasacountry.com,0.0,1.0,0.0,1.0,1.0
affordanything.com,0.0,1.0,0.0,1.0,1.0
www.tribune242.com,0.0,1.0,0.0,1.0,1.0
alaskapublic.org,0.0,1.0,0.0,1.0,1.0
www.sbnation.com,0.0,1.0,0.0,1.0,1.0
www.vanquishthefoe.com,0.0,1.0,0.0,1.0,1.0
"Folia pericula ponunt: civitas purgans iterum iterum colligit usque ad 20000 millia talentorum foliorum. Utrum scopa, analecta vel folium blower - Hamburg urbs purgatio department bellum autumnalibus foliis declaravit. Etsi laeta folia pulchra visu sunt, periculosa esse possunt.",0.0,1.0,0.0,1.0,1.0
"FC Winterthur iam vidi quasi relegatio quaedam in ruinam - cur iterum debent salvari? Clava sensatione in foedere mense Maio manere curatum est, nunc in diris angustiis iterum est. Ante ludum in Basilea, FCW primum suum vincere adhuc exspectat.",0.0,1.0,0.0,1.0,1.0
www.redmondpie.com,0.0,1.0,0.0,1.0,1.0
appleinsider.com,0.0,1.0,0.0,1.0,1.0
www.vaildaily.com,0.0,1.0,0.0,1.0,1.0
app.moby.co,0.0,1.0,0.0,1.0,1.0
www.roadandtrack.com,0.0,1.0,0.0,1.0,1.0
www.rochesterfirst.com,0.0,1.0,0.0,1.0,1.0
"Festum plantationis: Chemnitz celebrat poma cum plus mille arboribus novis. Caput Culturae malum celebrat: magis arbor plantatio, varia rerum progressio et adiumentum biodiversitatis notant ""Messem"" plantationis festivitatem.",0.0,1.0,0.0,1.0,1.0
www.rockchalktalk.com,0.0,1.0,0.0,1.0,1.0
www.usgs.gov,0.0,1.0,0.0,1.0,1.0
Fleißige Insekten: Imker bereiten Bienen auf Winter vor. Kirchhain (lhe) - Nach einer überdurchschnittlichen Honigernte in diesem Jahr bereiten die Imker ihre Bienen auf die kalte Jahreszeit vor. «Die Völker,0.0,1.0,0.0,1.0,1.0
anglotopia.net,0.0,1.0,0.0,1.0,1.0
"Gartenpflege: Sträucher richtig schneiden – warum Timing und Präzision entscheidend sind. Ob Ginster oder Schneeball: Wer Ziersträucher lieblos zurückschneidet, riskiert mindestens Blütenausfall. Wann, wie und womit man gängige Gartengehölze richtig schneidet.",0.0,1.0,0.0,1.0,1.0
anfieldindex.com,0.0,1.0,0.0,1.0,1.0
www.rtve.es,0.0,1.0,0.0,1.0,1.0
www.rubenerd.au,0.0,1.0,0.0,1.0,1.0
androidguys.com,0.0,1.0,0.0,1.0,1.0
"Frigora: Quot infectiones respiratoriae sunt normales in infantibus? In casu et hieme, multi pueri assidue tussiunt, una res tussis ad proximam ducit. Quando debes solliciti esse? Pediatrician exponit.",0.0,1.0,0.0,1.0,1.0
android.gadgethacks.com,0.0,1.0,0.0,1.0,1.0
android-developers.googleblog.com,0.0,1.0,0.0,1.0,1.0
www.sammobile.com,0.0,1.0,0.0,1.0,1.0
amg-news.com,0.0,1.0,0.0,1.0,1.0
www.santacruzsentinel.com,0.0,1.0,0.0,1.0,1.0
www.santafenewmexican.com,0.0,1.0,0.0,1.0,1.0
www.medicalnews.pk,0.0,1.0,0.0,1.0,1.0
palashthhakur.com,0.0,1.0,0.0,1.0,1.0
www.mediapost.com,0.0,1.0,0.0,1.0,1.0
whiplash.net,0.0,1.0,0.0,1.0,1.0
voiceonline.com,0.0,1.0,0.0,1.0,1.0
vrda.jpcert.or.jp,0.0,1.0,0.0,1.0,1.0
warriorswire.usatoday.com,0.0,1.0,0.0,1.0,1.0
washingtonian.com,0.0,1.0,0.0,1.0,1.0
washingtonpost.com,0.0,1.0,0.0,1.0,1.0
lateralaction.com,0.0,1.0,0.0,1.0,1.0
waxbanks.wordpress.com,0.0,1.0,0.0,1.0,1.0
waymo.com,0.0,1.0,0.0,1.0,1.0
wealthofgeeks.com,0.0,1.0,0.0,1.0,1.0
weandthecolor.com,0.0,1.0,0.0,1.0,1.0
largeheartedboy.com,0.0,1.0,0.0,1.0,1.0
weatherwest.com,0.0,1.0,0.0,1.0,1.0
wellnessmama.com,0.0,1.0,0.0,1.0,1.0
wgno.com,0.0,1.0,0.0,1.0,1.0
who13.com,0.0,1.0,0.0,1.0,1.0
www.404media.co,0.0,1.0,0.0,1.0,1.0
wimkin.com,0.0,1.0,0.0,1.0,1.0
wingolog.org,0.0,1.0,0.0,1.0,1.0
la.streetsblog.org,0.0,1.0,0.0,1.0,1.0
wirehub.medianewsgroup.com,0.0,1.0,0.0,1.0,1.0
wirres.net,0.0,1.0,0.0,1.0,1.0
wordpress.com,0.0,1.0,0.0,1.0,1.0
workdaymagazine.org,0.0,1.0,0.0,1.0,1.0
worksinprogress.co,0.0,1.0,0.0,1.0,1.0
worldfootballindex.com,0.0,1.0,0.0,1.0,1.0
ktvz.com,0.0,1.0,0.0,1.0,1.0
wornandwound.com,0.0,1.0,0.0,1.0,1.0
wptavern.com,0.0,1.0,0.0,1.0,1.0
ktar.com,0.0,1.0,0.0,1.0,1.0
komonews.com,0.0,1.0,0.0,1.0,1.0
virginiamercury.com,0.0,1.0,0.0,1.0,1.0
viralviralvideos.com,0.0,1.0,0.0,1.0,1.0
vippers.jp,0.0,1.0,0.0,1.0,1.0
vikingsterritory.com,0.0,1.0,0.0,1.0,1.0
thomasw.dev,0.0,1.0,0.0,1.0,1.0
local.yahoo.com,0.0,1.0,0.0,1.0,1.0
liverpooloffside.sbnation.com,0.0,1.0,0.0,1.0,1.0
link.springer.com,0.0,1.0,0.0,1.0,1.0
tomandlorenzo.com,0.0,1.0,0.0,1.0,1.0
topsidehustlenews.com,0.0,1.0,0.0,1.0,1.0
torrentfreak.com,0.0,1.0,0.0,1.0,1.0
travel.yahoo.com,0.0,1.0,0.0,1.0,1.0
trendytechtribe.com,0.0,1.0,0.0,1.0,1.0
lewiscampbell.tech,0.0,1.0,0.0,1.0,1.0
turkisharchaeonews.net,0.0,1.0,0.0,1.0,1.0
turnto10.com,0.0,1.0,0.0,1.0,1.0
twitchy.com,0.0,1.0,0.0,1.0,1.0
tympanus.net,0.0,1.0,0.0,1.0,1.0
typebulb.com,0.0,1.0,0.0,1.0,1.0
ugawire.usatoday.com,0.0,1.0,0.0,1.0,1.0
uisuite.net,0.0,1.0,0.0,1.0,1.0
leancrew.com,0.0,1.0,0.0,1.0,1.0
leadlapracing.com,0.0,1.0,0.0,1.0,1.0
unchartedterritories.tomaspueyo.com,0.0,1.0,0.0,1.0,1.0
unityhealth.to,0.0,1.0,0.0,1.0,1.0
uproxx.com,0.0,1.0,0.0,1.0,1.0
urbanomnibus.net,0.0,1.0,0.0,1.0,1.0
usa.streetsblog.org,0.0,1.0,0.0,1.0,1.0
vancouver.citynews.ca,0.0,1.0,0.0,1.0,1.0
vancouversun.com,0.0,1.0,0.0,1.0,1.0
leadershipfreak.blog,0.0,1.0,0.0,1.0,1.0
vasananjana.substack.com,0.0,1.0,0.0,1.0,1.0
veganlatest.blogspot.com,0.0,1.0,0.0,1.0,1.0
www.10news.com,0.0,1.0,0.0,1.0,1.0
www.43rumors.com,0.0,1.0,0.0,1.0,1.0
thisbugslife.com,0.0,1.0,0.0,1.0,1.0
www.babushahi.com,0.0,1.0,0.0,1.0,1.0
www.asianefficiency.com,0.0,1.0,0.0,1.0,1.0
www.asimov.press,0.0,1.0,0.0,1.0,1.0
www.asla.org,0.0,1.0,0.0,1.0,1.0
www.astralcodexten.com,0.0,1.0,0.0,1.0,1.0
www.augustachronicle.com,0.0,1.0,0.0,1.0,1.0
jacquelynclark.com,0.0,1.0,0.0,1.0,1.0
www.autoblog.com,0.0,1.0,0.0,1.0,1.0
j-source.ca,0.0,1.0,0.0,1.0,1.0
www.autoguide.com,0.0,1.0,0.0,1.0,1.0
itsfoss.com,0.0,1.0,0.0,1.0,1.0
www.autostraddle.com,0.0,1.0,0.0,1.0,1.0
www.autoweek.com,0.0,1.0,0.0,1.0,1.0
www.azfamily.com,0.0,1.0,0.0,1.0,1.0
www.azsnakepit.com,0.0,1.0,0.0,1.0,1.0
iopscience.iop.org,0.0,1.0,0.0,1.0,1.0
www.7x7.com,0.0,1.0,0.0,1.0,1.0
www.bangordailynews.com,0.0,1.0,0.0,1.0,1.0
www.barrons.com,0.0,1.0,0.0,1.0,1.0
www.bastillepost.com,0.0,1.0,0.0,1.0,1.0
www.battleredblog.com,0.0,1.0,0.0,1.0,1.0
insights.som.yale.edu,0.0,1.0,0.0,1.0,1.0
insightmyanmar.org,0.0,1.0,0.0,1.0,1.0
www.beautifullife.info,0.0,1.0,0.0,1.0,1.0
www.beyondplastics.org,0.0,1.0,0.0,1.0,1.0
www.bgs.ac.uk,0.0,1.0,0.0,1.0,1.0
www.biblegateway.com,0.0,1.0,0.0,1.0,1.0
imnews.impulsradioafrica.online,0.0,1.0,0.0,1.0,1.0
www.bleedcubbieblue.com,0.0,1.0,0.0,1.0,1.0
imbibemagazine.com,0.0,1.0,0.0,1.0,1.0
ikeahackers.net,0.0,1.0,0.0,1.0,1.0
jasmi.news,0.0,1.0,0.0,1.0,1.0
jetswire.usatoday.com,0.0,1.0,0.0,1.0,1.0
joefavorito.com,0.0,1.0,0.0,1.0,1.0
www.arlnow.com,0.0,1.0,0.0,1.0,1.0
www.8days.sg,0.0,1.0,0.0,1.0,1.0
www.9news.com.au,0.0,1.0,0.0,1.0,1.0
knowyourmeme.com,0.0,1.0,0.0,1.0,1.0
www.abc27.com,0.0,1.0,0.0,1.0,1.0
klaxon.live,0.0,1.0,0.0,1.0,1.0
kimdec.com.au,0.0,1.0,0.0,1.0,1.0
www.absurdlyoptimized.com,0.0,1.0,0.0,1.0,1.0
kidsactivitiesblog.com,0.0,1.0,0.0,1.0,1.0
www.aclu.org,0.0,1.0,0.0,1.0,1.0
www.acouplecooks.com,0.0,1.0,0.0,1.0,1.0
kfor.com,0.0,1.0,0.0,1.0,1.0
www.ad-hoc-news.de,0.0,1.0,0.0,1.0,1.0
www.addictedtoquack.com,0.0,1.0,0.0,1.0,1.0
www.adexchanger.com,0.0,1.0,0.0,1.0,1.0
www.adn.com,0.0,1.0,0.0,1.0,1.0
www.agweek.com,0.0,1.0,0.0,1.0,1.0
www.albawaba.com,0.0,1.0,0.0,1.0,1.0
katescreativespace.com,0.0,1.0,0.0,1.0,1.0
katalogpromosi.com,0.0,1.0,0.0,1.0,1.0
kabaragoya.com,0.0,1.0,0.0,1.0,1.0
johnthewanderer.com,0.0,1.0,0.0,1.0,1.0
www.anfieldwatch.co.uk,0.0,1.0,0.0,1.0,1.0
johnchow.com,0.0,1.0,0.0,1.0,1.0
www.anthropic.com,0.0,1.0,0.0,1.0,1.0
www.antiwar.com,0.0,1.0,0.0,1.0,1.0
www.aol.com,0.0,1.0,0.0,1.0,1.0
www.apartmenttherapy.com,0.0,1.0,0.0,1.0,1.0
johnaugust.com,0.0,1.0,0.0,1.0,1.0
joehoft.com,0.0,1.0,0.0,1.0,1.0
thistlewoodfarms.com,0.0,1.0,0.0,1.0,1.0
theyarn.slj.com,0.0,1.0,0.0,1.0,1.0
www.bluebirdbanter.com,0.0,1.0,0.0,1.0,1.0
sdomi.pl,0.0,1.0,0.0,1.0,1.0
rivva.de,0.0,1.0,0.0,1.0,1.0
ngmdb.usgs.gov,0.0,1.0,0.0,1.0,1.0
roadsandkingdoms.com,0.0,1.0,0.0,1.0,1.0
romapress.net,0.0,1.0,0.0,1.0,1.0
royalbluemersey.sbnation.com,0.0,1.0,0.0,1.0,1.0
ryueyes11.tistory.com,0.0,1.0,0.0,1.0,1.0
salmonfinder.com,0.0,1.0,0.0,1.0,1.0
newsletter.semianalysis.com,0.0,1.0,0.0,1.0,1.0
saunakitco.com,0.0,1.0,0.0,1.0,1.0
newsbusters.org,0.0,1.0,0.0,1.0,1.0
news4vip.livedoor.biz,0.0,1.0,0.0,1.0,1.0
sciencebasedmedicine.org,0.0,1.0,0.0,1.0,1.0
news4sanantonio.com,0.0,1.0,0.0,1.0,1.0
news.yale.edu,0.0,1.0,0.0,1.0,1.0
seahawkswire.usatoday.com,0.0,1.0,0.0,1.0,1.0
newhumanist.org.uk,0.0,1.0,0.0,1.0,1.0
seattle.urbansketchers.org,0.0,1.0,0.0,1.0,1.0
news.vt.edu,0.0,1.0,0.0,1.0,1.0
securelist.com,0.0,1.0,0.0,1.0,1.0
news.uq.edu.au,0.0,1.0,0.0,1.0,1.0
sf.funcheap.com,0.0,1.0,0.0,1.0,1.0
sgt.hootr.club,0.0,1.0,0.0,1.0,1.0
shereadstruth.com,0.0,1.0,0.0,1.0,1.0
news.stanford.edu,0.0,1.0,0.0,1.0,1.0
silodrome.com,0.0,1.0,0.0,1.0,1.0
news.livedoor.com,0.0,1.0,0.0,1.0,1.0
news.blizzard.com,0.0,1.0,0.0,1.0,1.0
news.alvaroduran.com,0.0,1.0,0.0,1.0,1.0
smittenkitchen.com,0.0,1.0,0.0,1.0,1.0
news.abplive.com,0.0,1.0,0.0,1.0,1.0
revealnews.org,0.0,1.0,0.0,1.0,1.0
republica.com,0.0,1.0,0.0,1.0,1.0
nofilmschool.com,0.0,1.0,0.0,1.0,1.0
reasonstobecheerful.world,0.0,1.0,0.0,1.0,1.0
ourbestbites.com,0.0,1.0,0.0,1.0,1.0
ototoy.jp,0.0,1.0,0.0,1.0,1.0
osxdaily.com,0.0,1.0,0.0,1.0,1.0
photosignal.app,0.0,1.0,0.0,1.0,1.0
osmc.tv,0.0,1.0,0.0,1.0,1.0
physicsworld.com,0.0,1.0,0.0,1.0,1.0
physiofunction.co.uk,0.0,1.0,0.0,1.0,1.0
pikabu.ru,0.0,1.0,0.0,1.0,1.0
osmand.net,0.0,1.0,0.0,1.0,1.0
play0ad.com,0.0,1.0,0.0,1.0,1.0
oregoncapitalchronicle.com,0.0,1.0,0.0,1.0,1.0
politiken.dk,0.0,1.0,0.0,1.0,1.0
portableapps.com,0.0,1.0,0.0,1.0,1.0
powerfox.jazzzny.me,0.0,1.0,0.0,1.0,1.0
open-piste.raed.workers.dev,0.0,1.0,0.0,1.0,1.0
prismreports.org,0.0,1.0,0.0,1.0,1.0
professortimkane.substack.com,0.0,1.0,0.0,1.0,1.0
omr.podigee.io,0.0,1.0,0.0,1.0,1.0
omny.fm,0.0,1.0,0.0,1.0,1.0
okmagazine.com,0.0,1.0,0.0,1.0,1.0
okcthunderwire.usatoday.com,0.0,1.0,0.0,1.0,1.0
pxlnv.com,0.0,1.0,0.0,1.0,1.0
offgridsurvival.com,0.0,1.0,0.0,1.0,1.0
queenbeetoday.com,0.0,1.0,0.0,1.0,1.0
offbeatwed.com,0.0,1.0,0.0,1.0,1.0
raiderswire.usatoday.com,0.0,1.0,0.0,1.0,1.0
ratfactor.com,0.0,1.0,0.0,1.0,1.0
realinvestmentadvice.com,0.0,1.0,0.0,1.0,1.0
nwknews.jp,0.0,1.0,0.0,1.0,1.0
snook.ca,0.0,1.0,0.0,1.0,1.0
networkingnerd.net,0.0,1.0,0.0,1.0,1.0
thewritepractice.com,0.0,1.0,0.0,1.0,1.0
martinsvillebulletin.com,0.0,1.0,0.0,1.0,1.0
the4thofficial.net,0.0,1.0,0.0,1.0,1.0
theamericanscholar.org,0.0,1.0,0.0,1.0,1.0
mixergy.com,0.0,1.0,0.0,1.0,1.0
theblast.com,0.0,1.0,0.0,1.0,1.0
thechalkboardmag.com,0.0,1.0,0.0,1.0,1.0
missoulian.com,0.0,1.0,0.0,1.0,1.0
military.com,0.0,1.0,0.0,1.0,1.0
thecurvyfashionista.com,0.0,1.0,0.0,1.0,1.0
microbiomejournal.biomedcentral.com,0.0,1.0,0.0,1.0,1.0
thednvr.com,0.0,1.0,0.0,1.0,1.0
thefly.com,0.0,1.0,0.0,1.0,1.0
thefrisky.com,0.0,1.0,0.0,1.0,1.0
thegraphicsfairy.com,0.0,1.0,0.0,1.0,1.0
media.ccc.de,0.0,1.0,0.0,1.0,1.0
theinspiredroom.net,0.0,1.0,0.0,1.0,1.0
nen.press,0.0,1.0,0.0,1.0,1.0
martech.zone,0.0,1.0,0.0,1.0,1.0
theleadsm.com,0.0,1.0,0.0,1.0,1.0
thelistwire.usatoday.com,0.0,1.0,0.0,1.0,1.0
maketecheasier.com,0.0,1.0,0.0,1.0,1.0
theplaylist.net,0.0,1.0,0.0,1.0,1.0
madole.xyz,0.0,1.0,0.0,1.0,1.0
machinelearningmastery.com,0.0,1.0,0.0,1.0,1.0
theredline.versionstory.com,0.0,1.0,0.0,1.0,1.0
thesimplyluxuriouslife.com,0.0,1.0,0.0,1.0,1.0
thestripe.com,0.0,1.0,0.0,1.0,1.0
thesurvivalmom.com,0.0,1.0,0.0,1.0,1.0
thetilehurstend.sbnation.com,0.0,1.0,0.0,1.0,1.0
thetrek.co,0.0,1.0,0.0,1.0,1.0
thewest.com.au,0.0,1.0,0.0,1.0,1.0
texastreesurgeons.com,0.0,1.0,0.0,1.0,1.0
terribleminds.com,0.0,1.0,0.0,1.0,1.0
terrashift.io,0.0,1.0,0.0,1.0,1.0
tedium.co,0.0,1.0,0.0,1.0,1.0
soundcloud.com,0.0,1.0,0.0,1.0,1.0
source.washu.edu,0.0,1.0,0.0,1.0,1.0
sourcenm.com,0.0,1.0,0.0,1.0,1.0
nautil.us,0.0,1.0,0.0,1.0,1.0
nathanbarry.com,0.0,1.0,0.0,1.0,1.0
sparkbox.com,0.0,1.0,0.0,1.0,1.0
splitsizer.com,0.0,1.0,0.0,1.0,1.0
natalie.mu,0.0,1.0,0.0,1.0,1.0
mysticryst.com,0.0,1.0,0.0,1.0,1.0
sportsnaut.com,0.0,1.0,0.0,1.0,1.0
sportsview.co.uk,0.0,1.0,0.0,1.0,1.0
sprudge.com,0.0,1.0,0.0,1.0,1.0
ssir.org,0.0,1.0,0.0,1.0,1.0
sspai.me,0.0,1.0,0.0,1.0,1.0
myfox8.com,0.0,1.0,0.0,1.0,1.0
music.douban.com,0.0,1.0,0.0,1.0,1.0
steveblank.com,0.0,1.0,0.0,1.0,1.0
strata.highloop.co,0.0,1.0,0.0,1.0,1.0
stratechery.com,0.0,1.0,0.0,1.0,1.0
motion.dev,0.0,1.0,0.0,1.0,1.0
studyfinds.com,0.0,1.0,0.0,1.0,1.0
substack.lucasgelfond.online,0.0,1.0,0.0,1.0,1.0
moneysavingmom.com,0.0,1.0,0.0,1.0,1.0
swns.live,0.0,1.0,0.0,1.0,1.0
mondoweiss.net,0.0,1.0,0.0,1.0,1.0
tatertotsandjello.com,0.0,1.0,0.0,1.0,1.0
modal.com,0.0,1.0,0.0,1.0,1.0
techlife.blog,0.0,1.0,0.0,1.0,1.0
techpinions.com,0.0,1.0,0.0,1.0,1.0
iasexamportal.com,0.0,1.0,0.0,1.0,1.0
www.bordermail.com.au,0.0,1.0,0.0,1.0,1.0
chb44.com,0.0,1.0,0.0,1.0,1.0
www.ikka.cloud,0.0,1.0,0.0,1.0,1.0
www.history.com,0.0,1.0,0.0,1.0,1.0
deceleration.news,0.0,1.0,0.0,1.0,1.0
www.hogshaven.com,0.0,1.0,0.0,1.0,1.0
dasnuf.de,0.0,1.0,0.0,1.0,1.0
www.hoopshype.com,0.0,1.0,0.0,1.0,1.0
www.hospitalmanagement.net,0.0,1.0,0.0,1.0,1.0
pdx.eater.com,0.0,1.0,0.0,1.0,1.0
danwang.co,0.0,1.0,0.0,1.0,1.0
danielmiessler.com,0.0,1.0,0.0,1.0,1.0
dallasexpress.com,0.0,1.0,0.0,1.0,1.0
dailyreckoning.com,0.0,1.0,0.0,1.0,1.0
www.ibtimes.co.uk,0.0,1.0,0.0,1.0,1.0
dailypsychedelicvideo.com,0.0,1.0,0.0,1.0,1.0
dailymindbalance.com,0.0,1.0,0.0,1.0,1.0
www.ilounge.com,0.0,1.0,0.0,1.0,1.0
www.ithacajournal.com,0.0,1.0,0.0,1.0,1.0
www.inautonews.com,0.0,1.0,0.0,1.0,1.0
www.indiablooms.com,0.0,1.0,0.0,1.0,1.0
www.indiancatholicmatters.org,0.0,1.0,0.0,1.0,1.0
www.infoq.com,0.0,1.0,0.0,1.0,1.0
www.informnny.com,0.0,1.0,0.0,1.0,1.0
www.inforum.com,0.0,1.0,0.0,1.0,1.0
www.inquirer.com,0.0,1.0,0.0,1.0,1.0
www.insidetucsonbusiness.com,0.0,1.0,0.0,1.0,1.0
dailyastorian.com,0.0,1.0,0.0,1.0,1.0
www.investopedia.com,0.0,1.0,0.0,1.0,1.0
ct-uplink.podigee.io,0.0,1.0,0.0,1.0,1.0
www.irunfar.com,0.0,1.0,0.0,1.0,1.0
www.isegoria.net,0.0,1.0,0.0,1.0,1.0
www.islandpacket.com,0.0,1.0,0.0,1.0,1.0
www.hindustantimes.com,0.0,1.0,0.0,1.0,1.0
degenerateart.beehiiv.com,0.0,1.0,0.0,1.0,1.0
www.hgptv.com,0.0,1.0,0.0,1.0,1.0
www.heyitsfree.net,0.0,1.0,0.0,1.0,1.0
www.gbnews.com,0.0,1.0,0.0,1.0,1.0
docodethatmatters.com,0.0,1.0,0.0,1.0,1.0
www.geekwire.com,0.0,1.0,0.0,1.0,1.0
dnyuz.com,0.0,1.0,0.0,1.0,1.0
www.geographyrealm.com,0.0,1.0,0.0,1.0,1.0
www.gettingsmart.com,0.0,1.0,0.0,1.0,1.0
www.ghanaweb.com,0.0,1.0,0.0,1.0,1.0
discovery.kaust.edu.sa,0.0,1.0,0.0,1.0,1.0
www.glossy.co,0.0,1.0,0.0,1.0,1.0
www.gmanetwork.com,0.0,1.0,0.0,1.0,1.0
dictionaryblog.cambridge.org,0.0,1.0,0.0,1.0,1.0
www.gog.com,0.0,1.0,0.0,1.0,1.0
www.goldenstateofmind.com,0.0,1.0,0.0,1.0,1.0
developer.nvidia.com,0.0,1.0,0.0,1.0,1.0
www.goodbullhunting.com,0.0,1.0,0.0,1.0,1.0
detroitsportsnation.com,0.0,1.0,0.0,1.0,1.0
www.greenbaypressgazette.com,0.0,1.0,0.0,1.0,1.0
www.grrlpowercomic.com,0.0,1.0,0.0,1.0,1.0
www.gsmarena.com,0.0,1.0,0.0,1.0,1.0
www.guildwars2.com,0.0,1.0,0.0,1.0,1.0
www.gwinnettdailypost.com,0.0,1.0,0.0,1.0,1.0
designformankind.com,0.0,1.0,0.0,1.0,1.0
www.harvardmagazine.com,0.0,1.0,0.0,1.0,1.0
www.hawaiinewsnow.com,0.0,1.0,0.0,1.0,1.0
www.hbs.edu,0.0,1.0,0.0,1.0,1.0
deno.com,0.0,1.0,0.0,1.0,1.0
www.heatpumped.org,0.0,1.0,0.0,1.0,1.0
www.heraldsun.com,0.0,1.0,0.0,1.0,1.0
www.heraldtimesonline.com,0.0,1.0,0.0,1.0,1.0
css-tricks.com,0.0,1.0,0.0,1.0,1.0
www.itnews.com.au,0.0,1.0,0.0,1.0,1.0
dr2chase.wordpress.com,0.0,1.0,0.0,1.0,1.0
www.louisianafirstnews.com,0.0,1.0,0.0,1.0,1.0
www.lewrockwell.com,0.0,1.0,0.0,1.0,1.0
www.lifehack.org,0.0,1.0,0.0,1.0,1.0
www.lifeinsuranceinternational.com,0.0,1.0,0.0,1.0,1.0
www.lilachbullock.com,0.0,1.0,0.0,1.0,1.0
www.linkedin.com,0.0,1.0,0.0,1.0,1.0
www.linux-magazin.de,0.0,1.0,0.0,1.0,1.0
www.lionsroar.com,0.0,1.0,0.0,1.0,1.0
www.livenowfox.com,0.0,1.0,0.0,1.0,1.0
www.livingrichwithcoupons.com,0.0,1.0,0.0,1.0,1.0
www.llllitl.fr,0.0,1.0,0.0,1.0,1.0
www.local10.com,0.0,1.0,0.0,1.0,1.0
www.logos.com,0.0,1.0,0.0,1.0,1.0
www.lohud.com,0.0,1.0,0.0,1.0,1.0
www.lokmattimes.com,0.0,1.0,0.0,1.0,1.0
www.loveandlemons.com,0.0,1.0,0.0,1.0,1.0
www.jacksonville.com,0.0,1.0,0.0,1.0,1.0
clsbluesky.law.columbia.edu,0.0,1.0,0.0,1.0,1.0
www.majorgeeks.com,0.0,1.0,0.0,1.0,1.0
clarkesworldmagazine.com,0.0,1.0,0.0,1.0,1.0
www.malone.news,0.0,1.0,0.0,1.0,1.0
www.managingmadrid.com,0.0,1.0,0.0,1.0,1.0
www.mandatory.com,0.0,1.0,0.0,1.0,1.0
www.manufacturingdive.com,0.0,1.0,0.0,1.0,1.0
civileats.com,0.0,1.0,0.0,1.0,1.0
www.markenmut.de,0.0,1.0,0.0,1.0,1.0
www.markhorrell.com,0.0,1.0,0.0,1.0,1.0
www.mashed.com,0.0,1.0,0.0,1.0,1.0
chinadigitaltimes.net,0.0,1.0,0.0,1.0,1.0
www.mavsmoneyball.com,0.0,1.0,0.0,1.0,1.0
www.mccoveychronicles.com,0.0,1.0,0.0,1.0,1.0
www.lensculture.com,0.0,1.0,0.0,1.0,1.0
www.lemis.com,0.0,1.0,0.0,1.0,1.0
www.lawnext.com,0.0,1.0,0.0,1.0,1.0
www.landgrantholyland.com,0.0,1.0,0.0,1.0,1.0
cshperspectives.cshlp.org,0.0,1.0,0.0,1.0,1.0
www.jns.org,0.0,1.0,0.0,1.0,1.0
cryptonews.com,0.0,1.0,0.0,1.0,1.0
www.journal-news.com,0.0,1.0,0.0,1.0,1.0
crimethinc.com,0.0,1.0,0.0,1.0,1.0
cp.copernicus.org,0.0,1.0,0.0,1.0,1.0
coveteur.com,0.0,1.0,0.0,1.0,1.0
www.just-auto.com,0.0,1.0,0.0,1.0,1.0
www.justarsenal.com,0.0,1.0,0.0,1.0,1.0
contexts.org,0.0,1.0,0.0,1.0,1.0
www.kake.com,0.0,1.0,0.0,1.0,1.0
www.kansascity.com,0.0,1.0,0.0,1.0,1.0
www.katheats.com,0.0,1.0,0.0,1.0,1.0
www.kcau9.com,0.0,1.0,0.0,1.0,1.0
www.kenklippenstein.com,0.0,1.0,0.0,1.0,1.0
constitutionofinnovation.eu,0.0,1.0,0.0,1.0,1.0
community.spotify.com,0.0,1.0,0.0,1.0,1.0
www.kitsapsun.com,0.0,1.0,0.0,1.0,1.0
www.klfy.com,0.0,1.0,0.0,1.0,1.0
www.kmjn.org,0.0,1.0,0.0,1.0,1.0
www.koreatimes.co.kr,0.0,1.0,0.0,1.0,1.0
colossus.com,0.0,1.0,0.0,1.0,1.0
www.kraftfuttermischwerk.de,0.0,1.0,0.0,1.0,1.0
www.kraxel.org,0.0,1.0,0.0,1.0,1.0
www.kron4.com,0.0,1.0,0.0,1.0,1.0
www.krone.at,0.0,1.0,0.0,1.0,1.0
www.ksat.com,0.0,1.0,0.0,1.0,1.0
www.ktsm.com,0.0,1.0,0.0,1.0,1.0
collegesportswire.usatoday.com,0.0,1.0,0.0,1.0,1.0
www.ganggreennation.com,0.0,1.0,0.0,1.0,1.0
econbrowser.com,0.0,1.0,0.0,1.0,1.0
i-70scout.com,0.0,1.0,0.0,1.0,1.0
www.coolcatteacher.com,0.0,1.0,0.0,1.0,1.0
www.cjr.org,0.0,1.0,0.0,1.0,1.0
www.clarionledger.com,0.0,1.0,0.0,1.0,1.0
www.click2houston.com,0.0,1.0,0.0,1.0,1.0
hardware.slashdot.org,0.0,1.0,0.0,1.0,1.0
www.climatecentral.org,0.0,1.0,0.0,1.0,1.0
www.cmswire.com,0.0,1.0,0.0,1.0,1.0
happyherbivore.com,0.0,1.0,0.0,1.0,1.0
www.cnbctv18.com,0.0,1.0,0.0,1.0,1.0
www.comingsoon.net,0.0,1.0,0.0,1.0,1.0
www.commercialappeal.com,0.0,1.0,0.0,1.0,1.0
godanriver.com,0.0,1.0,0.0,1.0,1.0
www.computerworld.com,0.0,1.0,0.0,1.0,1.0
www.construction-physics.com,0.0,1.0,0.0,1.0,1.0
globemagazine.com,0.0,1.0,0.0,1.0,1.0
globalvoices.org,0.0,1.0,0.0,1.0,1.0
www.dcnewsnow.com,0.0,1.0,0.0,1.0,1.0
www.cornnation.com,0.0,1.0,0.0,1.0,1.0
git.kernel.org,0.0,1.0,0.0,1.0,1.0
www.coveringthecorner.com,0.0,1.0,0.0,1.0,1.0
getairscore.com,0.0,1.0,0.0,1.0,1.0
www.creativereview.co.uk,0.0,1.0,0.0,1.0,1.0
geopoliticaleconomy.com,0.0,1.0,0.0,1.0,1.0
www.crossingwallstreet.com,0.0,1.0,0.0,1.0,1.0
www.crossway.org,0.0,1.0,0.0,1.0,1.0
www.ctinsider.com,0.0,1.0,0.0,1.0,1.0
www.dailydot.com,0.0,1.0,0.0,1.0,1.0
www.dailyindependent.com,0.0,1.0,0.0,1.0,1.0
genomebiology.biomedcentral.com,0.0,1.0,0.0,1.0,1.0
www.dailynews.com,0.0,1.0,0.0,1.0,1.0
www.daytondailynews.com,0.0,1.0,0.0,1.0,1.0
www.cjonline.com,0.0,1.0,0.0,1.0,1.0
www.citizen.digital,0.0,1.0,0.0,1.0,1.0
www.cincyjungle.com,0.0,1.0,0.0,1.0,1.0
hayters.com,0.0,1.0,0.0,1.0,1.0
www.bostonglobe.com,0.0,1.0,0.0,1.0,1.0
www.brandonsun.com,0.0,1.0,0.0,1.0,1.0
19thnews.org,0.0,1.0,0.0,1.0,1.0
www.brennancenter.org,0.0,1.0,0.0,1.0,1.0
www.bringonthecats.com,0.0,1.0,0.0,1.0,1.0
hsph.harvard.edu,0.0,1.0,0.0,1.0,1.0
www.brooklynvegan.com,0.0,1.0,0.0,1.0,1.0
hothardware.com,0.0,1.0,0.0,1.0,1.0
www.buddytv.com,0.0,1.0,0.0,1.0,1.0
www.budgetbytes.com,0.0,1.0,0.0,1.0,1.0
www.buffalorising.com,0.0,1.0,0.0,1.0,1.0
www.bugmartini.com,0.0,1.0,0.0,1.0,1.0
hiphopwired.com,0.0,1.0,0.0,1.0,1.0
hip2save.com,0.0,1.0,0.0,1.0,1.0
www.c21media.net,0.0,1.0,0.0,1.0,1.0
www.camer.be,0.0,1.0,0.0,1.0,1.0
www.canarymedia.com,0.0,1.0,0.0,1.0,1.0
hgpi.org,0.0,1.0,0.0,1.0,1.0
hellorayo.co.uk,0.0,1.0,0.0,1.0,1.0
heavymedal.slj.com,0.0,1.0,0.0,1.0,1.0
www.cdc.gov,0.0,1.0,0.0,1.0,1.0
healthyhabitsvault.com,0.0,1.0,0.0,1.0,1.0
www.centralnebraskatoday.com,0.0,1.0,0.0,1.0,1.0
www.cfodive.com,0.0,1.0,0.0,1.0,1.0
www.challies.com,0.0,1.0,0.0,1.0,1.0
healthcareuncovered.substack.com,0.0,1.0,0.0,1.0,1.0
www.charlotteobserver.com,0.0,1.0,0.0,1.0,1.0
health.yahoo.com,0.0,1.0,0.0,1.0,1.0
www.christianity.com,0.0,1.0,0.0,1.0,1.0
www.dbreunig.com,0.0,1.0,0.0,1.0,1.0
games.slashdot.org,0.0,1.0,0.0,1.0,1.0
economyclassandbeyond.boardingarea.com,0.0,1.0,0.0,1.0,1.0
www.fox21news.com,0.0,1.0,0.0,1.0,1.0
www.fashionbeans.com,0.0,1.0,0.0,1.0,1.0
evolvingweb.com,0.0,1.0,0.0,1.0,1.0
www.fearthewall.com,0.0,1.0,0.0,1.0,1.0
www.fieldgulls.com,0.0,1.0,0.0,1.0,1.0
www.fijitimes.com.fj,0.0,1.0,0.0,1.0,1.0
www.finextra.com,0.0,1.0,0.0,1.0,1.0
www.firstalert4.com,0.0,1.0,0.0,1.0,1.0
www.floodmap.net,0.0,1.0,0.0,1.0,1.0
www.floracing.com,0.0,1.0,0.0,1.0,1.0
eukaryotewritesblog.com,0.0,1.0,0.0,1.0,1.0
www.foodsafetynews.com,0.0,1.0,0.0,1.0,1.0
www.football-espana.net,0.0,1.0,0.0,1.0,1.0
www.foreverblueshirts.com,0.0,1.0,0.0,1.0,1.0
www.fox13news.com,0.0,1.0,0.0,1.0,1.0
enrollwithtracilane.com,0.0,1.0,0.0,1.0,1.0
www.delmarvanow.com,0.0,1.0,0.0,1.0,1.0
www.fox35orlando.com,0.0,1.0,0.0,1.0,1.0
www.fox44news.com,0.0,1.0,0.0,1.0,1.0
www.fox4news.com,0.0,1.0,0.0,1.0,1.0
english.elpais.com,0.0,1.0,0.0,1.0,1.0
engineering.fb.com,0.0,1.0,0.0,1.0,1.0
www.fox5vegas.com,0.0,1.0,0.0,1.0,1.0
www.fox61.com,0.0,1.0,0.0,1.0,1.0
engineering.block.xyz,0.0,1.0,0.0,1.0,1.0
www.fox9.com,0.0,1.0,0.0,1.0,1.0
www.foxbusiness.com,0.0,1.0,0.0,1.0,1.0
eli.li,0.0,1.0,0.0,1.0,1.0
electronicintifada.net,0.0,1.0,0.0,1.0,1.0
www.fratellowatches.com,0.0,1.0,0.0,1.0,1.0
www.freelock.com,0.0,1.0,0.0,1.0,1.0
ew.com,0.0,1.0,0.0,1.0,1.0
excitingcommerce.de,0.0,1.0,0.0,1.0,1.0
www.factcheck.org,0.0,1.0,0.0,1.0,1.0
www.ewn.co.za,0.0,1.0,0.0,1.0,1.0
game.giveawayoftheday.com,0.0,1.0,0.0,1.0,1.0
g87.bimmerpost.com,0.0,1.0,0.0,1.0,1.0
www.derekthompson.org,0.0,1.0,0.0,1.0,1.0
fuckingyoung.es,0.0,1.0,0.0,1.0,1.0
fsfe.org,0.0,1.0,0.0,1.0,1.0
www.designer-daily.com,0.0,1.0,0.0,1.0,1.0
www.desiringgod.org,0.0,1.0,0.0,1.0,1.0
frequentmiler.com,0.0,1.0,0.0,1.0,1.0
fox11online.com,0.0,1.0,0.0,1.0,1.0
fortworthreport.org,0.0,1.0,0.0,1.0,1.0
www.doomsdayscenario.co,0.0,1.0,0.0,1.0,1.0
www.draysbay.com,0.0,1.0,0.0,1.0,1.0
www.drinkhacker.com,0.0,1.0,0.0,1.0,1.0
www.dubaichronicle.com,0.0,1.0,0.0,1.0,1.0
www.dumblittleman.com,0.0,1.0,0.0,1.0,1.0
fontsinuse.com,0.0,1.0,0.0,1.0,1.0
www.earth.com,0.0,1.0,0.0,1.0,1.0
www.eatingwell.com,0.0,1.0,0.0,1.0,1.0
www.ecoportal.net,0.0,1.0,0.0,1.0,1.0
www.ecr.co.za,0.0,1.0,0.0,1.0,1.0
www.edsurge.com,0.0,1.0,0.0,1.0,1.0
www.educationnext.org,0.0,1.0,0.0,1.0,1.0
www.envirolink.org,0.0,1.0,0.0,1.0,1.0
floridapolitics.com,0.0,1.0,0.0,1.0,1.0
finnian.io,0.0,1.0,0.0,1.0,1.0
fijisun.com.fj,0.0,1.0,0.0,1.0,1.0
eyeoftheflyer.com,0.0,1.0,0.0,1.0,1.0
www.europesays.com,0.0,1.0,0.0,1.0,1.0
www.evolo.us,0.0,1.0,0.0,1.0,1.0
www.howsweeteats.com,0.0,1.0,0.0,1.0,1.0
