,phrase,label,sentiment,subjectivity,language,count
USA,,,,,,
Deutschland,,,,,,
Berlin,,,,,,
…,,,,,,
Venezuela,,,,,,
Kalifornien,,,,,,
Europa,,,,,,
Philippinen,,,,,,
Japan,,,,,,
Frankreich,,,,,,
Brandenburg,,,,,,
Jamaika,,,,,,
Indonesien,,,,,,
Erdbeben der Stärke,,,,,,
Stadt,,,,,,
Bayern,,,,,,
Erde,,,,,,
Waldbränden,,,,,,
Hessen,,,,,,
Spanien,,,,,,
Landes,,,,,,
China,,,,,,
Texas,,,,,,
Glatteis,,,,,,
Großbritannien,,,,,,
Nepal,,,,,,
Erdbeben,,,,,,
Indien,,,,,,
New York,,,,,,
Hawaii,,,,,,
Delhi,,,,,,
Los Angeles,,,,,,
Kanada,,,,,,
Waldbrand,,,,,,
nan,,,,,,
Florida,,,,,,
Japans,,,,,,
den USA,,,,,,
Deutschlands,,,,,,
Bewohner,,,,,,
Alpen,,,,,,
Iran,,,,,,
Washington,,,,,,
Vereinigten Staaten,,,,,,
Österreich,,,,,,
Europas,,,,,,
NRW,,,,,,
Amerikaner,,,,,,
Rheinland-Pfalz,,,,,,
Mexiko,,,,,,
Kuba,,,,,,
Ukraine,,,,,,
Baden-Württemberg,,,,,,
Schnee,,,,,,
New York City,,,,,,
Colorado,,,,,,
Südkalifornien,,,,,,
Niedersachsen,,,,,,
Australien,,,,,,
Kolumbien,,,,,,
Hitze,,,,,,
Pakistan,,,,,,
Italien,,,,,,
Hamburg,,,,,,
Karibik,,,,,,
Alaska,,,,,,
Erdbeben in Venezuela,,,,,,
Sri Lanka,,,,,,
Vietnam,,,,,,
Atlantik,,,,,,
Sachsen,,,,,,
Portugal,,,,,,
Saarland,,,,,,
“,,,,,,
Griechenland,,,,,,
Land,,,,,,
Neuseeland,,,,,,
Thüringen,,,,,,
Russland,,,,,,
New Jersey,,,,,,
Chicago,,,,,,
München,,,,,,
England,,,,,,
Brasilien,,,,,,
Ostküste,,,,,,
Sizilien,,,,,,
Staaten,,,,,,
Gewitter,,,,,,
Sachsen-Anhalt,,,,,,
Regen,,,,,,
Bergen,,,,,,
Afghanistan,,,,,,
Erdrutsch,,,,,,
Manitoba,,,,,,
Indiens,,,,,,
Utah,,,,,,
Pazifik,,,,,,
Indiana,,,,,,
Temperaturen,,,,,,
Kaliforniens,,,,,,
Irland,,,,,,
Schneesturm,,,,,,
Queensland,,,,,,
Lawine,,,,,,
Türkei,,,,,,
Küste,,,,,,
Lake Tahoe,,,,,,
Taiwan,,,,,,
Südtirol,,,,,,
Evakuierungen,,,,,,
Tirol,,,,,,
Schweiz,,,,,,
Offenbach,,,,,,
Ontario,,,,,,
Mars,,,,,,
Starkregen,,,,,,
Chinas,,,,,,
Minnesota,,,,,,
Guatemala,,,,,,
Sturmböen,,,,,,
Rhein,,,,,,
Frankreichs,,,,,,
Wisconsin,,,,,,
Australiens,,,,,,
El Niño,,,,,,
Israel,,,,,,
Thailand,,,,,,
Nebel,,,,,,
Asien,,,,,,
Stuttgart,,,,,,
Louisiana,,,,,,
Michigan,,,,,,
Hause,,,,,,
Miami,,,,,,
Südostasien,,,,,,
Broad Peak,,,,,,
British Columbia,,,,,,
Gaza,,,,,,
Paris,,,,,,
Victoria,,,,,,
Amerika,,,,,,
Toronto,,,,,,
Noida,,,,,,
Meteorologen,,,,,,
Sumatra,,,,,,
Himalaya,,,,,,
Afrika,,,,,,
Caracas,,,,,,
Indonesiens,,,,,,
Kanadas,,,,,,
Bangladesch,,,,,,
Haiti,,,,,,
Hitzewelle,,,,,,
Oregon,,,,,,
Nordrhein-Westfalen,,,,,,
Oklahoma,,,,,,
Gange,,,,,,
Bayerns,,,,,,
Ontarios,,,,,,
Illinois,,,,,,
London,,,,,,
Wintersturm,,,,,,
Stromausfall,,,,,,
Erdbeben in Kolumbien,,,,,,
New Yorker,,,,,,
Donau,,,,,,
Südafrika,,,,,,
Tibet,,,,,,
Tornados,,,,,,
Erdbeben in Afghanistan,,,,,,
Punjab,,,,,,
Massachusetts,,,,,,
Spokane,,,,,,
Arizona,,,,,,
Frankfurt,,,,,,
Notstand,,,,,,
Äthiopien,,,,,,
Erdbeben in Japan,,,,,,
LA,,,,,,
Mount Everest,,,,,,
Warnungen,,,,,,
Mumbai,,,,,,
Philadelphia,,,,,,
Tamil Nadu,,,,,,
Ungarn,,,,,,
Großen Seen,,,,,,
Nevada,,,,,,
Missouri,,,,,,
Bremen,,,,,,
Ibiza,,,,,,
Trümmern,,,,,,
Kerala,,,,,,
B.C.,,,,,,
Georgia,,,,,,
Houston,,,,,,
Lagos,,,,,,
Antarktis,,,,,,
Pazifischen Ozean,,,,,,
New South Wales,,,,,,
Alberta,,,,,,
Bundesstaat,,,,,,
US-Präsident,,,,,,
North Carolina,,,,,,
Amerikas,,,,,,
Argentinien,,,,,,
Mississippi,,,,,,
Denver,,,,,,
Malaysia,,,,,,
Mecklenburg-Vorpommern,,,,,,
Ätna,,,,,,
Gemeinde,,,,,,
Stromausfälle,,,,,,
Afghanistans,,,,,,
Hitzewellen,,,,,,
Chile,,,,,,
Schleswig-Holstein,,,,,,
Met Office,,,,,,
Elbe,,,,,,
Flughafen,,,,,,
lsw,,,,,,
Ohio,,,,,,
Wien,,,,,,
Sturmflut,,,,,,
Kentucky,,,,,,
Gebiet,,,,,,
Tokio,,,,,,
Unfälle,,,,,,
Lawinenunglück,,,,,,
Österreichs,,,,,,
Virginia,,,,,,
Sabah,,,,,,
Reuters,,,,,,
Brand,,,,,,
Nordindien,,,,,,
US-Bundesstaaten,,,,,,
Venezuelas,,,,,,
Kansas,,,,,,
Uttar Pradesh,,,,,,
Kraft,,,,,,
Regenfälle,,,,,,
Bordeaux,,,,,,
Lancaster County,,,,,,
Kalkutta,,,,,,
Schweden,,,,,,
Istanbul,,,,,,
Bränden,,,,,,
Südfrankreich,,,,,,
L.A.,,,,,,
Reutlingen,,,,,,
Rhein-Main,,,,,,
Spaniens,,,,,,
Nordamerika,,,,,,
Kaschmir,,,,,,
Steiermark,,,,,,
Veröffentlichung,,,,,,
Neuseelands,,,,,,
Bay Area,,,,,,
Tennessee,,,,,,
Russlands,,,,,,
Bali,,,,,,
Kenia,,,,,,
Alaskas,,,,,,
Mount Maunganui,,,,,,
Sturm,,,,,,
Versand,,,,,,
Ottawa,,,,,,
Assam,,,,,,
Neapel,,,,,,
Dresden,,,,,,
Provinz,,,,,,
Big Island,,,,,,
Erdbeben auf den Philippinen,,,,,,
Brandenburgs,,,,,,
Flughafen Delhi,,,,,,
Bodensee,,,,,,
Dürre,,,,,,
Berlins,,,,,,
Nordsee,,,,,,
Harz,,,,,,
Kaltfront,,,,,,
Floridas,,,,,,
Freistaat,,,,,,
Norditalien,,,,,,
Marokko,,,,,,
Potsdam,,,,,,
Böen,,,,,,
Gurugram,,,,,,
Streusalz,,,,,,
Nepals,,,,,,
Briten,,,,,,
Melissa,,,,,,
Mexiko-Stadt,,,,,,
Gebäuden,,,,,,
Sierra Nevada,,,,,,
Chennai,,,,,,
Flores,,,,,,
Eisregen,,,,,,
Irak,,,,,,
Vereinigte Königreich,,,,,,
Wales,,,,,,
Brasiliens,,,,,,
San Diego,,,,,,
Westens,,,,,,
Tropensturm Bertha,,,,,,
Golfküste,,,,,,
Anmarsch,,,,,,
Teheran,,,,,,
Maharashtra,,,,,,
Neuengland,,,,,,
Lawinenabgang,,,,,,
Mittwoch,,,,,,
Vereinigten Königreichs,,,,,,
Grönland,,,,,,
Gazastreifen,,,,,,
Windböen,,,,,,
"Erdbeben der Stärke 7,4",,,,,,
Kamtschatka,,,,,,
Uttarakhand,,,,,,
Island,,,,,,
Himachal Pradesh,,,,,,
Kumamoto,,,,,,
Unwetter,,,,,,
Athen,,,,,,
Myanmar,,,,,,
Peru,,,,,,
Hannover,,,,,,
Nordkalifornien,,,,,,
Kreta,,,,,,
Englands,,,,,,
Bäume,,,,,,
Aceh,,,,,,
sn,,,,,,
Java,,,,,,
Golf,,,,,,
Boston,,,,,,
Dauereinsatz,,,,,,
Dublin,,,,,,
Nordinsel,,,,,,
Temperaturrekord,,,,,,
Südkorea,,,,,,
Nebraska,,,,,,
Lava,,,,,,
Mexikos,,,,,,
Thanksgiving,,,,,,
Italiens,,,,,,
Pennsylvania,,,,,,
Grand Canyon,,,,,,
Südspanien,,,,,,
Northern Territory,,,,,,
La Guaira,,,,,,
Trümmer,,,,,,
Bihar,,,,,,
Catania,,,,,,
Ostsee,,,,,,
Tropensturm Melissa,,,,,,
Edmonton,,,,,,
Mosambik,,,,,,
Maryland,,,,,,
San Francisco,,,,,,
Buschbränden,,,,,,
Straße,,,,,,
Vorarlberg,,,,,,
Pune,,,,,,
Vereinigten Königreich,,,,,,
Mittelmeer,,,,,,
Madagaskar,,,,,,
Nordostens,,,,,,
Belgien,,,,,,
Gewittern,,,,,,
Jakarta,,,,,,
Bahamas,,,,,,
Brooklyn,,,,,,
Atlanta,,,,,,
Jammu,,,,,,
Rocky Mountains,,,,,,
Kolumbiens,,,,,,
Niederösterreich,,,,,,
Madrid,,,,,,
Mond,,,,,,
Kiew,,,,,,
Mailand,,,,,,
Nord-,,,,,,
Maine,,,,,,
Melbourne,,,,,,
Bund,,,,,,
Bengaluru,,,,,,
Newsblog,,,,,,
Palisades,,,,,,
New Mexico,,,,,,
Salzburg,,,,,,
Ghaziabad,,,,,,
Tag,,,,,,
Leipzig,,,,,,
Westbengalen,,,,,,
Ecuador,,,,,,
Trump,,,,,,
Lawinen,,,,,,
Nova Scotia,,,,,,
Waldbrandgefahr,,,,,,
Dauerregen,,,,,,
Schottland,,,,,,
Rom,,,,,,
National Hurricane Center,,,,,,
Connecticut,,,,,,
Odisha,,,,,,
Karnataka,,,,,,
US-Inseln,,,,,,
Präfektur Kumamoto,,,,,,
Richterskala,,,,,,
Mindanao,,,,,,
Norwegen,,,,,,
Großbritanniens,,,,,,
Niscemi,,,,,,
Hagelsturm,,,,,,
Staat,,,,,,
Saskatchewan,,,,,,
Las Vegas,,,,,,
Kanadier,,,,,,
Hurrikansaison,,,,,,
Risiko,,,,,,
US-Regierung,,,,,,
Rajasthan,,,,,,
Minneapolis,,,,,,
Guam,,,,,,
Attika,,,,,,
Rhein-Main-Liveblog,,,,,,
Los Angeles County,,,,,,
West-Java,,,,,,
Kansas City,,,,,,
New Orleans,,,,,,
Flughafen Catania,,,,,,
Häusern,,,,,,
Haus,,,,,,
Calgary,,,,,,
Tiroler,,,,,,
Indischen Ozean,,,,,,
Washingtons,,,,,,
Wochenmitte,,,,,,
Alabama,,,,,,
Iowa,,,,,,
Dienstag,,,,,,
D.C.,,,,,,
Zentralflorida,,,,,,
Bebens,,,,,,
Weißen Haus,,,,,,
Oberösterreich,,,,,,
Winterwetter,,,,,,
South Carolina,,,,,,
Erzgebirge,,,,,,
Planeten,,,,,,
Ostkap,,,,,,
Arthur,,,,,,
Lawinenabgängen,,,,,,
Quebec,,,,,,
Südaustralien,,,,,,
Südchina,,,,,,
Eaton,,,,,,
Taiwans,,,,,,
Rumänien,,,,,,
Andhra Pradesh,,,,,,
Flüssen,,,,,,
Hawaiis Big Island,,,,,,
Stromausfällen,,,,,,
Südinsel,,,,,,
Vancouver Island,,,,,,
Flughafen BER,,,,,,
Pompeji,,,,,,
Polen,,,,,,
Valencia,,,,,,
Rhode Island,,,,,,
Weiße Haus,,,,,,
Lucknow,,,,,,
Reno,,,,,,
lrs,,,,,,
MV,,,,,,
Pacific Palisades,,,,,,
St. Louis,,,,,,
Kommunen,,,,,,
Cottbus,,,,,,
Wirbelsturm,,,,,,
Kotaku,,,,,,
Idaho,,,,,,
Kyushu,,,,,,
Asiens,,,,,,
Westaustralien,,,,,,
Salt Lake City,,,,,,
Nordatlantik,,,,,,
Erdbebens,,,,,,
Wochenende,,,,,,
Long Island,,,,,,
Afrikas,,,,,,
Timmendorfer Strand,,,,,,
Magdeburg,,,,,,
Montana,,,,,,
Bermuda,,,,,,
Nashville,,,,,,
Orkanböen,,,,,,
Colorado River,,,,,,
Altadena,,,,,,
Nigeria,,,,,,
Kilauea,,,,,,
Karibikinsel,,,,,,
Gemeinden,,,,,,
BP Highway,,,,,,
New Brunswick,,,,,,
Kärnten,,,,,,
Demokratischen Republik Kongo,,,,,,
Moskau,,,,,,
Alarmbereitschaft,,,,,,
Notunterkünften,,,,,,
Schwarzwald,,,,,,
Präfektur Iwate,,,,,,
Colorados,,,,,,
Gurgaon,,,,,,
Shanghai,,,,,,
Landkreisen,,,,,,
Klimawandel,,,,,,
Darwin,,,,,,
Staus,,,,,,
Finnland,,,,,,
Vermont,,,,,,
Äthiopiens,,,,,,
Orlando,,,,,,
Frost,,,,,,
Wayanad,,,,,,
Kongo,,,,,,
Oahu,,,,,,
Türkiye,,,,,,
Schneeschauer,,,,,,
Hongkong,,,,,,
Erdbeben in Indonesien,,,,,,
Westküste,,,,,,
Golf von Bengalen,,,,,,
Nordseeküste,,,,,,
Tauranga,,,,,,
Cebu,,,,,,
Südflorida,,,,,,
Hitzerekord,,,,,,
Waldbrandes,,,,,,
Sahara,,,,,,
Seattle,,,,,,
Jamaikas,,,,,,
Rekorde,,,,,,
Dänemark,,,,,,
Sachsens,,,,,,
Südens,,,,,,
Gujarat,,,,,,
Halle,,,,,,
"Erdbeben der Stärke 5,5",,,,,,
Monaten,,,,,,
Südkaliforniens,,,,,,
Sarawak,,,,,,
Kroatien,,,,,,
Sonnenschein,,,,,,
Chongqing,,,,,,
Formentera,,,,,,
Cisarua,,,,,,
Erfurt,,,,,,
Südafrikas,,,,,,
Wyoming,,,,,,
Milliardenhöhe,,,,,,
Nordjapan,,,,,,
Tahoe,,,,,,
Griechenlands,,,,,,
See,,,,,,
Blitze,,,,,,
Dhaka,,,,,,
Perth,,,,,,
Ahrtal,,,,,,
"Erdbeben der Stärke 7,8",,,,,,
Hurrikan,,,,,,
Klimawandels,,,,,,
Fukushima,,,,,,
Taifun,,,,,,
Tsunami-Warnungen,,,,,,
Tsunami-Warnung,,,,,,
Ägäis,,,,,,
Alta,,,,,,
Haryana,,,,,,
Irans,,,,,,
HelloNation,,,,,,
Andalusien,,,,,,
Unfällen,,,,,,
Schauern,,,,,,
Anden,,,,,,
Katar,,,,,,
Kingston,,,,,,
Mustang,,,,,,
Unwettergefahr,,,,,,
Dallas,,,,,,
Kubas,,,,,,
Sydney,,,,,,
Westpazifik,,,,,,
Bundesstaat Washington,,,,,,
Hügeln,,,,,,
bergen,,,,,,
Notfälle,,,,,,
San Diego County,,,,,,
Sonntagnachmittag,,,,,,
Ausfälle,,,,,,
Straße von Hormus,,,,,,
Saudi-Arabien,,,,,,
Daly River,,,,,,
Bezirken,,,,,,
Pinzgau,,,,,,
Aufwind,,,,,,
Barcelona,,,,,,
Mittwochabend,,,,,,
Guangxi,,,,,,
Norddeutschland,,,,,,
Franken,,,,,,
Ägypten,,,,,,
Telangana,,,,,,
Nördlichen Marianen,,,,,,
Pakistans,,,,,,
Vulkans,,,,,,
Tschechien,,,,,,
Kanpur,,,,,,
"Erdbeben der Stärke 7,7",,,,,,
Nord-Sumatra,,,,,,
New Hampshire,,,,,,
Overwatch,,,,,,
Hyderabad,,,,,,
Niederlanden,,,,,,
Teneriffa,,,,,,
Thüringens,,,,,,
Puerto Rico,,,,,,
Mount Dukono,,,,,,
Todesfällen,,,,,,
Südamerika,,,,,,
Wicklow,,,,,,
Enniscorthy,,,,,,
Neu-Delhi,,,,,,
Schweizer Alpen,,,,,,
Köln,,,,,,
Cross River,,,,,,
US-Bundesstaat,,,,,,
Glatteisgefahr,,,,,,
Hollywood,,,,,,
Hohe Waldbrandgefahr,,,,,,
Landtag,,,,,,
Irlands,,,,,,
A3,,,,,,
Vietnams,,,,,,
Perak,,,,,,
Süddeutschland,,,,,,
San Antonio,,,,,,
Zentralvietnam,,,,,,
Mayon,,,,,,
Nevada County,,,,,,
Libanon,,,,,,
Charlotte,,,,,,
Schneeverwehungen,,,,,,
Pazifikküste,,,,,,
Nürnberg,,,,,,
Israels,,,,,,
Schneemassen,,,,,,
Big Sur,,,,,,
Tunesien,,,,,,
"Erdbeben der Stärke 6,0",,,,,,
Wiesbaden,,,,,,
Neufundland,,,,,,
Kaduna,,,,,,
Hessens,,,,,,
Boston Bar,,,,,,
Himachal,,,,,,
Kathmandu,,,,,,
Bureau of Meteorology,,,,,,
Arkansas,,,,,,
Nordamerikas,,,,,,
Winnipeg,,,,,,
Johor,,,,,,
Australier,,,,,,
Sturzflut,,,,,,
West-Sumatra,,,,,,
Roten Planeten,,,,,,
Mainz,,,,,,
Gewässern,,,,,,
Ozean,,,,,,
Temperatursturz,,,,,,
Niedersachsens,,,,,,
Ghana,,,,,,
WA,,,,,,
Manhattan,,,,,,
Narelle,,,,,,
Simi Valley,,,,,,
Sicherheitsgründen,,,,,,
Unwettern,,,,,,
der Schweiz,,,,,,
Disney World,,,,,,
Pariser,,,,,,
Graupel,,,,,,
Peking,,,,,,
Backcountry-Skifahrer,,,,,,
Ball Arena,,,,,,
Nebelscheinwerfern,,,,,,
Prüfstand,,,,,,
Koblenz,,,,,,
Ostchina,,,,,,
Slowakei,,,,,,
Saharastaub,,,,,,
Queens,,,,,,
Ceuta,,,,,,
Cork,,,,,,
Fraser Valley,,,,,,
Carolinas,,,,,,
Bay of Plenty,,,,,,
Nässe,,,,,,
Detroit,,,,,,
New Yorks,,,,,,
A7,,,,,,
Zentrum der Philippinen,,,,,,
KI,,,,,,
Supertaifun Bavi,,,,,,
Hawaiis,,,,,,
Freiburg,,,,,,
Bengalen,,,,,,
Methan,,,,,,
Tropensturm Arthur,,,,,,
Mount Semeru,,,,,,
Sauerland,,,,,,
Behördenangaben,,,,,,
Sölden,,,,,,
Gehwegen,,,,,,
Salomonen,,,,,,
Buschfeuer,,,,,,
Golf von Amerika,,,,,,
Thailands,,,,,,
Allgäu,,,,,,
Niederlande,,,,,,
Amazonas,,,,,,
Mallorca,,,,,,
Australian Open,,,,,,
Halmahera,,,,,,
IMD,,,,,,
Neuschnee,,,,,,
Westaustraliens,,,,,,
Naturkatastrophen,,,,,,
Lala,,,,,,
Castle Peak,,,,,,
Eis,,,,,,
Sask,,,,,,
Jasper,,,,,,
Sudan,,,,,,
Kaschmirs,,,,,,
Kenias,,,,,,
Arc Raiders,,,,,,
Tansania,,,,,,
West Virginia,,,,,,
Dominikanischen Republik,,,,,,
Chandigarh,,,,,,
Vancouver,,,,,,
North Dakota,,,,,,
Dubai,,,,,,
Hurrikanstärke,,,,,,
Syrien,,,,,,
Verkehrsbehinderungen,,,,,,
Atlantikküste,,,,,,
Anchorage,,,,,,
Meghalaya,,,,,,
Kältewellen,,,,,,
t3n.de,,,,,,
Mittleren Westen,,,,,,
Überflutungen,,,,,,
Ahmedabad,,,,,,
Bhopal,,,,,,
Mt,,,,,,
Lawinengefahr,,,,,,
Wexford,,,,,,
Kabul,,,,,,
Jemen,,,,,,
Hitze-Liveblog,,,,,,
Yukon,,,,,,
Sturm Bram,,,,,,
Portugals,,,,,,
Delaware,,,,,,
Jahren,,,,,,
Innsbruck,,,,,,
Titan,,,,,,
Tropensturm Moke,,,,,,
Ghanas,,,,,,
Glätte,,,,,,
Kathmandu-Tal,,,,,,
Waldbrände,,,,,,
Amsterdam,,,,,,
Pahang,,,,,,
Aomori,,,,,,
Feldberg,,,,,,
Jharkhand,,,,,,
Burgenland,,,,,,
Wetter-Vorhersage,,,,,,
Papua-Neuguinea,,,,,,
Pongau,,,,,,
National Mall,,,,,,
Walt Disney World,,,,,,
Canada Day,,,,,,
Wellington,,,,,,
Münchner Flughafen,,,,,,
Kürze,,,,,,
"Erdbeben der Stärke 7,1",,,,,,
Schulschließungen,,,,,,
Nord-Sulawesi,,,,,,
Erdrutschen,,,,,,
Hokkaido,,,,,,
Glückstadt,,,,,,
Hektar Land,,,,,,
Long Lake,,,,,,
Everest,,,,,,
Magma,,,,,,
Sonntag,,,,,,
Spätsaison,,,,,,
Schneesturmbedingungen,,,,,,
Naturkatastrophe,,,,,,
Tsunami,,,,,,
Phoenix,,,,,,
südamerikanischen Land,,,,,,
Milwaukee,,,,,,
Simbabwe,,,,,,
Madhya Pradesh,,,,,,
Waldbrandrisiko,,,,,,
Ostseeküste,,,,,,
Was,,,,,,
Türkiyes,,,,,,
Flensburg,,,,,,
Überschwemmungen,,,,,,
Oberbayern,,,,,,
Wochenendes,,,,,,
Londons,,,,,,
Schottlands,,,,,,
Flügen,,,,,,
Montreal,,,,,,
Indore,,,,,,
Wind,,,,,,
Supertaifun Fung-wong,,,,,,
Vulkanausbruch,,,,,,
Summerland,,,,,,
Cali,,,,,,
Überschwemmungsgefahr,,,,,,
Live-Updates,,,,,,
Kedah,,,,,,
Wintereinbruch,,,,,,
Insel,,,,,,
italienischen Alpen,,,,,,
Schnees,,,,,,
Jena,,,,,,
Environment Canada,,,,,,
Ottawa-Gatineau,,,,,,
Treibhausgasen,,,,,,
Südostasiens,,,,,,
Tropensturm Edouard,,,,,,
Indira Gandhi International Airport,,,,,,
Katherine,,,,,,
Normalwert,,,,,,
Washington D.C.,,,,,,
Ladakh,,,,,,
Chiles,,,,,,
Amerikanern,,,,,,
Schäden,,,,,,
Arunachal Pradesh,,,,,,
Westkolumbien,,,,,,
Indianapolis,,,,,,
Darjeeling,,,,,,
südamerikanische Land,,,,,,
Ludwigsburg,,,,,,
Südgeorgien,,,,,,
Laos,,,,,,
Saarbrücken,,,,,,
Belém,,,,,,
Glatteis-Gefahr,,,,,,
Fort McMurray,,,,,,
Ozeane,,,,,,
Portland,,,,,,
Argentiniens,,,,,,
NEW YORK,,,,,,
Saale,,,,,,
"Erdbeben der Stärke 7,2 und 7,5",,,,,,
Guwahati,,,,,,
Labrador,,,,,,
Brüssel,,,,,,
Schneetreiben,,,,,,
Todesfälle,,,,,,
Waymo,,,,,,
Städten,,,,,,
Düsseldorf,,,,,,
Rotorua,,,,,,
Sturm Dave,,,,,,
Belgiens,,,,,,
Kiel,,,,,,
Nordirland,,,,,,
Michigans,,,,,,
Cincinnati,,,,,,
Parks,,,,,,
Thessaloniki,,,,,,
Green Bay,,,,,,
Wintersturmwarnungen,,,,,,
Islamabad,,,,,,
Osnabrück,,,,,,
Jaipur,,,,,,
A9,,,,,,
"Erdbeben der Stärke 7,5",,,,,,
Zentral-Illinois,,,,,,
Atlantischen Ozean,,,,,,
Regenfällen,,,,,,
Adelaide,,,,,,
Prognosen,,,,,,
Kalifornier,,,,,,
BVG,,,,,,
Pokrowsk,,,,,,
Sturmschäden,,,,,,
Grundwasser,,,,,,
Kelantan,,,,,,
Nahrungsmitteln,,,,,,
Katastrophen,,,,,,
Donnerstag,,,,,,
Cornwall,,,,,,
Black River,,,,,,
Mosel,,,,,,
Balkan,,,,,,
Millionenhöhe,,,,,,
Nordkaliforniens,,,,,,
Ri,,,,,,
US-Bundesstaat Kalifornien,,,,,,
Wäldern,,,,,,
Nordens,,,,,,
West Bandung,,,,,,
Gandaki,,,,,,
Oregons,,,,,,
Winterchaos,,,,,,
Sri Lankas,,,,,,
Erdbebenopfern,,,,,,
Meeresboden,,,,,,
Landstriche,,,,,,
Tiny House,,,,,,
Nirmal Purja,,,,,,
Schneeregen,,,,,,
Hurrikan Helene,,,,,,
Rekordhitze,,,,,,
US-Küste,,,,,,
Graz,,,,,,
Auckland,,,,,,
Skigebiete,,,,,,
Südthailand,,,,,,
Landesteilen,,,,,,
Ost-Java,,,,,,
Rolpa,,,,,,
Honolulu,,,,,,
Meer,,,,,,
Cleveland,,,,,,
Safi,,,,,,
Goa,,,,,,
Serbien,,,,,,
Taifuns Halong,,,,,,
Südpazifik,,,,,,
Singapur,,,,,,
Puducherry,,,,,,
Patagonien,,,,,,
Golf von Mexiko,,,,,,
San Andreas,,,,,,
Jupiter,,,,,,
DC,,,,,,
Accra,,,,,,
bayerischen Alpen,,,,,,
Pittsburgh,,,,,,
Ländern,,,,,,
Dehradun,,,,,,
Unterfranken,,,,,,
Waldbrandrauch,,,,,,
US-Amerikaner,,,,,,
Namibia,,,,,,
Provinz Cebu,,,,,,
Maui,,,,,,
Flughafen Dublin,,,,,,
Krankenhäusern,,,,,,
Siziliens,,,,,,
Starkes Erdbeben,,,,,,
Provinzen,,,,,,
Manipur,,,,,,
B.C,,,,,,
Kimberley,,,,,,
Lebensgefahr,,,,,,
Landesinneren,,,,,,
Stadt Niscemi,,,,,,
Waterford,,,,,,
Hitzekuppel,,,,,,
Fürstenwalde,,,,,,
Guinea,,,,,,
Rethymno,,,,,,
US-Präsidenten,,,,,,
Vanuatu,,,,,,
Bagmati,,,,,,
Zentral-Java,,,,,,
Venedig,,,,,,
Elfenbeinküste,,,,,,
d…,,,,,,
SACRAMENTO,,,,,,
Chinchillas,,,,,,
Kindern,,,,,,
Plains,,,,,,
Küstenwache,,,,,,
Aufruhr,,,,,,
Doppel-Erdbeben,,,,,,
Spree,,,,,,
Friedrichshain,,,,,,
Bajura,,,,,,
Korfu,,,,,,
Oberpfalz,,,,,,
Nairobi,,,,,,
Amazonasgebiet,,,,,,
Avalanche,,,,,,
Finnlands,,,,,,
Ranchi,,,,,,
französischen Alpen,,,,,,
Tornado,,,,,,
S-Bahn,,,,,,
Hannover/Bremen,,,,,,
Mitteldeutschland,,,,,,
Rettungsdienste,,,,,,
Nordkap,,,,,,
Zentral-Alberta,,,,,,
Aostatal,,,,,,
Coltan-Mine,,,,,,
Südsudan,,,,,,
Erschütterungen,,,,,,
Müttern,,,,,,
Area 51,,,,,,
Venus,,,,,,
San Ramon,,,,,,
Beaufort,,,,,,
Eiffelturm,,,,,,
lhe,,,,,,
Schneedürre,,,,,,
Hitzerekorde,,,,,,
Obersten Gerichtshofs,,,,,,
lnw,,,,,,
Bertha,,,,,,
Hausbesitzern,,,,,,
Great Ocean Road,,,,,,
Texas Hill Country,,,,,,
Baden-Württembergs,,,,,,
Linz,,,,,,
Skifahrern,,,,,,
Okinawa,,,,,,
Rosenmontag,,,,,,
Nordafghanistan,,,,,,
Hitzealarm,,,,,,
Hitze-News,,,,,,
Lake George,,,,,,
Westeuropa,,,,,,
"Erdbeben der Stärke 5,8",,,,,,
Amazonas-Regenwald,,,,,,
Sinlaku,,,,,,
Präfektur Aomori,,,,,,
Olympus Mons,,,,,,
Thane,,,,,,
Southside-Festival,,,,,,
N.L.,,,,,,
Havanna,,,,,,
Srinagar,,,,,,
Mittelmeerraum,,,,,,
Putrajaya,,,,,,
Rheins,,,,,,
Ventura County,,,,,,
Neptun,,,,,,
Suffolk,,,,,,
Bundes,,,,,,
Juneau,,,,,,
Rettungskräfte,,,,,,
Bonn,,,,,,
Hitzschlag,,,,,,
Hitzesommer,,,,,,
South Dakota,,,,,,
Acres,,,,,,
Stubaier,,,,,,
Kliniken,,,,,,
Landtagswahl,,,,,,
Prignitz,,,,,,
Opferzahl,,,,,,
Denare Beach,,,,,,
Schlammlawine,,,,,,
Galway,,,,,,
Neuenglands,,,,,,
Tulsa,,,,,,
Ternate,,,,,,
Alarmstufe Rot,,,,,,
Warnstreiktag,,,,,,
Great Plains,,,,,,
Südpolarmeer,,,,,,
St. Catharines,,,,,,
Stromnetze,,,,,,
Ilam,,,,,,
Toskana,,,,,,
Torre dei Conti,,,,,,
Italiener,,,,,,
Lübeck,,,,,,
Bulgarien,,,,,,
Not,,,,,,
Schauer,,,,,,
Niger,,,,,,
Mauao,,,,,,
Zypern,,,,,,
Shimla,,,,,,
Manali,,,,,,
Tür,,,,,,
Weizen,,,,,,
Riverside County,,,,,,
Ostens,,,,,,
Taipeh,,,,,,
Umständen,,,,,,
Kapstadt,,,,,,
Feuerwehrleute,,,,,,
La Niña,,,,,,
Wohlbefinden,,,,,,
Lytton,,,,,,
Hawaii-Inseln,,,,,,
Vereinigten Arabischen Emiraten,,,,,,
Wetterdienst,,,,,,
Zürich,,,,,,
Kanarischen Inseln,,,,,,
Kerry,,,,,,
Kopenhagen,,,,,,
Tiefsee,,,,,,
Tsunamis,,,,,,
Paraguay,,,,,,
Hat Yai,,,,,,
Küstenregionen,,,,,,
"Erdbeben der Stärke 5,2",,,,,,
Thunder Bay,,,,,,
Winterwetterwarnungen,,,,,,
KwaZulu-Natal,,,,,,
Nebelscheinwerfer,,,,,,
Calabar,,,,,,
Wissenschaftlern,,,,,,
Schneeflocken,,,,,,
Kashmir,,,,,,
Kankakee,,,,,,
"Erdbeben der Stärke 6,8",,,,,,
Ascheregen,,,,,,
Potsdamer,,,,,,
Arunachal,,,,,,
Nordwestens,,,,,,
Trab,,,,,,
Pyrenäen,,,,,,
Mazar-e Sharif,,,,,,
Milchstraße,,,,,,
Tasmaniens,,,,,,
Denver International Airport,,,,,,
El Salvador,,,,,,
Bodens,,,,,,
Sichuan,,,,,,
Großeinsatz,,,,,,
Wetterwarnungen,,,,,,
Highlands,,,,,,
Hauptstadt,,,,,,
Almeria,,,,,,
Einsätzen,,,,,,
Wohnhaus,,,,,,
Uganda,,,,,,
Nachbarn,,,,,,
El Nino,,,,,,
IndiGo,,,,,,
Sonnensystems,,,,,,
Stundenkilometern,,,,,,
Zentral-Texas,,,,,,
Taifun Fung-wong,,,,,,
Snowflake,,,,,,
Einklang,,,,,,
Nordindiens,,,,,,
Mittelgebirge,,,,,,
Streaming-Tipps,,,,,,
Schneegriesel,,,,,,
Death Valley,,,,,,
Kalimantan,,,,,,
Regenschauer,,,,,,
Thüringer Wald,,,,,,
Fulda,,,,,,
Walt Disney World Resort,,,,,,
Erdbeben in Kumamoto,,,,,,
Nikolassee,,,,,,
Reutlinger,,,,,,
Lake Powell,,,,,,
"Sturmtief ""Elli",,,,,,
El Paso,,,,,,
Wall Street,,,,,,
Brignoles,,,,,,
Iberischen Halbinsel,,,,,,
Hagelkörnern,,,,,,
"Erdbeben der Stärke 5,1",,,,,,
den Vereinigten Staaten,,,,,,
Jahrtausenden,,,,,,
Alpakas,,,,,,
Silicon Valley,,,,,,
Utahs,,,,,,
Einschränkungen,,,,,,
Neufundland und Labrador,,,,,,
Innenstadt,,,,,,
Sibirien,,,,,,
Klimaanlagen,,,,,,
Gewitterfront,,,,,,
Cortina,,,,,,
Rekordtief,,,,,,
Nordkorea,,,,,,
Zentralafrikanischen Republik,,,,,,
Klagenfurt,,,,,,
DR Kongo,,,,,,
Davos,,,,,,
Kontinents,,,,,,
A10,,,,,,
Schüssen,,,,,,
Spiels,,,,,,
Mondes,,,,,,
Atacama-Wüste,,,,,,
Komfort,,,,,,
Paitan,,,,,,
Cebu City,,,,,,
LA County,,,,,,
Takaichi,,,,,,
Westkap,,,,,,
Terengganu,,,,,,
Terai,,,,,,
Koshi,,,,,,
Insel Mindanao,,,,,,
Zentralspanien,,,,,,
Tasmanien,,,,,,
Oder,,,,,,
Quebecs,,,,,,
Okanagan,,,,,,
Mechi Highway,,,,,,
Todesfall,,,,,,
Bozen,,,,,,
News24,,,,,,
Schlammlawinen,,,,,,
SLO County,,,,,,
Costa Rica,,,,,,
Abgrunds,,,,,,
Mittelgebirgen,,,,,,
US-Städte,,,,,,
T-Mobile,,,,,,
Urlaubsreisen,,,,,,
Nagaland,,,,,,
Baustellen,,,,,,
Mailand-Cortina,,,,,,
Gebieten,,,,,,
Le Porge,,,,,,
Westjordanland,,,,,,
Hubei,,,,,,
Ostdeutschland,,,,,,
Demokratische Republik Kongo,,,,,,
Steinschlag,,,,,,
Felssturz,,,,,,
Florenz,,,,,,
Fraser Canyon,,,,,,
Süd-,,,,,,
Urlaubsinsel,,,,,,
Bad Bunny-Konzert,,,,,,
Tropensturm Karina,,,,,,
Rochester,,,,,,
San Francisco Bay Area,,,,,,
Pereira,,,,,,
Norderney,,,,,,
Mont Blanc,,,,,,
Abbotsford,,,,,,
Gavin Newsom,,,,,,
Rio Bonito do Iguaçu,,,,,,
Netflix,,,,,,
Panamakanal,,,,,,
Lawinen-Drama,,,,,,
Amateursportveranstaltungen,,,,,,
Fort Simpson,,,,,,
Manitobas,,,,,,
Tarai,,,,,,
Tropensturm,,,,,,
Hobart,,,,,,
Nashik,,,,,,
Winterdienste,,,,,,
Südwales,,,,,,
Marokkos,,,,,,
Ost-Ontario,,,,,,
Tiwi-Inseln,,,,,,
Staubsturm,,,,,,
Vollmond,,,,,,
Pazifiks,,,,,,
Snow Peak,,,,,,
Oberste Gerichtshof,,,,,,
Katastrophenhilfe,,,,,,
Thanksgiving-Reisen,,,,,,
Rüsselsheim,,,,,,
UP,,,,,,
Luftqualitätswarnungen,,,,,,
Charkiw,,,,,,
Lawinenkatastrophe,,,,,,
Tohoku,,,,,,
Fina,,,,,,
nepalesisch-chinesischen Grenze,,,,,,
Volcano Bay,,,,,,
Iwate,,,,,,
Khabarhub,,,,,,
Norwegens,,,,,,
Ortlergebirge,,,,,,
Cariboo-Region,,,,,,
Polarwirbels,,,,,,
Flusses,,,,,,
Perus,,,,,,
Yellowstone-Nationalpark,,,,,,
hinwegfegte,,,,,,
Hohen Venn,,,,,,
Krim,,,,,,
Sapporo,,,,,,
Innenräumen,,,,,,
Kapitol,,,,,,
Honshu,,,,,,
Abgrund,,,,,,
Sikkim,,,,,,
Südtexas,,,,,,
Asheville,,,,,,
Tucson,,,,,,
Kärntner,,,,,,
Polens,,,,,,
Blitzeis,,,,,,
Whitecourt,,,,,,
Negros Occidental,,,,,,
Schneechaos,,,,,,
Chamba,,,,,,
Lake Superior,,,,,,
Großbrand,,,,,,
Blaue Moschee,,,,,,
Nizza,,,,,,
Sturms,,,,,,
Melissas,,,,,,
Osun,,,,,,
Straßenmeistereien,,,,,,
Liverpool,,,,,,
Old Fort,,,,,,
Hochwasser,,,,,,
Senegal,,,,,,
Tropicana Field,,,,,,
Nachbeben,,,,,,
Marianen,,,,,,
Ohio Valley,,,,,,
Lancaster,,,,,,
Rota,,,,,,
Tropensturm Lala,,,,,,
Buffalo,,,,,,
Longwood,,,,,,
Memphis,,,,,,
Gehirnnebel,,,,,,
Seoul,,,,,,
Mittelhessen,,,,,,
Wetterwoche,,,,,,
Ätna-Ausbruch,,,,,,
West-Alaska,,,,,,
Inneren Mongolei,,,,,,
Oman,,,,,,
Unfallkrankenhaus,,,,,,
Nordspanien,,,,,,
Wetterbericht,,,,,,
Brandenburger,,,,,,
Kuala Lumpur,,,,,,
Wassernotstand,,,,,,
Himalaya-Region,,,,,,
Vorschau,,,,,,
Providence,,,,,,
Supertaifun Sinlaku,,,,,,
Reiseunterbrechungen,,,,,,
Berg Semeru,,,,,,
Alice Springs,,,,,,
Tirols,,,,,,
Grönlands,,,,,,
Jersey,,,,,,
NY,,,,,,
"Erdbeben der Stärke 6,2",,,,,,
Colombo,,,,,,
Oberwiesenthal,,,,,,
Montagabend,,,,,,
Würzburg,,,,,,
Mittelfranken,,,,,,
Wilhelmshaven,,,,,,
Schwaben,,,,,,
Wetterwechsel,,,,,,
Santa Rosa,,,,,,
Gansu,,,,,,
Cilacap,,,,,,
Eifel,,,,,,
Prayagraj,,,,,,
Birmingham,,,,,,
Diablo,,,,,,
Buckelwal,,,,,,
Morgenstunden,,,,,,
Vesuv,,,,,,
Kambodscha,,,,,,
Dürren,,,,,,
Bangladeschs,,,,,,
Santorin,,,,,,
Dengue-Fieber,,,,,,
East Bay,,,,,,
Greenpeace,,,,,,
Nordbengalen,,,,,,
West-Washington,,,,,,
Toten,,,,,,
Sierra,,,,,,
Banff-Nationalpark,,,,,,
Zentraljapan,,,,,,
Erdbeben im Vogtland,,,,,,
Jerusalem,,,,,,
Malaria,,,,,,
Stadt Salzburg,,,,,,
Pazifischen Feuerrings,,,,,,
Schulferien,,,,,,
Tübingen,,,,,,
Cascadia,,,,,,
kalifornischen Küste,,,,,,
Kosovo,,,,,,
Flughafen München,,,,,,
KI-Tools,,,,,,
Humla,,,,,,
Sulawesi,,,,,,
Lake Village,,,,,,
Ostpazifik,,,,,,
Bald Range,,,,,,
Kanton Wallis,,,,,,
A8,,,,,,
"Erdbeben der Stärke 5,7",,,,,,
Dortmund,,,,,,
Olympia,,,,,,
Diablo 4,,,,,,
FDP-Chef,,,,,,
Menschenmassen,,,,,,
Freitagnachmittag,,,,,,
Flugausfälle,,,,,,
Do,,,,,,
Opossums,,,,,,
Doda,,,,,,
Orange,,,,,,
Spitzenstrombedarf,,,,,,
Schwarzen Meer,,,,,,
Gestein,,,,,,
Donnerstagnachmittag,,,,,,
Aurora,,,,,,
West Michigan,,,,,,
Chiemsee,,,,,,
Flughafen Soekarno-Hatta,,,,,,
U-Bahnen,,,,,,
Ägyptens,,,,,,
TikTok,,,,,,
Bombenzyklon,,,,,,
Erdbeben bei Neapel,,,,,,
Sony,,,,,,
Tropischer Sturm Bertha,,,,,,
Front Range,,,,,,
todel.icio.us,,,,,,
Erdbeben vom 6,,,,,,
Parks Canada,,,,,,
Cloud-Seeding,,,,,,
Land Tirol,,,,,,
Fuji,,,,,,
Krüger-Nationalpark,,,,,,
Rekordhöhen,,,,,,
Unstrut,,,,,,
Kyoto,,,,,,
Wohngebieten,,,,,,
Staatsbeamte,,,,,,
York,,,,,,
Österreicher,,,,,,
Haie,,,,,,
Warschau,,,,,,
Blitzeinschlag,,,,,,
Kairo,,,,,,
Küstengebieten,,,,,,
Muglin–Narayangadh,,,,,,
Mittelmeerinsel,,,,,,
Erdbeben im Osten Afghanistans,,,,,,
Taunus,,,,,,
Manila,,,,,,
Rheingau,,,,,,
Dorset,,,,,,
Kanlaon,,,,,,
Mount Rainier,,,,,,
Aspen,,,,,,
Tiroler Bergen,,,,,,
Straßenrand,,,,,,
Süd-Zentral-Pennsylvania,,,,,,
Hürtgenwald,,,,,,
Minusgrade,,,,,,
Tsunami-Wellen,,,,,,
Dolly,,,,,,
Sachsen-Anhalts,,,,,,
Notunterkünfte,,,,,,
Oberösterreichs,,,,,,
Südost-Queensland,,,,,,
Ostkongo,,,,,,
Gebiets,,,,,,
Land am Hindukusch,,,,,,
Kelowna,,,,,,
Karibischen Meer,,,,,,
Pazifikinseln,,,,,,
Lösungen,,,,,,
Erdbeben vom 24,,,,,,
Zentralchina,,,,,,
Champagne,,,,,,
Sa,,,,,,
Lower Manhattan,,,,,,
Römer,,,,,,
Evakuierungswarnungen,,,,,,
Federal Reserve,,,,,,
Kollaps,,,,,,
Donnerstagmorgen,,,,,,
Peloponnes,,,,,,
"Erdbeben der Stärke 4,4",,,,,,
Südwestchina,,,,,,
Friedrichshafen,,,,,,
Eriesee,,,,,,
Western Conference-Finales,,,,,,
Minas Gerais,,,,,,
Tagesanbruch,,,,,,
Flughafen Chennai,,,,,,
Edouard,,,,,,
Tal,,,,,,
Sonnenuntergang,,,,,,
Maysak,,,,,,
Behauptungen,,,,,,
Stadt Bordeaux,,,,,,
Ozeans,,,,,,
Insel Hawaii,,,,,,
Chinese Camp,,,,,,
Paros,,,,,,
Körpers,,,,,,
Vorpommern,,,,,,
Notfallvorsorge,,,,,,
Hochwasserkatastrophe,,,,,,
Nord-Maluku,,,,,,
Westasien,,,,,,
Braunschweig,,,,,,
Somalia,,,,,,
Louisville,,,,,,
Grundstücken,,,,,,
Rift Valley,,,,,,
Frankfurter Flughafen,,,,,,
Kamerun,,,,,,
Pilbara,,,,,,
Guineas,,,,,,
Puerto Madero,,,,,,
Embark,,,,,,
Epizentrums,,,,,,
Shan-Staat,,,,,,
Niagara,,,,,,
Norddeutschlands,,,,,,
Columbus,,,,,,
Insel Kyushu,,,,,,
Extremwetter,,,,,,
NYC,,,,,,
Ostindonesien,,,,,,
Mid-Hill Highway,,,,,,
Nordpol,,,,,,
Garmisch,,,,,,
Landkreis Ludwigslust-Parchim,,,,,,
Yellowstone,,,,,,
Slievenamon,,,,,,
Ulm,,,,,,
AP,,,,,,
Clinton,,,,,,
Anwohner,,,,,,
Fort St. John,,,,,,
BGH,,,,,,
Nordtexas,,,,,,
Samstagmorgen,,,,,,
Protesten,,,,,,
Hinterhof,,,,,,
Granada,,,,,,
Shillong,,,,,,
Farn,,,,,,
Azeroth,,,,,,
Union,,,,,,
Superzelle,,,,,,
Hudson Valley,,,,,,
Benutzeroberfläche,,,,,,
Sturm Goretti,,,,,,
Herausforderungen,,,,,,
Chiapas,,,,,,
Nationalstraßen,,,,,,
Wisconsins,,,,,,
Regensburg,,,,,,
Heathrow,,,,,,
Delhi-NCR,,,,,,
Priscilla,,,,,,
Republik,,,,,,
Ausnahmezustand,,,,,,
Südindien,,,,,,
Trumps,,,,,,
La Palma,,,,,,
Auftrag,,,,,,
Kandy,,,,,,
Süd-Kalimantan,,,,,,
Euböa,,,,,,
Hitzeschutz,,,,,,
Tropensturm Senyar,,,,,,
Samstagabend,,,,,,
"Erdbeben der Stärke 5,9",,,,,,
Rettungseinsatz,,,,,,
Laitlyngkot,,,,,,
Nevado del Ruiz,,,,,,
Karibische Meer,,,,,,
Erdbeben“,,,,,,
Luzon,,,,,,
Winterstürmen,,,,,,
Tesla,,,,,,
Land Salzburg,,,,,,
Inseln,,,,,,
Minnesotas,,,,,,
Sturmsaison,,,,,,
Wintersturms,,,,,,
Waldgrenze,,,,,,
St. Anton,,,,,,
Milliardenschäden,,,,,,
Melbourne Park,,,,,,
West Hollywood,,,,,,
Wassers,,,,,,
Grundgestein,,,,,,
Himalaya-Gebirge,,,,,,
Weihnachtsfest,,,,,,
Shinnecock Hills,,,,,,
Ischgl,,,,,,
Schwerin,,,,,,
Sumatras,,,,,,
Eye Opener,,,,,,
Stubaier Gletscher,,,,,,
Lexus LX470,,,,,,
Bedrängnis,,,,,,
Sonnensturm,,,,,,
Zentral-Utah,,,,,,
Potomac River,,,,,,
Kitzbühel,,,,,,
Flughafen Wien,,,,,,
Notfällen,,,,,,
Küstennähe,,,,,,
Provinz Ost-Nusa Tenggara,,,,,,
Monsunregen,,,,,,
US-Flüge,,,,,,
Walmart+,,,,,,
Kanal,,,,,,
Antalya,,,,,,
Tampa,,,,,,
Schneefälle,,,,,,
Einsatzkräfte,,,,,,
Brite,,,,,,
Rekordtempo,,,,,,
Fledermäuse,,,,,,
B 42,,,,,,
Hurrikan-Katastrophe,,,,,,
Rettungsteams,,,,,,
Blieskastel,,,,,,
US-Territorien,,,,,,
Schneefällen,,,,,,
Auto,,,,,,
Minitonas,,,,,,
Mamdani,,,,,,
Doha,,,,,,
Vulkane,,,,,,
Dornbirn,,,,,,
Gezani,,,,,,
US-Territorium,,,,,,
Erie,,,,,,
St. John’s,,,,,,
São Paulo,,,,,,
Erdbeben in Peru,,,,,,
Albertas,,,,,,
Fichtelberg,,,,,,
Atlantiks,,,,,,
S…,,,,,,
Pressemitteilungen,,,,,,
Southern Plains,,,,,,
Sturmtief,,,,,,
Big Apple,,,,,,
Qld,,,,,,
Prognose,,,,,,
Erdbeben in der Nähe,,,,,,
Zentralamerika,,,,,,
Ottawa River,,,,,,
Tiruvallur,,,,,,
fegen,,,,,,
US-Wintersturm,,,,,,
Unglücke,,,,,,
Downing Street,,,,,,
Gary,,,,,,
Altstadt,,,,,,
Cabo San Lucas,,,,,,
Lawinenwarnungen,,,,,,
Zentral-Ohio,,,,,,
Baruth,,,,,,
Wolkensaat,,,,,,
Grundwasserstände,,,,,,
Iberische Halbinsel,,,,,,
Coachella Valley,,,,,,
Augsburg,,,,,,
Winters,,,,,,
Santa Rosa Island,,,,,,
Wattenmeer,,,,,,
Südengland,,,,,,
Lake Tahoe-Lawine,,,,,,
Bergnot,,,,,,
Hitzestress,,,,,,
Nordgeorgien,,,,,,
Erdbeben in der Toskana,,,,,,
Krankenhäuser,,,,,,
Streator,,,,,,
Negros,,,,,,
atlantischen Hurrikansaison,,,,,,
Greifswald,,,,,,
Haien,,,,,,
Edo,,,,,,
Batterien,,,,,,
Straße Shillong-Dawki,,,,,,
Coquihalla Highway,,,,,,
Taiwanstraße,,,,,,
Absturz,,,,,,
Truckee,,,,,,
Asche,,,,,,
A5,,,,,,
Taifuns,,,,,,
Labrador City,,,,,,
Lawinenwarndienste,,,,,,
Jambi,,,,,,
Westeuropas,,,,,,
Eureka,,,,,,
Straße Narayangadh-Muglin,,,,,,
Nordaustralien,,,,,,
Tessin,,,,,,
Victorias,,,,,,
Sankhuwasabha,,,,,,
Repräsentantenhauses,,,,,,
Kumamoto-Erdbeben,,,,,,
Beni–Jomsom–Korala,,,,,,
Feldkirch,,,,,,
Todesopfern,,,,,,
Penang,,,,,,
Baden,,,,,,
Nebel am Morgen,,,,,,
Snowboarder,,,,,,
Andamanen,,,,,,
Wolkendecke,,,,,,
Hagelschaden,,,,,,
Brandon,,,,,,
Lappland,,,,,,
Schneesturm am Sonntag,,,,,,
Tonga,,,,,,
Hurrikan Melissa,,,,,,
New England,,,,,,
Jahrzehnts,,,,,,
Kampagne,,,,,,
gießen,,,,,,
Sacramento,,,,,,
Aprilwetter,,,,,,
Springfield,,,,,,
Geraldton,,,,,,
Klimaziele,,,,,,
Clackamas County,,,,,,
Japaner,,,,,,
Mitchell,,,,,,
Präfektur Shimane,,,,,,
Nauiyu,,,,,,
Ogun,,,,,,
Baitadi,,,,,,
Darmstadt,,,,,,
Fuego,,,,,,
Hochwasseralarm,,,,,,
La Castellana,,,,,,
Mumbai-Pune Expressway,,,,,,
Brocken,,,,,,
Hassan,,,,,,
Ausnahmezustands,,,,,,
Sturmböen“,,,,,,
3I/ATLAS,,,,,,
Spätherbst,,,,,,
Plöckenpass,,,,,,
Canberra,,,,,,
Rio de Janeiro,,,,,,
MetLife Stadium,,,,,,
Washington Square Park,,,,,,
Delhis,,,,,,
Saipan,,,,,,
Todes,,,,,,
Katastrophenvorsorge,,,,,,
Hanoi,,,,,,
kalifornischen Bergen,,,,,,
Schwedens,,,,,,
Felssturz am Rubihorn,,,,,,
Europa-Park,,,,,,
Aberdeenshire,,,,,,
Jänner,,,,,,
Golf von Kalifornien,,,,,,
Böden,,,,,,
Dublins,,,,,,
Aktionscode,,,,,,
Südaustraliens,,,,,,
Oberstdorf,,,,,,
Bad Bunny,,,,,,
Lesachtal,,,,,,
Höchststand,,,,,,
Tauwetter,,,,,,
Pazifischen Feuerring,,,,,,
Erdbeben der Stärke 5,,,,,,
Sommerdürre,,,,,,
Nordrhein-Westfalens,,,,,,
Fort Hood,,,,,,
General Santos,,,,,,
Meeresspiegels,,,,,,
Schulausfälle,,,,,,
Crypto,,,,,,
Vulkanasche,,,,,,
Aschewolke,,,,,,
Zentrums,,,,,,
Herbststurm,,,,,,
Haitis,,,,,,
Vorarlberger,,,,,,
Brände,,,,,,
Goldmine,,,,,,
lby,,,,,,
Munnar,,,,,,
Erdbeben in Neapel,,,,,,
Wetteraussichten,,,,,,
Grünflächen,,,,,,
Bächen,,,,,,
Ostsachsen,,,,,,
Appalachen,,,,,,
Okanagan Lake,,,,,,
Manchester,,,,,,
Redding,,,,,,
Ostafrika,,,,,,
Tuolumne County,,,,,,
Stanley-Cup-Finale,,,,,,
Äckern,,,,,,
Erdbeben in Kalkutta,,,,,,
Razzia,,,,,,
Dauerfrost,,,,,,
Zhejiang,,,,,,
Rauch,,,,,,
e…,,,,,,
Wasserstraßen,,,,,,
N.B.,,,,,,
Winterferien,,,,,,
Habitat for Humanity,,,,,,
Wasser,,,,,,
Zyklon Maila,,,,,,
Nord-Queensland,,,,,,
Vorbesitz,,,,,,
Céüze,,,,,,
Myrtle Beach,,,,,,
Südwesteuropa,,,,,,
Alpenraum,,,,,,
Stromleitungen,,,,,,
Jordanien,,,,,,
Everglades,,,,,,
Rekordwerte,,,,,,
Hauptlast,,,,,,
Zentral-Sulawesi,,,,,,
Backcountry-Skifahrern,,,,,,
Panama,,,,,,
Kolhapur,,,,,,
Lake Louise,,,,,,
Vulkans Fuego,,,,,,
Berg Hermon,,,,,,
Hudson River,,,,,,
Main,,,,,,
Urlaubsregion,,,,,,
Gesundheitsrisiken,,,,,,
Rekordsturm,,,,,,
Auswirkungen,,,,,,
Kanto,,,,,,
Bormio,,,,,,
Nabu,,,,,,
Stürmische Böen,,,,,,
Kälteperiode,,,,,,
Mittersill,,,,,,
Merkur,,,,,,
Chemnitz,,,,,,
Sturzfluten,,,,,,
Nordatlantiks,,,,,,
Benin,,,,,,
Milano Cortina,,,,,,
Tschechische Republik,,,,,,
Schneelast,,,,,,
Pluto,,,,,,
Azteca-Stadion,,,,,,
Kilkenny,,,,,,
Sturm Chandra,,,,,,
Peachland,,,,,,
Brisbane,,,,,,
Starmer,,,,,,
Hurrikan-Saison,,,,,,
krachen,,,,,,
Zentralaustralien,,,,,,
Slaney,,,,,,
Flughafen von,,,,,,
Madagaskars,,,,,,
Amritsar,,,,,,
Avs,,,,,,
Cypress County,,,,,,
Kamloops,,,,,,
Meereshitzewellen,,,,,,
Clonmel,,,,,,
Wrigley Field,,,,,,
Myagdi,,,,,,
Podcast-Transkript,,,,,,
Live-Ticker,,,,,,
Tschechischen Republik,,,,,,
Wetters,,,,,,
Typhoon,,,,,,
Nuwakot,,,,,,
Livigno,,,,,,
PyPI,,,,,,
Mount Bromo,,,,,,
Central Railway,,,,,,
Queenslands,,,,,,
Gronau,,,,,,
Sirmaur,,,,,,
Atlantischen Ozeans,,,,,,
Basel,,,,,,
Winter-Chaos,,,,,,
Mittelmeerküste,,,,,,
Müllabfuhr,,,,,,
Port Alberni,,,,,,
Garten,,,,,,
Sonne am Tag,,,,,,
Südschweden,,,,,,
Limburg,,,,,,
Landtagswahl in Baden-Württemberg,,,,,,
White River,,,,,,
Tickets,,,,,,
Spiti,,,,,,
Mayon-Vulkan,,,,,,
Kaunertal,,,,,,
Sensex,,,,,,
Etosha-Nationalpark,,,,,,
Längenfeld,,,,,,
Acapulco,,,,,,
Warnstufe,,,,,,
Gewitterrisiko,,,,,,
Guerrero,,,,,,
Sturms Goretti,,,,,,
Kältewelle,,,,,,
Supertaifun,,,,,,
Hitze-Hotspots,,,,,,
Banff,,,,,,
Bezirk Neunkirchen,,,,,,
sintflutartiger,,,,,,
Flutwelle,,,,,,
West Dalhousie,,,,,,
italienischen Bergen,,,,,,
Ost-,,,,,,
Mäusen,,,,,,
erdrutschgefährdeten,,,,,,
Tsunami-Gefahr,,,,,,
Galveston,,,,,,
Großraum Los Angeles,,,,,,
Erdbeben im Tessin,,,,,,
Manjoi,,,,,,
Evakuierungsalarm,,,,,,
Malta,,,,,,
Kreml,,,,,,
Präsenzpflicht,,,,,,
Adria,,,,,,
Ackerland,,,,,,
Grafiken,,,,,,
St. John's,,,,,,
Bermuda-Dreieck,,,,,,
Georgias,,,,,,
Panaji,,,,,,
Bromo,,,,,,
Louvre,,,,,,
Kern County,,,,,,
Umgang,,,,,,
Dürreperioden,,,,,,
Regierungsbüros,,,,,,
Berg Dukono,,,,,,
Sturmflut-Warnung,,,,,,
Rio Bonito do Iguacu,,,,,,
Sonnenaufgang,,,,,,
Potsdam/Berlin,,,,,,
Barren Island,,,,,,
Dukono,,,,,,
Kasachstan,,,,,,
Suppe,,,,,,
Kantilokpath,,,,,,
Ortler-Gebirge,,,,,,
Kavrepalanchok,,,,,,
Bacolod City,,,,,,
Allgäuer Alpen,,,,,,
Hamilton,,,,,,
COP30,,,,,,
Ibizas,,,,,,
Nicaragua,,,,,,
Niederbayern,,,,,,
Landkreise,,,,,,
Great Lakes,,,,,,
Kykladen,,,,,,
Portillo,,,,,,
Wasserkanälen,,,,,,
Schwitzen,,,,,,
Epstein,,,,,,
Petacciato,,,,,,
Küstensturm,,,,,,
Semeru,,,,,,
Clearwater County,,,,,,
Bezirk Melk,,,,,,
Hönow,,,,,,
Vernon,,,,,,
Bopal,,,,,,
N.S.,,,,,,
Neubrandenburg,,,,,,
Kongos,,,,,,
Lungau,,,,,,
Lateinamerikas,,,,,,
Louisianas,,,,,,
Rutschpartien,,,,,,
Carson City,,,,,,
Swan River,,,,,,
Katalonien,,,,,,
Gauteng,,,,,,
Dawson Creek,,,,,,
Krisen,,,,,,
Zyklon,,,,,,
Orkan,,,,,,
Epirus,,,,,,
Rockford,,,,,,
Zentralindien,,,,,,
Weltcup-Finale,,,,,,
Bregenz,,,,,,
Fresno,,,,,,
Heftiger Regen,,,,,,
Monstersturm,,,,,,
Campingplatz,,,,,,
Ängste,,,,,,
SNOW,,,,,,
Zentral- und Südostmexiko,,,,,,
Palästina,,,,,,
Hollersbach,,,,,,
Rostock,,,,,,
Rettung,,,,,,
Gulmarg,,,,,,
Aachen,,,,,,
Jammu-Srinagar National Highway,,,,,,
Kullu,,,,,,
D,,,,,,
Hochsommer,,,,,,
Berg Broad Peak,,,,,,
Monsun,,,,,,
Albanien,,,,,,
Supervulkan,,,,,,
Ihrem Haus,,,,,,
National Capital Region,,,,,,
Zillertal,,,,,,
Florida Panhandle,,,,,,
Santorini,,,,,,
Kīlauea,,,,,,
Kanadiern,,,,,,
Zentralmexiko,,,,,,
"Erdbeben der Stärke 5,6",,,,,,
Sonnenbrand,,,,,,
Mannheim,,,,,,
Regenwasser,,,,,,
Palm Springs,,,,,,
Mohali,,,,,,
Ländle,,,,,,
Gießen,,,,,,
Baltimore,,,,,,
AT&T,,,,,,
Pomas,,,,,,
Salzburger,,,,,,
Prabowo,,,,,,
Tropisches Tief,,,,,,
Kokain,,,,,,
Denpasar,,,,,,
Central Park,,,,,,
indonesische Regierung,,,,,,
Dörfern,,,,,,
Erdbeben in Sabah,,,,,,
Somerset,,,,,,
Blizzard-Neuigkeiten,,,,,,
Hurrikanen,,,,,,
Erdbeben in der Türkei,,,,,,
Berg Lewotobi Laki-laki,,,,,,
Labuan,,,,,,
Eissturm,,,,,,
Flutkatastrophe,,,,,,
Enid,,,,,,
Wassermangel,,,,,,
Gironde,,,,,,
Addis Abeba,,,,,,
Budapest,,,,,,
Annapolis Valley,,,,,,
Müllkippe,,,,,,
Kildare,,,,,,
Que,,,,,,
Gewittergefahr,,,,,,
Hamburgs,,,,,,
Tourette,,,,,,
Hitzedom,,,,,,
A93,,,,,,
Stubaier Alpen,,,,,,
Ureinwohner Alaskas,,,,,,
Berlin/Potsdam,,,,,,
Obersteiermark,,,,,,
Großraum Atlanta,,,,,,
Sturmwarnungen,,,,,,
Fidschi,,,,,,
Erdbeben das Land,,,,,,
Wallis,,,,,,
Urlaubsreisepläne,,,,,,
US-Forstdienst,,,,,,
Küstengemeinden,,,,,,
Austin,,,,,,
Melaka,,,,,,
Mega-Events,,,,,,
Spanier,,,,,,
Korsika,,,,,,
Duisburg,,,,,,
Aiper,,,,,,
Lions Bay,,,,,,
Prenzlauer Berg,,,,,,
Westafrika,,,,,,
Berg Fuji,,,,,,
Rügen,,,,,,
Lyon,,,,,,
Hauptstadtflughafen BER,,,,,,
Pemberton,,,,,,
Hamburger Flughafen,,,,,,
Rote Meer,,,,,,
Midlands,,,,,,
Liuzhou,,,,,,
Rathen,,,,,,
Feldern,,,,,,
Burnham,,,,,,
Flughafen Jakarta,,,,,,
Celsius,,,,,,
Großraum Toronto,,,,,,
US-Außengebiet,,,,,,
Oberkärnten,,,,,,
US-Städten,,,,,,
Ecuadors,,,,,,
Zentralgriechenland,,,,,,
Lancashire,,,,,,
Lesotho,,,,,,
Einführungen,,,,,,
Vierteln,,,,,,
Yilan,,,,,,
Jigawa,,,,,,
Lavastrom,,,,,,
Bargeld,,,,,,
Mono County,,,,,,
GEORGE,,,,,,
Mammoth Mountain,,,,,,
Central Valley,,,,,,
Usbekistan,,,,,,
Kreis Esslingen,,,,,,
Bezirk Landeck,,,,,,
Schneewittchen,,,,,,
Lebewesen,,,,,,
Whanganui,,,,,,
Ereignissen,,,,,,
Hayley,,,,,,
La Réunion,,,,,,
Berchtesgadener Alpen,,,,,,
Bavi,,,,,,
Hampshire,,,,,,
Moabit,,,,,,
Vereinigten Arabischen Emirate,,,,,,
Hochlagen,,,,,,
Hedgefonds,,,,,,
gefrierender Regen,,,,,,
Schutt,,,,,,
Douglas County,,,,,,
Mumbais,,,,,,
Silvesternacht,,,,,,
Albuquerque,,,,,,
Jaisalmer,,,,,,
Gohrischheide,,,,,,
B…,,,,,,
Kälteeinbruchs,,,,,,
Provinz Kunar,,,,,,
Waldbrandsaison,,,,,,
Pankow,,,,,,
Kauai,,,,,,
Kilauea-Vulkan,,,,,,
Balkon,,,,,,
Armenien,,,,,,
Engländer,,,,,,
Neufundlands,,,,,,
Chengalpattu,,,,,,
Kaub,,,,,,
Südostens,,,,,,
Zentralasien,,,,,,
Spreewald,,,,,,
AP News,,,,,,
Berliner Flughafen,,,,,,
Ärmelkanal,,,,,,
Oberharz,,,,,,
Badewetter,,,,,,
Wassermassen,,,,,,
F.A.Z.-Podcast Rhein-Main,,,,,,
Telluride,,,,,,
Gatwick,,,,,,
Schneemond,,,,,,
Atal-Tunnels,,,,,,
Xinjiang,,,,,,
Fiss,,,,,,
Milei,,,,,,
Salzburger Pongau,,,,,,
Niscemi auf Sizilien,,,,,,
Erdbeben in Afghanistan“,,,,,,
Volcán de Fuego,,,,,,
Startlöchern,,,,,,
Attleboro,,,,,,
Deiche,,,,,,
Hispaniola,,,,,,
Cheops-Pyramide,,,,,,
Thiruvananthapuram,,,,,,
Bronx,,,,,,
Hiddensee,,,,,,
Schlaglöcher,,,,,,
Präfektur Chiba,,,,,,
Broadway,,,,,,
Nachsaison,,,,,,
Yakutat,,,,,,
Bayelsa,,,,,,
lni,,,,,,
Rekordhöhe,,,,,,
Frühlingsgefühle,,,,,,
Provinz Guangdong,,,,,,
Baculin,,,,,,
Südbengalen,,,,,,
Jackson,,,,,,
Winterwunderland,,,,,,
Niederösterreichs,,,,,,
Hildesheim,,,,,,
"Erdbeben der Stärke 7,2",,,,,,
Südwisconsin,,,,,,
Jhapa-5,,,,,,
Südasien,,,,,,
Skitouren,,,,,,
Kalenderblatt,,,,,,
content-news.community.world-of-warcraft-beta,,,,,,
Manheim Township,,,,,,
US-Außenminister,,,,,,
Golden State,,,,,,
Panik,,,,,,
Erdbeben in Kolumbien“,,,,,,
Nassau,,,,,,
NCR,,,,,,
Dorfbewohner,,,,,,
Xinhua,,,,,,
japanische Regierung,,,,,,
Hulu,,,,,,
Polarkreises,,,,,,
Central Coast,,,,,,
Sturm Byron,,,,,,
Limberg,,,,,,
Anand,,,,,,
Metro Detroit,,,,,,
Mount St. Helens,,,,,,
Selangor,,,,,,
Antarktischen Halbinsel,,,,,,
Sturmfront,,,,,,
Erdbeben der Stärke 6,,,,,,
Newsom,,,,,,
Wochenendsturm,,,,,,
Dienstagmorgen,,,,,,
Rot,,,,,,
Krisha,,,,,,
Alpenrand,,,,,,
Dänemarks,,,,,,
Chamoli,,,,,,
Sprühregen,,,,,,
Nordwest-Griechenland,,,,,,
Honduras,,,,,,
Hilfsgüter,,,,,,
Oilers,,,,,,
Ondo,,,,,,
US-Bundesstaat Washington,,,,,,
Hangzhou,,,,,,
Ottawas,,,,,,
Main Street,,,,,,
"Erdbeben der Stärke 6,1",,,,,,
Innerkrems,,,,,,
Elli,,,,,,
Nordostjapan,,,,,,
Bezirks,,,,,,
Ältere,,,,,,
Turnschuhen,,,,,,
US-Wetter,,,,,,
Blitzen,,,,,,
Energieversorger,,,,,,
Dunkeln,,,,,,
Maulwurfstunneln,,,,,,
Migräne,,,,,,
Goch,,,,,,
Kitzingen,,,,,,
Aserbaidschan,,,,,,
Westmecklenburg,,,,,,
Feuerwerkskörpern,,,,,,
Millionen-Fonds,,,,,,
Schulen,,,,,,
Monsunrinne,,,,,,
Saw Creek,,,,,,
Coastal Highway,,,,,,
Avalon-Halbinsel,,,,,,
Genf,,,,,,
Technologien,,,,,,
Erdbeben auf Sizilien,,,,,,
Berkshire Hathaway,,,,,,
Militärpersonal,,,,,,
Hangrutsch,,,,,,
B20,,,,,,
Zojila-Pass,,,,,,
Provinzbehörden,,,,,,
Dörsbach,,,,,,
Osttirol,,,,,,
River Forecast Center,,,,,,
Kreis Pinneberg,,,,,,
Schwarzen Todes,,,,,,
Wilmington,,,,,,
Rettungsbemühungen,,,,,,
Sommertagen,,,,,,
Wetter-News,,,,,,
Kogi,,,,,,
Westchina,,,,,,
Drohne,,,,,,
PORTLAND,,,,,,
Erdbeben vor Tsunami,,,,,,
Hitzephasen,,,,,,
Lima,,,,,,
Waldbrand-Evakuierte,,,,,,
Havat Gilad,,,,,,
Schutt und Asche,,,,,,
Sonamarg,,,,,,
Schneestürmen,,,,,,
Serfaus,,,,,,
Landebahn,,,,,,
Aktienmarkt,,,,,,
Buschfeuersaison,,,,,,
Großen Pyramide,,,,,,
Hagel-Video,,,,,,
Patna,,,,,,
Lac du Bonnet,,,,,,
milder,,,,,,
Frostschäden,,,,,,
Sandstorm-Leder,,,,,,
den Niederlanden,,,,,,
Südost-Michigan,,,,,,
Katzenelnbogen,,,,,,
Mineneinsturz,,,,,,
Estland,,,,,,
Kalmaegi,,,,,,
Freiheitsstatue,,,,,,
Garmisch-Partenkirchen,,,,,,
Tahoe-Gebiet,,,,,,
Dolomiten,,,,,,
Gefahrenzone,,,,,,
Sakurajima,,,,,,
Kagoshima,,,,,,
Flughafen Schiphol,,,,,,
Gombe,,,,,,
Weihnachten,,,,,,
Insel Oahu,,,,,,
Albufeira,,,,,,
Schubladen,,,,,,
Rekordhitzewelle,,,,,,
Monmouth,,,,,,
Glätte-Unfälle,,,,,,
Bundesmittel,,,,,,
Sanriku,,,,,,
Bezirk Gmunden,,,,,,
Twin Cities,,,,,,
Wahn,,,,,,
Oklahomas,,,,,,
Kreis Steinfurt,,,,,,
Valloire,,,,,,
Volksrepublik,,,,,,
Leeds,,,,,,
Solem,,,,,,
Südjapan,,,,,,
Bezirk Wayanad,,,,,,
Südmexiko,,,,,,
Wirbelstürmen,,,,,,
Bezirk,,,,,,
Konferenzfinale,,,,,,
Ost-Neufundland,,,,,,
Wetter-Achterbahn,,,,,,
Zermatt,,,,,,
Zentraljava,,,,,,
Köhlbrandbrücke,,,,,,
Pensacola,,,,,,
Mariana,,,,,,
Ursachen,,,,,,
Nikobaren,,,,,,
Canadiens,,,,,,
Kalladi,,,,,,
Carolina,,,,,,
Parana,,,,,,
Algerien,,,,,,
Marin,,,,,,
Orange County,,,,,,
Italienische Alpen,,,,,,
Schneemobil-Fahrer,,,,,,
Indischen Ozeans,,,,,,
Padang Terap,,,,,,
Tongariro-Nationalpark,,,,,,
Gesamtzahlen,,,,,,
Südost-Wisconsin,,,,,,
Zugunglück,,,,,,
Saturn,,,,,,
Old Trails Fire,,,,,,
US-Lawine,,,,,,
Kamrup,,,,,,
Essex,,,,,,
Dharwad,,,,,,
Georgien,,,,,,
Old Trails,,,,,,
Xenon-Scheinwerfer,,,,,,
Nordbayern,,,,,,
Landesrechnungshof,,,,,,
Haustür,,,,,,
Spielvorschau,,,,,,
Woodward,,,,,,
Belagavi,,,,,,
Hurrikan-Hilfsmission,,,,,,
Algeriens,,,,,,
Fort Lauderdale,,,,,,
Kaschmir-Tal,,,,,,
Met Éireann,,,,,,
Verspätungen,,,,,,
Old Man Winter,,,,,,
Betrügereien,,,,,,
Nord-Michigan,,,,,,
Réunion,,,,,,
Shenyang,,,,,,
Syracuse,,,,,,
Westen,,,,,,
Tagestemperaturen,,,,,,
Stadt Wien,,,,,,
Mount Makalu,,,,,,
Tri-State-Gebiet,,,,,,
Snow,,,,,,
Hilfszentren,,,,,,
Sonntag Glatteis,,,,,,
Berliner Straßenbahn-Verkehr,,,,,,
Upper West Side,,,,,,
Dodger Stadium,,,,,,
Staten Island,,,,,,
Südchinesischen Meer,,,,,,
Badger,,,,,,
Neuschneefall,,,,,,
Gewitterwolken,,,,,,
Mount Bur Ni Telong,,,,,,
Strand,,,,,,
Ungarns,,,,,,
Sunshine State,,,,,,
Landes …,,,,,,
Mahabhir,,,,,,
Steinbach,,,,,,
Chatbots,,,,,,
Seevetal,,,,,,
West Kelowna,,,,,,
Gleichenberger Bahn,,,,,,
Laredo,,,,,,
Canmore,,,,,,
Rekord-Niedrigwasser,,,,,,
Rodelspaß,,,,,,
Kancheepuram,,,,,,
Killarney-Nationalpark,,,,,,
Ressourcen,,,,,,
Erdbeben in Südchina,,,,,,
Goldrauschs,,,,,,
Yosemite-Nationalparks,,,,,,
Cape Cod,,,,,,
kühl,,,,,,
Sonoma County,,,,,,
Oakland,,,,,,
Sheriff-Büros,,,,,,
Gemeinschaft,,,,,,
A1,,,,,,
Devon,,,,,,
Weißbach,,,,,,
Appleton,,,,,,
Lofer,,,,,,
Malaysias,,,,,,
Knoxville,,,,,,
Murrieta,,,,,,
Krankheitsrisiko,,,,,,
"Erdbeben der Stärke 2,5",,,,,,
M…,,,,,,
Toiletten,,,,,,
Hansestadt,,,,,,
Limpopo,,,,,,
Barnards Loop,,,,,,
Blutregen,,,,,,
Neuhausen ob Eck,,,,,,
Nachbarschaften,,,,,,
Kolibris,,,,,,
Pizzo Bernina,,,,,,
Tiny Houses,,,,,,
Barrikaden,,,,,,
Stadt München,,,,,,
Verkehrsministerium,,,,,,
Yorkshire,,,,,,
San Francisco Chronicle,,,,,,
Krokodil-Alarm,,,,,,
Tracy-Arm-Fjord,,,,,,
Morgennebel,,,,,,
Tropensturm Dolphin,,,,,,
Cairns,,,,,,
Provo,,,,,,
Lower Michigan,,,,,,
Boise,,,,,,
Mount Lokon,,,,,,
Tennengau,,,,,,
Salzburgs,,,,,,
Neukölln,,,,,,
Baby,,,,,,
LONDON,,,,,,
Erdbeben Südjapan,,,,,,
FOX Forecast Center,,,,,,
Aeon Mall Kumamoto,,,,,,
Gummigeschossen,,,,,,
Ilse,,,,,,
Schmalwasser-Talsperre,,,,,,
Meath,,,,,,
Agri-Forest,,,,,,
Adriaküste,,,,,,
Khyber Pakhtunkhwa,,,,,,
Grundlagen,,,,,,
Waldbrands,,,,,,
Minister,,,,,,
Aktion,,,,,,
Oberallgäu,,,,,,
Erdbeben vor der Küste,,,,,,
Kenora,,,,,,
Prag,,,,,,
Cannes,,,,,,
Forschern,,,,,,
Niederungen,,,,,,
Obstgärten,,,,,,
Marin County,,,,,,
Spielthread,,,,,,
hawaiianischen Inseln,,,,,,
Stürme,,,,,,
Osttexas,,,,,,
Glättegefahr,,,,,,
Netflix-Dokumentation,,,,,,
Wetter-Gott,,,,,,
Flachgau,,,,,,
Ostern,,,,,,
Bode,,,,,,
Transferportal,,,,,,
Alarmstufe Orange,,,,,,
Launceston,,,,,,
Sonapur,,,,,,
Verkehrschaos,,,,,,
essen,,,,,,
Südzentralalaska,,,,,,
Gotthardmassiv,,,,,,
Nordwest-Indiana,,,,,,
Belutschistan,,,,,,
Kapuzinerberg,,,,,,
Berlin-Brandenburg,,,,,,
Lech-Zürs,,,,,,
Helsinki,,,,,,
Vogtland,,,,,,
Ioannina,,,,,,
Wolken,,,,,,
Weihnachtswoche,,,,,,
Eises,,,,,,
Tornado-Rot,,,,,,
Sa…,,,,,,
Narsingdi,,,,,,
Erdbeben in Bangladesch,,,,,,
Islands,,,,,,
Präfektur Niigata,,,,,,
Holland,,,,,,
Lexus GX470,,,,,,
Highway 99,,,,,,
Sea-to-Sky-Region,,,,,,
Umweltamt,,,,,,
Außenbereich,,,,,,
Arbeitsplatz,,,,,,
Gaza-Stadt,,,,,,
Autobahn 27,,,,,,
No Reserve,,,,,,
Hearthstone,,,,,,
Ems,,,,,,
Erdbebenüberlebenden,,,,,,
Abenteuern,,,,,,
Oklahoma City,,,,,,
Niedrigwasser,,,,,,
Nord-Manitoba,,,,,,
Flut,,,,,,
Atlantic City,,,,,,
Französisch-Guayana,,,,,,
belgischen Grenze,,,,,,
Kohlenstoff,,,,,,
Schlammvulkans,,,,,,
Milliardenschaden,,,,,,
Conakry,,,,,,
Anaheim,,,,,,
Bundesstraße 42,,,,,,
Schlimmste,,,,,,
Katastrophenregion,,,,,,
West-Texas,,,,,,
West Midlands,,,,,,
Hitzekuppeln,,,,,,
Brandnarben,,,,,,
Pisa,,,,,,
Ostdeutschlands,,,,,,
Maschsee,,,,,,
Nordindonesiens,,,,,,
Brandursache,,,,,,
Di,,,,,,
Kakinada,,,,,,
Bengalens,,,,,,
Ukrainer,,,,,,
Rostocker Zoo,,,,,,
Mainz/Saarbrücken,,,,,,
Luana,,,,,,
Lena,,,,,,
Meeresoberfläche,,,,,,
Landkreis Stendal,,,,,,
Zentrum,,,,,,
Earthquakes Canada,,,,,,
Visayas,,,,,,
Vorwort,,,,,,
Salzburgs Bergen,,,,,,
Puerto Vallarta,,,,,,
Chancen,,,,,,
Hagel,,,,,,
Katastrophenfonds,,,,,,
Tropensturm Dolly,,,,,,
Azoren,,,,,,
Pāpāmoa,,,,,,
Polizeiangaben,,,,,,
Winterjacke,,,,,,
Ostjapan,,,,,,
Toamasina,,,,,,
Zentral-Kalimantan,,,,,,
Mittelgriechenland,,,,,,
Schneehaufen,,,,,,
Bandasee,,,,,,
Panchthar,,,,,,
Bhotekoshi,,,,,,
Vic,,,,,,
Rajasthans,,,,,,
hinwegfegten,,,,,,
Trends,,,,,,
Savoyen,,,,,,
Land…,,,,,,
Silver Springs,,,,,,
Mitternacht,,,,,,
Hurrikan Lala,,,,,,
Rekordregen,,,,,,
Metro Vancouver,,,,,,
Schneedecke,,,,,,
Syriens,,,,,,
Bucht von Bengalen,,,,,,
Klimamodellen,,,,,,
Rumäniens,,,,,,
Schneeschaufeln,,,,,,
Nordwest-Territorien,,,,,,
Karakorum-Gebirge,,,,,,
Roggen,,,,,,
El Niño-Bedingungen,,,,,,
Wetter-Mix,,,,,,
Region Hannover,,,,,,
Schiebedach,,,,,,
Naturschutzgebiet Hohes Venn,,,,,,
Muktinath,,,,,,
Andenregion,,,,,,
Bereichen,,,,,,
Färöer-Inseln,,,,,,
Tools,,,,,,
Mizoram,,,,,,
Kaffeemaschine,,,,,,
Kano,,,,,,
Bayreuth,,,,,,
Santa Cruz Mountains,,,,,,
USGS,,,,,,
Jamaica,,,,,,
Weideland,,,,,,
Bezirk Sındırgı,,,,,,
Erdbeben schreckt Menschen,,,,,,
Erdbeben in Granada,,,,,,
Attendorn,,,,,,
Sarajevo,,,,,,
Erdbeben der Stärke 3,,,,,,
Ruinen,,,,,,
Händlern,,,,,,
Cuddalore,,,,,,
Bodennähe,,,,,,
Nagano,,,,,,
Chalkidiki,,,,,,
Tropensturm Boris,,,,,,
Urlauber,,,,,,
Niagarafälle,,,,,,
Regenjacke,,,,,,
Mekkhala,,,,,,
Texas Panhandle,,,,,,
Hawk Fire,,,,,,
Guadalajara,,,,,,
gefrierenden Regen,,,,,,
Hurrikans,,,,,,
Taifun Halong,,,,,,
Kaligandaki-Korridors,,,,,,
Bewässerungswasser,,,,,,
Zentralafrika,,,,,,
Kent,,,,,,
Ankara,,,,,,
Rubihorn,,,,,,
Autobahnen,,,,,,
zweitwärmste,,,,,,
Cloud-Seeding-Operationen,,,,,,
Andorra,,,,,,
Uluru,,,,,,
Rhodos,,,,,,
Olympiapark,,,,,,
Blitzeinschläge,,,,,,
Cairngorms,,,,,,
Instagram,,,,,,
Jajarkot,,,,,,
Kakao,,,,,,
Pasirlangu,,,,,,
Fedora,,,,,,
Karibikstaat,,,,,,
Prince Edward County,,,,,,
St. Pauli,,,,,,
Inselstaat,,,,,,
Nordwestindien,,,,,,
Molise,,,,,,
St. Anton am Arlberg,,,,,,
Angola,,,,,,
Wärmekuppel,,,,,,
Tsunamiwellen,,,,,,
Massives Erdbeben der Stärke,,,,,,
Schadens,,,,,,
Umweltbehörde,,,,,,
West-Pennsylvania,,,,,,
Vail,,,,,,
Lake First Nation,,,,,,
Klimakrise,,,,,,
Aurich,,,,,,
Crans-Montana,,,,,,
Schwarze Elster,,,,,,
Sardon,,,,,,
Hochgebirge,,,,,,
Whakaari/White Island,,,,,,
Starkes Erdbeben auf Philippinen,,,,,,
Schneefallgrenze,,,,,,
Flutkatastrophe im Ahrtal,,,,,,
Kyjiw,,,,,,
Nigerias,,,,,,
Marianeninseln,,,,,,
Rocky-Mountain-Nationalpark,,,,,,
Großraum Cincinnati,,,,,,
Flip-Flops,,,,,,
Bitcoin,,,,,,
San Jose,,,,,,
Ethereum,,,,,,
US-Senator,,,,,,
Stourbridge,,,,,,
Abuja,,,,,,
Blockchain,,,,,,
Notfallanlaufstelle,,,,,,
Almora,,,,,,
Bezirk Liezen,,,,,,
Umwelt-Newsletters,,,,,,
Highway 1,,,,,,
Al Jazeera,,,,,,
Waldbrandalarm,,,,,,
Verizon,,,,,,
Pfad,,,,,,
Derecho,,,,,,
Bädern,,,,,,
Belleville,,,,,,
Mongolei,,,,,,
Yellowknife,,,,,,
Berlin-Mitte,,,,,,
Visier,,,,,,
Portugiesen,,,,,,
Krisenmodus,,,,,,
Rechenzentren,,,,,,
Kärntens,,,,,,
Stadtteile,,,,,,
Äste,,,,,,
Partikeln,,,,,,
Rayalaseema,,,,,,
Yanam,,,,,,
Madurai,,,,,,
Dover,,,,,,
Wintersturm Fern,,,,,,
Büchel,,,,,,
Schneeberge,,,,,,
Varanasi,,,,,,
Müll-Lawine,,,,,,
Leonardo,,,,,,
Stadtgrün,,,,,,
Frettchen,,,,,,
Katastrophenerklärungen,,,,,,
Hochwasserversicherungen,,,,,,
Cold Lake,,,,,,
Snow Patrol,,,,,,
venezolanischen Erdbebens,,,,,,
Erkner,,,,,,
Provinz West-Java,,,,,,
Haus in Türkei,,,,,,
Melbourne Zoo,,,,,,
St…,,,,,,
Tiefdrucksystems,,,,,,
Tropensturm Jerry,,,,,,
Wetter,,,,,,
Fortschritte,,,,,,
Halle (Saale,,,,,,
Lagerhaus,,,,,,
Cerrado,,,,,,
Bundesstaat Kalifornien,,,,,,
Erdrutsche,,,,,,
Boulder,,,,,,
Gesundheitswesens,,,,,,
Imst,,,,,,
Dürre an der Donau,,,,,,
Liaoning,,,,,,
Rache,,,,,,
Palm Beach,,,,,,
Colorados Western Slope,,,,,,
Tschernobyl,,,,,,
Département,,,,,,
Kota Marudu,,,,,,
Eichenprozessionsspinner,,,,,,
Aschewolken,,,,,,
Tokat,,,,,,
Doppel-Erdbebens,,,,,,
Ouyen,,,,,,
Profi-Trader,,,,,,
Fontainebleau,,,,,,
Moos,,,,,,
Schneesturms,,,,,,
Gewerbeimmobilien,,,,,,
Deichanlagen,,,,,,
Ägäische Meer,,,,,,
Evans,,,,,,
Grand Junction,,,,,,
Brandgebieten,,,,,,
A2,,,,,,
Nebeliger Morgen,,,,,,
Regenserie,,,,,,
Wasserständen,,,,,,
Alkoholverbot,,,,,,
A24,,,,,,
East Kootenay,,,,,,
Cyber-Regeln,,,,,,
Ompah,,,,,,
Ainslie Creek,,,,,,
Igel,,,,,,
Vieh,,,,,,
Banjarnegara,,,,,,
Gewitter-Folgen,,,,,,
West-Queensland,,,,,,
Reykjavík,,,,,,
Intensitätsskala,,,,,,
Biobío,,,,,,
Landwirten,,,,,,
Bestellungen,,,,,,
Tauernautobahn,,,,,,
Waggons,,,,,,
Autobahn 7,,,,,,
Schneefall,,,,,,
Newark,,,,,,
Rajkot,,,,,,
Akrotiri,,,,,,
Crikey,,,,,,
Wüste Gobi,,,,,,
Großraum Denver,,,,,,
Mega-Tsunami,,,,,,
Finanzministerium,,,,,,
Wohnmobil,,,,,,
Conception Bay North,,,,,,
US-Tourist,,,,,,
Bezirk Murtal,,,,,,
Kernkraftwerks Kashiwazaki-Kariwa,,,,,,
Autobahn Narayangadh–Muglin,,,,,,
Risikos,,,,,,
Wohngebäuden,,,,,,
Main-Kinzig-Kreis,,,,,,
Marmarameer,,,,,,
Heavenly Mountain Resort,,,,,,
Kittsee,,,,,,
Erdbeben im Norden Venezuelas,,,,,,
Midtown,,,,,,
Arta,,,,,,
Strandes,,,,,,
Großraum Paris,,,,,,
Vogelkot,,,,,,
überfluteter Straße,,,,,,
Blizzard-Warnungen,,,,,,
Montagmorgen,,,,,,
Daunne,,,,,,
Süddeutschlands,,,,,,
Des Moines,,,,,,
Stutensee,,,,,,
Stockholm,,,,,,
Katastrophe,,,,,,
Fairview,,,,,,
Madison Square Garden,,,,,,
San Carlos Reservoir,,,,,,
Eaton-Feuer,,,,,,
Christchurch,,,,,,
Hongqi-Brücke,,,,,,
Präfektur Miyagi,,,,,,
Erdbeben auf Philippinen,,,,,,
Landkreis Oder-Spree,,,,,,
texanischen Küste,,,,,,
Zugausfälle,,,,,,
Sonne am Wochenende,,,,,,
Dienstag Temperaturen,,,,,,
Bermuda-Inseln,,,,,,
Zirakpur,,,,,,
Grant,,,,,,
Puck-Drop,,,,,,
NEMA,,,,,,
Videospielbranche,,,,,,
Feiertagen,,,,,,
TotalEnergies,,,,,,
Vegas,,,,,,
Yosemite-Nationalpark,,,,,,
Disney-Parks,,,,,,
Semeru-Vulkans,,,,,,
Königreich,,,,,,
Chimborazo,,,,,,
Flugzeugabsturz,,,,,,
Nha Trang,,,,,,
Ahrtal-Katastrophe,,,,,,
Venezolaner,,,,,,
Danakgre,,,,,,
Belem,,,,,,
Erbeskopf,,,,,,
Malibu,,,,,,
Karnali,,,,,,
Erdbeben in Mindanao,,,,,,
Schneekanonen,,,,,,
SoCal,,,,,,
Imperial County,,,,,,
Revelstoke,,,,,,
Greding,,,,,,
Vorarlbergs,,,,,,
Risiken,,,,,,
Gesundheitswesen,,,,,,
Unicoi County,,,,,,
Abgeordnetenhaus,,,,,,
Nutzpflanzen,,,,,,
Zentral-Neufundland,,,,,,
"Erdbeben der Stärke 4,5",,,,,,
Pasadena,,,,,,
Rainier,,,,,,
internationalen Flughafen,,,,,,
Zentrum von Alberta,,,,,,
Woodlands County,,,,,,
Stromnetzen,,,,,,
Waffenstillstands,,,,,,
Süd-Connecticut,,,,,,
Leichensäcke,,,,,,
Sunshine Coast,,,,,,
Alpinweiß,,,,,,
Bambus,,,,,,
Bezirk Kutch,,,,,,
Beni-Jomsom-Straße,,,,,,
Taiwans Nordostküste,,,,,,
Isle of Wight,,,,,,
Sındırgı,,,,,,
Wissens,,,,,,
North,,,,,,
Mughal Road,,,,,,
Eferding,,,,,,
Python-Tornado,,,,,,
Powerplay,,,,,,
Mount McKinley,,,,,,
Mattel,,,,,,
Vardousia-Gebirge,,,,,,
Tarvisio,,,,,,
GREEN BAY,,,,,,
Wohnraum,,,,,,
Wegner,,,,,,
Pembroke,,,,,,
West Java,,,,,,
Syrakus,,,,,,
"Erdbeben der Stärke 6,9",,,,,,
Staub,,,,,,
Vereinigtes Königreich,,,,,,
Semesterferien,,,,,,
Autobahn 1,,,,,,
St. John,,,,,,
Pappe,,,,,,
Oklahoma Panhandle,,,,,,
Sylt,,,,,,
Binghamton,,,,,,
Samaria,,,,,,
Präfektur Fukushima,,,,,,
Erdrutschopfern,,,,,,
Flugverspätungen,,,,,,
Mittleren Westens,,,,,,
White Mountains,,,,,,
NRWs,,,,,,
Marburg,,,,,,
Skigebieten,,,,,,
Ifo,,,,,,
Hitze-Check,,,,,,
Central Plains,,,,,,
philippinischen Inseln,,,,,,
Abwasser,,,,,,
Nordflorida,,,,,,
Zentralwisconsin,,,,,,
Schneeschuhen,,,,,,
Squamish,,,,,,
Burnaby,,,,,,
Piton de la Fournaise,,,,,,
Winterregen,,,,,,
Winterdienst,,,,,,
Almería,,,,,,
Ostwestfalen-Lippe,,,,,,
"Erdbeben der Stärke 6,6",,,,,,
Cardiff,,,,,,
Lebens,,,,,,
Steinschläge,,,,,,
Kühlschrank,,,,,,
Abhang,,,,,,
Glacier National Park,,,,,,
Mittel-Tennessee,,,,,,
Totenzahl,,,,,,
Meerut,,,,,,
Erdbebenwarnungen,,,,,,
Wintersonne,,,,,,
Kuwait,,,,,,
Elbrus,,,,,,
Pimpri Chinchwad,,,,,,
Waldbranddienst,,,,,,
Upper Assam,,,,,,
Nordchina,,,,,,
Atomkraftwerk Paks,,,,,,
Steinbruch,,,,,,
Schwechat,,,,,,
Haus zu Haus,,,,,,
Coral Springs,,,,,,
Lücke,,,,,,
Historisches Haus,,,,,,
Hauptkläger,,,,,,
Enklave,,,,,,
Murtal,,,,,,
Niederschlagsdefizit,,,,,,
Carrington-Ereignis,,,,,,
Pole,,,,,,
Glencullen,,,,,,
Simpsonville,,,,,,
Molfsee,,,,,,
Jefferson County,,,,,,
Lindau,,,,,,
Kampfmitteln,,,,,,
Indio,,,,,,
Tropensturm Fung-wong,,,,,,
Klostertal,,,,,,
Straßensperrungen,,,,,,
Mowanjum,,,,,,
Mirzapur,,,,,,
Fallon,,,,,,
Dachstuhlbrand,,,,,,
Krakatau,,,,,,
Weihnachtsferien,,,,,,
Swan Valley West,,,,,,
Präfektur Okinawa,,,,,,
Großen Salzsee,,,,,,
Staufensee,,,,,,
Ostseesturmflut,,,,,,
Habseligkeiten,,,,,,
Sonntagvormittag,,,,,,
Saturnmond Titan,,,,,,
Belfast,,,,,,
Bangalore,,,,,,
A21,,,,,,
Hessens Bergen,,,,,,
Boddington,,,,,,
Shakira,,,,,,
Bucht von San Francisco,,,,,,
Schwäbischen Alb,,,,,,
Slowenien,,,,,,
Megastädten,,,,,,
Wenzhou,,,,,,
Sekundenschnelle,,,,,,
Beeinträchtigungen,,,,,,
Roten Meer,,,,,,
Top End,,,,,,
Hotel-Evakuierung,,,,,,
Vorsorge,,,,,,
US-Golfküste,,,,,,
Kishtwar,,,,,,
US-Küsten,,,,,,
Peace River Regional District,,,,,,
Stadt Zürich,,,,,,
Sächsische Schweiz,,,,,,
Troja,,,,,,
Mississauga,,,,,,
Amerikanerin,,,,,,
Cedarburg,,,,,,
Hurrikan-Hilfsgüter,,,,,,
Sierra Avalanche Center,,,,,,
Purja,,,,,,
Broome,,,,,,
Shasta County,,,,,,
Wayanad-Tunnel,,,,,,
Terroranschlags,,,,,,
Raffinerien,,,,,,
Südpol,,,,,,
Kerala-Wetter,,,,,,
Lainchaur,,,,,,
Präfektur Kagoshima,,,,,,
"Erdbeben der Stärke 4,3",,,,,,
Krisenzeiten,,,,,,
Minenunglück in Afrika,,,,,,
Exodus,,,,,,
Dürreschäden,,,,,,
Algarve,,,,,,
NJ,,,,,,
Kaskaden,,,,,,
Weinlese,,,,,,
Outback-Stadt,,,,,,
Vulkanen,,,,,,
Nanga Parbat,,,,,,
Leichtes Erdbeben im Taunus,,,,,,
Gelnhausen,,,,,,
Eis auf der Oder,,,,,,
Erdbeben in der Südosttürkei,,,,,,
Süd-Queensland,,,,,,
Red Ridge Trail,,,,,,
Erdbeben: Erdbeben erschüttert Peloponnes,,,,,,
Balearen,,,,,,
Rubaya-Mine,,,,,,
"Erdbeben der Stärke 6,9 ​​die",,,,,,
Hype,,,,,,
Noul,,,,,,
Immobilienmarkt,,,,,,
Innsbrucker,,,,,,
New Yorkern,,,,,,
Kalte Nebelsuppe,,,,,,
Guatemalas,,,,,,
Leguane,,,,,,
Organversagen,,,,,,
Ost-Ontarios,,,,,,
Regenwarnungen,,,,,,
Cap Ferret,,,,,,
Whiteout-Bedingungen,,,,,,
Drei-Staaten-Gebiet,,,,,,
Aberdeen,,,,,,
Flugverkehrs,,,,,,
Coupon,,,,,,
Sonntagmorgen,,,,,,
Sintflutartiger Regen,,,,,,
NTT,,,,,,
Südschwarzwald,,,,,,
Albaniens,,,,,,
Litauen,,,,,,
Schneemengen,,,,,,
Ravensthorpe,,,,,,
Regenchaos,,,,,,
Hindukusch-Himalaya,,,,,,
Kerrville,,,,,,
Beverly Hills,,,,,,
Evros,,,,,,
Ätna-Region,,,,,,
Tuvalu,,,,,,
Karjat,,,,,,
Polarkreis,,,,,,
Tals,,,,,,
Wechselwetter,,,,,,
Bergregionen,,,,,,
Münchens,,,,,,
Honaunau-Napoopoo,,,,,,
North Bend,,,,,,
East Rutherford,,,,,,
Regierung von Ontario,,,,,,
Küstenüberschwemmungen,,,,,,
Hagelstürme,,,,,,
Trockenperioden,,,,,,
Caldera,,,,,,
Tropensturm Priscilla,,,,,,
Provinz Gansu,,,,,,
Tornado-Alarm,,,,,,
Gesundheitspersonal,,,,,,
Leoben,,,,,,
Rechnungshof,,,,,,
Fenstern,,,,,,
Starker Regen,,,,,,
Fährausfälle,,,,,,
Elida,,,,,,
Mutterboden,,,,,,
Potsdamer Platz,,,,,,
Einsiedlerkrebsen,,,,,,
Büro,,,,,,
Western Bay Emergency Response Fund,,,,,,
Crawford,,,,,,
Mailänder Designwoche,,,,,,
Channel-Islands-Nationalpark,,,,,,
Redwood Valley,,,,,,
Sin City,,,,,,
Obdach,,,,,,
Gaspreise,,,,,,
Guangdong,,,,,,
Kalikot,,,,,,
Westchester County,,,,,,
Lahaul,,,,,,
Alarmstufe Gelb,,,,,,
Frankfurt am Main,,,,,,
Nationale Wetterdienst,,,,,,
Pipelines,,,,,,
Facebook-Marktplatz,,,,,,
Imo,,,,,,
Alaska Highway,,,,,,
Brasília,,,,,,
Drohnenvideo,,,,,,
Tooele County,,,,,,
Skåne,,,,,,
Brandstifter,,,,,,
Außenwelt,,,,,,
Reaktors,,,,,,
Mann,,,,,,
Kreis Pengshui,,,,,,
Essen,,,,,,
Hochwasserschutzprojekten,,,,,,
TN,,,,,,
Gyirong,,,,,,
Engpässen,,,,,,
Arbeitskräfte,,,,,,
Alawathugoda,,,,,,
Mourne Mountains,,,,,,
Dreistadt,,,,,,
Nooksack River,,,,,,
Pathibhara-Tempelgebiet,,,,,,
Frost-Tau-Wechsel,,,,,,
Bageshwar,,,,,,
Polymarket,,,,,,
Singen,,,,,,
Lissabon,,,,,,
Disney-Fans,,,,,,
Rio,,,,,,
Nord-Jersey,,,,,,
Bulahdelah,,,,,,
Palisades-Inferno,,,,,,
Mittelmeers,,,,,,
Arborg,,,,,,
Japans Küste,,,,,,
Süditalien,,,,,,
Plateau,,,,,,
Simbach,,,,,,
Krypto-Entwicklern,,,,,,
Nunavut,,,,,,
Windkälte,,,,,,
Tinian,,,,,,
klimabedingter,,,,,,
Friedrichshain-Kreuzberg,,,,,,
Jalpaiguri,,,,,,
Kinnaur,,,,,,
Erdstößen an der Grenze,,,,,,
Pacific Highway,,,,,,
Bundesrepublik,,,,,,
"Erdbeben der Stärke 7,0",,,,,,
Schädlingen,,,,,,
Wasserstand der Donau,,,,,,
Newcastle,,,,,,
Rathaus,,,,,,
Enderlin,,,,,,
Himalaya-Regionen,,,,,,
Sturm Bäume,,,,,,
Große Pyramide,,,,,,
Interlake,,,,,,
Falklandinseln,,,,,,
Erdbeben vor Japans,,,,,,
Leichtes Erdbeben in Region Leipzig,,,,,,
Staat New York,,,,,,
"Erdbeben der Stärke 4,7",,,,,,
Feinstaub,,,,,,
Schlachtfeld,,,,,,
Stebbins,,,,,,
Miamisburg,,,,,,
D-II-Distrikttitelspielen,,,,,,
Sommers,,,,,,
"Erdbeben der Stärke 4,2",,,,,,
Tuxer Alpen,,,,,,
Rimrock Lake,,,,,,
San Luis Obispo County,,,,,,
Tibets,,,,,,
Frankreich-Spiel,,,,,,
Newport,,,,,,
Regens,,,,,,
Blut-Hirn-Schranke,,,,,,
Tierpark Nordhorn,,,,,,
Dürre in Europa,,,,,,
Albany,,,,,,
Rheintal,,,,,,
Polarwirbel,,,,,,
SZ am Morgen,,,,,,
Joplin,,,,,,
Atmosphäre,,,,,,
Verzögerungen,,,,,,
Feuers,,,,,,
Kananaskis,,,,,,
Cisco,,,,,,
Bezirk Panchthar,,,,,,
Fischkot,,,,,,
Zentralasiens,,,,,,
lno,,,,,,
Flughafen New Chitose,,,,,,
Evakuierungszentren,,,,,,
Ausmaße,,,,,,
Erdbeben in Myanmar,,,,,,
Nachbarländern,,,,,,
Schwaches Erdbeben,,,,,,
"Erdbeben der Stärke 3,3",,,,,,
Columbia,,,,,,
Palau,,,,,,
Burbank,,,,,,
Sommerhitze,,,,,,
Südbaden,,,,,,
Herbst,,,,,,
Finanzminister,,,,,,
Große Pyramide von Gizeh,,,,,,
Edmontons,,,,,,
Sivasagar,,,,,,
Great Salt Lake,,,,,,
Waffenstillstand,,,,,,
Rajouri,,,,,,
Mobilfunkanbieter,,,,,,
Infantino,,,,,,
Mazedonien,,,,,,
Bayerns Alpen,,,,,,
Oberschwaben,,,,,,
Dibrugarh,,,,,,
Aidaperla,,,,,,
Magic Kingdom Park,,,,,,
Bondi Beach,,,,,,
Kalter Morgen,,,,,,
Nawalapitiya,,,,,,
Perspektiven,,,,,,
Fürth,,,,,,
Erlangen,,,,,,
Südamerikas,,,,,,
leiden,,,,,,
Niedrigwasser am Rhein,,,,,,
Bemühungen,,,,,,
Blitzeinschlägen,,,,,,
Salzbäder,,,,,,
Große Erdbeben,,,,,,
B,,,,,,
Ire,,,,,,
Speere,,,,,,
Mecklenburg-Vorpommerns,,,,,,
Space Weather Prediction Center,,,,,,
Umweltministerium,,,,,,
Sleepy Hollow,,,,,,
Burj Khalifa,,,,,,
Unterwäsche,,,,,,
Nike,,,,,,
Sonnenbad,,,,,,
Eisberg,,,,,,
Rauchwolke,,,,,,
Park Wechselburg,,,,,,
Tamil Nadus,,,,,,
Hamas,,,,,,
Chinesen,,,,,,
Erdbeben in japanischem Einkaufszentrum,,,,,,
Wagon,,,,,,
Themenparks,,,,,,
Hamburger Hafen,,,,,,
"PM2,5",,,,,,
Nordhessen,,,,,,
Lehigh Valley,,,,,,
Sauna,,,,,,
MetMalaysia,,,,,,
Heiligabend,,,,,,
Niederländer,,,,,,
Burg Kumamoto,,,,,,
Trump-Aussage,,,,,,
Copernicus-Bilanz,,,,,,
Zakynthos,,,,,,
Darm,,,,,,
Gefrierfach,,,,,,
Spiegelglatte,,,,,,
BTU Mini-Split-Klima-/Heizsystem,,,,,,
San Marcos,,,,,,
Wiltshire,,,,,,
Libyen,,,,,,
Obstbauern,,,,,,
Baubranche,,,,,,
Petersburg,,,,,,
Bukarest,,,,,,
"Erdbeben der Stärke 3,8",,,,,,
Nacht am Berg,,,,,,
Badrinath,,,,,,
Derbyshire,,,,,,
Unterhimmel,,,,,,
Frühlingssturm,,,,,,
Songkhla,,,,,,
Alabamas,,,,,,
Zentral-Gujarat,,,,,,
Antakya,,,,,,
Steyrer,,,,,,
Silverpit-Krater,,,,,,
Gera,,,,,,
Starbucks,,,,,,
Kankakee County,,,,,,
Toilettenratten,,,,,,
FOX Weather,,,,,,
Einbruch,,,,,,
Lake Village Indiana,,,,,,
Karibisches Meer,,,,,,
Bogotá,,,,,,
Argentinier,,,,,,
Mali,,,,,,
Espresso,,,,,,
Klimawandel Waldbrände,,,,,,
Zauchensee,,,,,,
Emsland,,,,,,
Betrügern,,,,,,
Eiscreme,,,,,,
Kanchanpur,,,,,,
Inselreichs,,,,,,
Flughafen Berlin-Brandenburg,,,,,,
Roofus,,,,,,
Konsens,,,,,,
Pongau/Lungau,,,,,,
Obertauern,,,,,,
Hyperliquid,,,,,,
Gegner,,,,,,
Crow Wing County,,,,,,
Bondi,,,,,,
Oita,,,,,,
B197,,,,,,
Mpumalanga,,,,,,
Padang Besar,,,,,,
Metropolregion Kathmandu,,,,,,
Zentral-Oregon,,,,,,
Nord-Minnesota,,,,,,
Metropolregion Vancouver,,,,,,
Harris County,,,,,,
Vulkans Kilauea,,,,,,
Sonne,,,,,,
Zentralkalifornien,,,,,,
Tornado-Beobachtung,,,,,,
Ungemütliches Regenwetter,,,,,,
Videos-Fotos,,,,,,
Bangkok,,,,,,
Tacho,,,,,,
North Shore Mountains,,,,,,
Südspaniens,,,,,,
Lauta,,,,,,
Föhn,,,,,,
Straße von Malakka,,,,,,
Ägypter,,,,,,
Neustift im Stubaital,,,,,,
Hausdach,,,,,,
Kurve,,,,,,
Cheboygan-Staudamm,,,,,,
Shootout,,,,,,
Streusalz-Alternativen,,,,,,
Toilettenblock,,,,,,
Milben,,,,,,
Pazifikstaat,,,,,,
Bolivien,,,,,,
Fox Valley,,,,,,
Erdbeben des laufenden Jahres,,,,,,
Notstandserklärungen,,,,,,
Bareilly,,,,,,
Andhra,,,,,,
Fable,,,,,,
Herzinfarkten,,,,,,
Nordseeinseln,,,,,,
naht,,,,,,
Dehydrierung,,,,,,
Meeresbodens,,,,,,
Terminals,,,,,,
Konsequenzen,,,,,,
US-Stadt,,,,,,
One World Trade Center,,,,,,
Leggi,,,,,,
Kottayam,,,,,,
Beringmeer,,,,,,
Dünen,,,,,,
Westkanada,,,,,,
Lkw,,,,,,
marokkanischen Küste,,,,,,
Bussen,,,,,,
Flughafen Mumbai,,,,,,
Prozesses,,,,,,
Hilfsgütern,,,,,,
Scottsdale,,,,,,
hohen Hügeln,,,,,,
Berg Lewotobi Laki-Laki,,,,,,
"Erdbeben der Stärke 4,0",,,,,,
Mississippi Valley,,,,,,
Strom-Panne,,,,,,
Bagger,,,,,,
Raigad,,,,,,
Sektors,,,,,,
Sulden,,,,,,
kühle,,,,,,
herannahender,,,,,,
Ozarks,,,,,,
Bezirk Rohrbach,,,,,,
Mississippi-Tal,,,,,,
Mühlviertel,,,,,,
Old Fort Road,,,,,,
Wasserhaushalt,,,,,,
Sao Paulo,,,,,,
Stubaital,,,,,,
US-Hauptstadt,,,,,,
Kona-Sturm,,,,,,
Gananoque,,,,,,
Athens,,,,,,
Stau,,,,,,
USDA,,,,,,
Flughafen Chandigarh,,,,,,
kanadische Regierung,,,,,,
Schaufel,,,,,,
C,,,,,,
Nordburgenland,,,,,,
Klimaanlage,,,,,,
Smokehouse Creek,,,,,,
Cascades,,,,,,
Schadensersatz,,,,,,
Nieder-,,,,,,
Alcácer do Sal,,,,,,
Schneesturm an der Ostküste,,,,,,
Walliser,,,,,,
Müllbergs,,,,,,
Nordmalaysia,,,,,,
Thüringer,,,,,,
Temperaturunterschiede,,,,,,
Klagenfurter Becken,,,,,,
Australiens Northern Territory,,,,,,
Wasserrettungen,,,,,,
Westchester,,,,,,
Lausitz,,,,,,
h264-BAE,,,,,,
Ferlach,,,,,,
Armstrong,,,,,,
Sintflut,,,,,,
Luxus,,,,,,
Muğla,,,,,,
Kiels Kältebus,,,,,,
Great Barrier Reef,,,,,,
Colorado Avalanche,,,,,,
Flitterwochen,,,,,,
Oswego County,,,,,,
Willingen,,,,,,
Bahrain,,,,,,
Serbiens,,,,,,
Landkreis Fulda,,,,,,
Salt Lake,,,,,,
Mauna Kea,,,,,,
Schnee-Chaos,,,,,,
Chhattisgarh,,,,,,
Blue Mountains,,,,,,
Südtiroler,,,,,,
Treibstoff,,,,,,
Sturmflut-Katastrophe,,,,,,
Korallenmeer,,,,,,
Wildfire-Analysator,,,,,,
"Erdbeben der Stärke 6,3",,,,,,
Schnellstraße Mumbai-Pune,,,,,,
Häfen,,,,,,
Hitze-Gewitter,,,,,,
Südlibanon,,,,,,
Japanischen Meeres,,,,,,
F1,,,,,,
Bamfield Main Road,,,,,,
Montego Bay,,,,,,
Wasserkuppe,,,,,,
Tisch,,,,,,
Odessa,,,,,,
britische Regierung,,,,,,
Kota Kinabalu,,,,,,
Napa Valley,,,,,,
Leverkusen,,,,,,
Schlafsäcke,,,,,,
Sarasota,,,,,,
Berlin Nikolassee,,,,,,
Lackenhof,,,,,,
Wrigley,,,,,,
Augusta County,,,,,,
Aufprall,,,,,,
Süd-Gujarat,,,,,,
Watzmann-Hocheck,,,,,,
Schwimmbad,,,,,,
Hamburger Museum,,,,,,
Jerichower Land,,,,,,
Sportgastein,,,,,,
Bundesstaat Lagos,,,,,,
Masar-e Scharif,,,,,,
Kangra,,,,,,
Prithvi Highway,,,,,,
Deutschland-Schreck,,,,,,
Blitz-Flaute,,,,,,
Schwarzenberg,,,,,,
Erdbeben in Mexiko,,,,,,
Wohnwagenpark,,,,,,
Santiago de Cuba,,,,,,
Gummi,,,,,,
Seeeffekt-Schnee,,,,,,
Freizeitparks,,,,,,
Urlaub,,,,,,
Bauvorschriften,,,,,,
Berg,,,,,,
Provinz Balikesir,,,,,,
Göteborg,,,,,,
Review/Fotos,,,,,,
Dauphin,,,,,,
Rosenheim,,,,,,
Lake Mead,,,,,,
Richmond Hill,,,,,,
Archipels,,,,,,
Winter-Wetter,,,,,,
Neuseeländer,,,,,,
Präfektur Wakayama,,,,,,
Niederschlagsmengen,,,,,,
Geneva Lake,,,,,,
Walworth County,,,,,,
Abwasserkanal,,,,,,
Obersten Gerichtshof,,,,,,
Nordgriechenland,,,,,,
Miramichi,,,,,,
Engelberg,,,,,,
Tenom,,,,,,
Regierungsangaben,,,,,,
Wetter-Chaos,,,,,,
Nörvenich,,,,,,
Groningen,,,,,,
Freitag,,,,,,
Söder,,,,,,
Ostwestfalen,,,,,,
Samangan,,,,,,
Backcountry,,,,,,
MP,,,,,,
Tornadogefahr,,,,,,
Montagnachmittag,,,,,,
Freihafenelbbrücke,,,,,,
Sturm Nils,,,,,,
Bezirk Schwaz,,,,,,
Maluku,,,,,,
Nethy Bridge,,,,,,
Arc Raiders-Roadmap,,,,,,
Montagfrüh,,,,,,
BPBD,,,,,,
Labrador West,,,,,,
Fung-Wong,,,,,,
Cardano,,,,,,
Neue Landgrafenbrücke,,,,,,
Forbes,,,,,,
Rheinpegel,,,,,,
Gesundheitsministerium,,,,,,
Berchtesgadener Land,,,,,,
Basislager,,,,,,
Sipitang,,,,,,
Carlow,,,,,,
Kreis Alzey-Worms,,,,,,
Staudamms,,,,,,
Bamfield,,,,,,
Frankfurts,,,,,,
Mexiko-Gala,,,,,,
Mönchengladbach,,,,,,
Kellerbrand,,,,,,
Vormarsch,,,,,,
Versorgungsunternehmen,,,,,,
Idukki,,,,,,
KI-Wettervorhersagen,,,,,,
Kälte,,,,,,
Rekordschnee-Dürre,,,,,,
Uwan,,,,,,
Meeres,,,,,,
Bürger,,,,,,
Aschesäule,,,,,,
Ostafghanistans,,,,,,
Westpakistans,,,,,,
Provinz Jambi,,,,,,
A 48,,,,,,
Hitzehotspots,,,,,,
europäischen Ländern,,,,,,
Gardasee,,,,,,
Riverside,,,,,,
Inntal,,,,,,
Globe,,,,,,
Özdemir,,,,,,
Reha,,,,,,
Präsenzunterricht,,,,,,
Moreno Valley,,,,,,
Twickenham,,,,,,
Adlershof,,,,,,
Spielfeld,,,,,,
Okanogan-Wenatchee National Forest,,,,,,
Berg Merapi,,,,,,
Patagoniens,,,,,,
Arlington,,,,,,
Botanischen Garten,,,,,,
Katzen,,,,,,
Hughenden,,,,,,
Polk County,,,,,,
Díaz-Canel,,,,,,
Rupien,,,,,,
Brevard County,,,,,,
Liveblog,,,,,,
Zentral-Queensland,,,,,,
Santa Barbara,,,,,,
Alaska-Ureinwohner,,,,,,
Molukkensee,,,,,,
Lawinenalarm,,,,,,
Landeskog,,,,,,
Strommast,,,,,,
ostafrikanischen Land,,,,,,
Charakters,,,,,,
Sturmtief Elli,,,,,,
Todd River,,,,,,
Hainan,,,,,,
Navi Mumbai,,,,,,
Longs Pass,,,,,,
Ostwind,,,,,,
Ferne,,,,,,
Kittitas County,,,,,,
ARKOCHIC,,,,,,
Glätteunfällen,,,,,,
Tobelo,,,,,,
Tropensturm Cristobal,,,,,,
Osterinsel,,,,,,
Yosemite,,,,,,
Erdbeben vor Indonesien,,,,,,
Lech,,,,,,
Ostbelgien,,,,,,
Schwarz,,,,,,
Süßwasser,,,,,,
G7,,,,,,
Utah Mammoth,,,,,,
Flughafen Auckland,,,,,,
Mayon-Vulkans,,,,,,
Saint-Gervais,,,,,,
Johnson County,,,,,,
Tagen,,,,,,
US-Bürgern,,,,,,
Estadio Azteca,,,,,,
Ebony-Leder,,,,,,
Sturm Melissa,,,,,,
Masar-i-Scharif,,,,,,
Nordpazifik,,,,,,
Humberto,,,,,,
Schnellcheck,,,,,,
Hindukusch-Region,,,,,,
Albertaner,,,,,,
Mittelengland,,,,,,
Wintersaison,,,,,,
Delhi-Wetter,,,,,,
Paia,,,,,,
Bradley Creek,,,,,,
La Plagne,,,,,,
Osterferien,,,,,,
Deutschland-Liveblog,,,,,,
Regierung von Alberta,,,,,,
Präfektur Nagano,,,,,,
Universität Innsbruck,,,,,,
Rekord-Hitze,,,,,,
Nynaeve,,,,,,
Westeros,,,,,,
Rutschbahnen,,,,,,
Jacksonville,,,,,,
O'ahu,,,,,,
Berlin-Nikolassee,,,,,,
Katastrophengebiet,,,,,,
Lekki,,,,,,
Evakuierungsbefehle,,,,,,
Springs,,,,,,
Nordkaribik,,,,,,
Norfolk,,,,,,
Stephanie,,,,,,
Kerr County,,,,,,
Nifty,,,,,,
C’River,,,,,,
Wendland,,,,,,
Lake,,,,,,
Anschauen,,,,,,
Erdmantel,,,,,,
Tornado-Piloten,,,,,,
Kräne,,,,,,
Ipoh,,,,,,
Seine,,,,,,
Südwestfrankreich,,,,,,
Umfragen,,,,,,
Ziegen,,,,,,
Trump-Rede,,,,,,
Kaliforniens Highway 1,,,,,,
Fischmarkt,,,,,,
Chitwan,,,,,,
Kitzbüheler,,,,,,
Flüchtlingslagern,,,,,,
Sturmbahn,,,,,,
Terrace,,,,,,
Balıkesir,,,,,,
Wimbledon,,,,,,
Regierung,,,,,,
Himalaja,,,,,,
kalifornischen Highway 1,,,,,,
Präfektur Ibaraki,,,,,,
Citi,,,,,,
Aussaat,,,,,,
Breitbart,,,,,,
Kolumne,,,,,,
Südens der Philippinen,,,,,,
Sambias,,,,,,
Hafer,,,,,,
Mittelalterlicher Turm,,,,,,
Tansanias,,,,,,
Hohe Lawinengefahr,,,,,,
Debian,,,,,,
Treptow-Köpenick,,,,,,
Rands,,,,,,
Salado,,,,,,
Sukabumi,,,,,,
Sindirgi,,,,,,
Chikkamagaluru,,,,,,
Streugut,,,,,,
Schneedecke Rekordtiefs,,,,,,
Wuppertal,,,,,,
Bad Deutsch-Altenburg,,,,,,
Lkw-Fahrverbot,,,,,,
Bad Lobenstein,,,,,,
"Erdbeben der Stärke 7,7 in Indonesien",,,,,,
Grenzen,,,,,,
Wasserstand,,,,,,
Mount St. Helens im Jahr 1980,,,,,,
Cafés,,,,,,
Kanlaon-Vulkan,,,,,,
Ulaanbaatar,,,,,,
Umfrage,,,,,,
Westwinde,,,,,,
Katastrophenschutzbeamte,,,,,,
Ernteausfälle,,,,,,
Hue,,,,,,
Nordkoreas,,,,,,
A6,,,,,,
Bezirk Innsbruck-Land,,,,,,
Chester-le-Street,,,,,,
Bauernhof,,,,,,
Oberfranken,,,,,,
nahegelegener,,,,,,
Klimaschutz,,,,,,
Koi-Fischen,,,,,,
Morgen,,,,,,
Kühle,,,,,,
Leitfaden von,,,,,,
South Australia,,,,,,
Westland,,,,,,
Wawanesa,,,,,,
Vulkans Mayon,,,,,,
Dax,,,,,,
Brighton,,,,,,
Pinneberg,,,,,,
Miami Valley,,,,,,
Ogasawara-Inseln,,,,,,
Liebenau-Gugu,,,,,,
Provinz Sarangani,,,,,,
Rastatt,,,,,,
Hurrikanschäden,,,,,,
Konzert,,,,,,
Airport Catania,,,,,,
Colorado Avalanche Information Center,,,,,,
Mikroben,,,,,,
Bauernverband,,,,,,
Hall in Tirol,,,,,,
Love Island,,,,,,
Sommerfeeling,,,,,,
Tag der Erde,,,,,,
Garonne,,,,,,
Trümmerberg,,,,,,
Texas River,,,,,,
Ostfriesischen Inseln,,,,,,
New Orleans Land Bridge,,,,,,
Unternehmen-Liveblog,,,,,,
Südfrankreichs,,,,,,
Nachspiel,,,,,,
Glühende Lava,,,,,,
Baumaterialien,,,,,,
Zentralphilippinen,,,,,,
Spokane County,,,,,,
Tongariro,,,,,,
Bursa,,,,,,
Nicaraguas,,,,,,
Schulgesetz,,,,,,
Stampflehm,,,,,,
Stadtvierteln,,,,,,
Grund,,,,,,
Gascoyne,,,,,,
Kaukasus,,,,,,
San José del Palmar,,,,,,
Uttarkashi,,,,,,
Helgoland,,,,,,
Mazar-e-Sharif,,,,,,
Flughafen Frankfurt,,,,,,
Neuschnees,,,,,,
Chocó,,,,,,
Kreis Neu-Ulm,,,,,,
Bow Valley,,,,,,
Mittelamerikas,,,,,,
Arlberg,,,,,,
Anini,,,,,,
Föhr,,,,,,
Terrarien,,,,,,
Schlafsäcken,,,,,,
Mount Shasta,,,,,,
Canterbury,,,,,,
Bhiwandi,,,,,,
Hitzewarnungen,,,,,,
Koji,,,,,,
Visakhapatnam,,,,,,
Land Brandenburg,,,,,,
Bukit-Merah-Staudamm,,,,,,
Südbayern,,,,,,
Samstagfrüh,,,,,,
Wetterexperten,,,,,,
Tiefsttemperaturen,,,,,,
Sommertemperaturen,,,,,,
Taoiseach,,,,,,
Provinz Aurora,,,,,,
Reisfelder,,,,,,
MOSKAU,,,,,,
Maulwurfslöcher,,,,,,
Gasteinertal,,,,,,
T20,,,,,,
Tropensturm Cristina,,,,,,
Cairngorms-Nationalpark,,,,,,
Choco,,,,,,
Glatteis am Morgen,,,,,,
Noto,,,,,,
Schneematsch,,,,,,
Landkreises,,,,,,
Izmir,,,,,,
Stauseen,,,,,,
Disneyland,,,,,,
Krankenhaus,,,,,,
Regierungsbezirken Stuttgart,,,,,,
Nordsachsen,,,,,,
Cascade Mountains,,,,,,
Halligen,,,,,,
Kontinent Rekorde,,,,,,
KHON2,,,,,,
Glatteis-Unfall,,,,,,
Großraum Noida,,,,,,
Longleat,,,,,,
US-Filialen,,,,,,
West-Uttar Pradesh,,,,,,
Aurora Borealis,,,,,,
Buenos Aires,,,,,,
Gefrierender Regen,,,,,,
Bremer,,,,,,
Great Southern,,,,,,
Pflanzenpilz,,,,,,
Mittwochfrüh,,,,,,
Pavagadh-Hügelroute,,,,,,
Straßensperre,,,,,,
Israelis,,,,,,
Lethbridge,,,,,,
Kühlschränken,,,,,,
Taschenwälder,,,,,,
Mara-Flussbeckens,,,,,,
Kauai County,,,,,,
Schwarzen Sommers,,,,,,
Gesundheitswarnungen,,,,,,
Entgleisungen,,,,,,
Wicklow Mountains,,,,,,
Paraguays,,,,,,
Universiti,,,,,,
Del,,,,,,
UFC-Event im Weißen Haus,,,,,,
Sonnenkollektoren,,,,,,
Ladenschließungen,,,,,,
Isashi,,,,,,
Rekordtiefstwerte,,,,,,
Streiks,,,,,,
Kypseli,,,,,,
Raleigh,,,,,,
Siruwari,,,,,,
Mondoberfläche,,,,,,
Nordsyrien,,,,,,
Kombination,,,,,,
Kaliforniern,,,,,,
Paycor Stadium,,,,,,
Expansionskurs,,,,,,
Parikino,,,,,,
NFL-Regeln,,,,,,
Walsrode,,,,,,
Nazisymbole,,,,,,
Morgengrauen,,,,,,
Großbränden,,,,,,
Ganga,,,,,,
Weltuntergangsszenarien,,,,,,
Kulekhani-Wasserkraftprojekts,,,,,,
Scheinwerfer,,,,,,
Mahabaleshwar,,,,,,
Lumajang,,,,,,
Entlassungen,,,,,,
Kennesaw,,,,,,
Wetteraktualisierungen,,,,,,
Fort Hill,,,,,,
Kurznachrichten am Morgen,,,,,,
Oberwart,,,,,,
Northern,,,,,,
Colgate Powerhouse,,,,,,
Grafschaften,,,,,,
Lohnt,,,,,,
Absender,,,,,,
China Earthquake Networks Center,,,,,,
Firozabad,,,,,,
Pro-Ject,,,,,,
Straße in Nassau,,,,,,
Okokomaiko,,,,,,
Golf von Carpentaria,,,,,,
Erzbistum Berlin,,,,,,
Santa Eulària,,,,,,
Hitzeperiode,,,,,,
Ojo,,,,,,
Mooseland Road,,,,,,
Erdbeben Venezuela,,,,,,
Erdbeben in Caracas,,,,,,
Hasses,,,,,,
Kreis Leer – Autobahn,,,,,,
Medikamentenstudien,,,,,,
Westjapan,,,,,,
Speisesalz,,,,,,
Pflegeheimen,,,,,,
Homeoffice,,,,,,
Ealing,,,,,,
Messi,,,,,,
Corydoras,,,,,,
Untermain,,,,,,
Satellitendaten,,,,,,
Uppsala,,,,,,
Kraftwerken,,,,,,
Abu Dhabi,,,,,,
Eiseskälte,,,,,,
Netzbetreiber,,,,,,
British Columbia Blitze,,,,,,
Columbia Memorial Hospital,,,,,,
Yellowstone Lake,,,,,,
Bezirk Myagdi,,,,,,
Fan-Engagement,,,,,,
Jersey City,,,,,,
Cairn,,,,,,
Dam Battlegrounds,,,,,,
Minustemperaturen,,,,,,
NISAR,,,,,,
Bezirk 10,,,,,,
Nahe,,,,,,
Trafohaus,,,,,,
King's Lynn,,,,,,
Warmes Wochenende – Sonntag,,,,,,
Universität Graz,,,,,,
Warmfront,,,,,,
Großstädten,,,,,,
Süd-Alberta,,,,,,
Wasserverbrauch,,,,,,
Hochwasser-Alarm,,,,,,
King County,,,,,,
Danapur,,,,,,
Jackery,,,,,,
Miami Tiny House,,,,,,
Binnenmeer,,,,,,
Steckdose,,,,,,
Speranza,,,,,,
Weltraumzeitalters,,,,,,
Starke Erdbeben,,,,,,
Fest,,,,,,
Meppen,,,,,,
Kartelle,,,,,,
Ugandas,,,,,,
Universums,,,,,,
Xaisomboun,,,,,,
Harold,,,,,,
The Pas,,,,,,
Winston,,,,,,
Yasa,,,,,,
Miniatur-Wunderland-Gründer,,,,,,
Lakeside-Park,,,,,,
Luftmassen,,,,,,
warm-feuchte,,,,,,
Land Kärnten,,,,,,
Odenwald,,,,,,
kaskadieren,,,,,,
Vorpommern-Greifswald,,,,,,
Erle,,,,,,
County Wexford,,,,,,
Schutzhütten,,,,,,
Berg Ibu,,,,,,
Westflorida,,,,,,
Bergland Schnee,,,,,,
Départements,,,,,,
Embark Studios,,,,,,
Ostfriesland,,,,,,
Tripura,,,,,,
Fugen,,,,,,
Unterrichtsausfall,,,,,,
rekordverdächtiger,,,,,,
Strecke bringe,,,,,,
Poconos,,,,,,
Eisenstadt,,,,,,
Ural,,,,,,
OT,,,,,,
Frankens,,,,,,
Sturm-Chaos,,,,,,
Niedrigwasserlage,,,,,,
Pleiße,,,,,,
Avalanche Canada,,,,,,
Agra,,,,,,
Neiße,,,,,,
Mount Washington,,,,,,
Garden Grove,,,,,,
Grazer,,,,,,
Meerwasser,,,,,,
Harbour View Road,,,,,,
Menschenleere Straßen,,,,,,
St. Cloud State,,,,,,
Mailand Cortina,,,,,,
Tsunami-Gefahren,,,,,,
"Manhattan
 

",,,,,,
Provinz Ontario,,,,,,
Schwan,,,,,,
Hitzewallungen,,,,,,
Oberrhein,,,,,,
Nordtirol,,,,,,
Südostaustraliens,,,,,,
Yuba County,,,,,,
Brasilia,,,,,,
Australischer Staat,,,,,,
Landes am Mittwoch,,,,,,
Schiwelutsch,,,,,,
Vagabond Haven,,,,,,
Green River,,,,,,
Frühlingsferien,,,,,,
Donner Pass,,,,,,
Bahnen,,,,,,
Borneo,,,,,,
Budgetkürzungen,,,,,,
Autobahn 3,,,,,,
Ferienortes La Plagne,,,,,,
Café Sophie,,,,,,
KI-Influencern,,,,,,
Flughafen Phoenix Sky Harbor,,,,,,
Erdbeben am Mittwochabend,,,,,,
Prince Edward Island,,,,,,
Taunusstein,,,,,,
McDougall Creek,,,,,,
Semriach,,,,,,
Lac des Mille Lacs,,,,,,
Wasserpark Typhoon Lagoon,,,,,,
Sion Pratiksha Nagar,,,,,,
NETMA,,,,,,
Nordostindiens,,,,,,
Sulz am Neckar,,,,,,
Schneemann,,,,,,
Jungferninseln,,,,,,
Stadt Dresden,,,,,,
Reading,,,,,,
Spielebranche,,,,,,
Land …,,,,,,
Mojave-Wüste,,,,,,
Mittelmeer-Länder,,,,,,
Palais Chotek,,,,,,
Blizzards,,,,,,
Qinghai,,,,,,
Geschäftsinhabern,,,,,,
Linse,,,,,,
Leibe,,,,,,
Druckbewässerungsnetzen,,,,,,
Ott,,,,,,
Metern Seehöhe,,,,,,
Flughäfen,,,,,,
Kreise,,,,,,
Nord-Mississippi,,,,,,
Mhada,,,,,,
Annullierungen,,,,,,
Bezirk Pune,,,,,,
Elektrofahrzeugbatterien,,,,,,
Bow Glacier,,,,,,
Delta Center,,,,,,
Peak District,,,,,,
Hochkar,,,,,,
Trabrennbahn Mariendorf,,,,,,
Riedlingen,,,,,,
Offenbach/Alzey,,,,,,
New Edinburgh,,,,,,
Sturmtief «Elli,,,,,,
Schmellwitz,,,,,,
Dettingen unter Teck,,,,,,
Wintersportfans,,,,,,
Mechernich,,,,,,
Jahrzehnt-Tief,,,,,,
Greenpoint,,,,,,
Koblacher,,,,,,
Royal Prince Alfred,,,,,,
Parmesankäse,,,,,,
Superzellen,,,,,,
​​und,,,,,,
Babys,,,,,,
Venetien,,,,,,
Landkreis Wittenberg,,,,,,
Amtrak,,,,,,
Capcom,,,,,,
Vulkaneifel,,,,,,
Aceh Tamiang,,,,,,
Bristol Bay,,,,,,
Sommersonnenwende,,,,,,
Müllhaufen,,,,,,
Erdbeben-Tsunami,,,,,,
Iraks,,,,,,
Fashion Week,,,,,,
Glasgow,,,,,,
Dienstag Sonnenschein,,,,,,
Srinagar-Jammu,,,,,,
Burnley,,,,,,
Tablets,,,,,,
S.,,,,,,
falschen Zeit,,,,,,
Kuji,,,,,,
Ballsaals des Weißen Hauses,,,,,,
Karwendelgebirge,,,,,,
Molineux,,,,,,
Status-Orange-Warnungen,,,,,,
Stadt Achim,,,,,,
Königstein,,,,,,
Unsicherheiten,,,,,,
Südwestengland,,,,,,
Freitagvormittag,,,,,,
Erdbeben der Stärke 4,,,,,,
Memorial-Wochenende,,,,,,
Hauptinsel,,,,,,
Verwaltungsgebäude,,,,,,
Baumwipfeln,,,,,,
Glatteis-Lage,,,,,,
Vilshofen,,,,,,
Nilgiris,,,,,,
Deggendorf,,,,,,
Pritzwalk,,,,,,
Rekordschneefall,,,,,,
Bezirk Kitzbühel,,,,,,
Tieflandgebieten,,,,,,
Prospect Park,,,,,,
Stromschlag,,,,,,
Barbados,,,,,,
Binaliw,,,,,,
Ermittlern,,,,,,
Talamanca,,,,,,
Coltanmine,,,,,,
Lake Toba,,,,,,
Grünen-Politikerin,,,,,,
New Vaddem,,,,,,
israelische Lobby,,,,,,
Thompson,,,,,,
Verkehrsteilnehmende,,,,,,
West-WA,,,,,,
Immobilienbörse,,,,,,
Eisschollen,,,,,,
sa,,,,,,
heiß,,,,,,
Brenner,,,,,,
Lavaras,,,,,,
Pithoragarh,,,,,,
Erzurum-Becken,,,,,,
NT,,,,,,
Skagit River,,,,,,
Nord-Oregon,,,,,,
Frankfurter Airport,,,,,,
Khambhitta,,,,,,
Regenalarm,,,,,,
Dallas County,,,,,,
Bezirk Poonch,,,,,,
Salt River Fields,,,,,,
Linzer,,,,,,
Botanischen Gartens,,,,,,
Dodgers,,,,,,
Achim,,,,,,
Kommode,,,,,,
Emissionshandel,,,,,,
Rems-Murr-Kreis,,,,,,
Berlin-Friedrichshagen,,,,,,
Tierhalter,,,,,,
Reutte,,,,,,
Müllentsorgungsanlagen,,,,,,
Stromkosten,,,,,,
Freeze,,,,,,
Tropensturm Douglas,,,,,,
Malilipot,,,,,,
Offenbach/Main,,,,,,
Erdbeben in der Ägäis,,,,,,
Smartphone-Markt,,,,,,
Autowäsche,,,,,,
Nachtstürme,,,,,,
Taifun-Signal Nr. 1,,,,,,
Maulwürfe,,,,,,
Zentrum Perus,,,,,,
Nord-Kentucky,,,,,,
Wühlmäuse,,,,,,
Lightning,,,,,,
Weintrauben,,,,,,
Stare,,,,,,
Winnenden,,,,,,
Lienz,,,,,,
Sloan-Kettering Cancer Center,,,,,,
Bauweise,,,,,,
Sout,,,,,,
Hurrikanrisiko,,,,,,
Eyre-Halbinsel,,,,,,
Wetter-Tracker,,,,,,
Kreis Leer,,,,,,
Borno,,,,,,
Harcourt,,,,,,
Franzosen,,,,,,
Rote Planet,,,,,,
Ashikaga,,,,,,
Ravenswood,,,,,,
Schneeräume,,,,,,
Stadt Frankfurt,,,,,,
Friesland,,,,,,
Erdbeben im Yellowstone-Nationalpark,,,,,,
Insel Montreal,,,,,,
Landes Häuser,,,,,,
Johannes-Kepler-Platz,,,,,,
Manheim,,,,,,
NRW Regen,,,,,,
Côte Saint-Luc,,,,,,
Sicaya,,,,,,
Wohnmobilen,,,,,,
Foxboro,,,,,,
Defizite,,,,,,
Distrikt Mon,,,,,,
Fillmore-Gebiet,,,,,,
Victorias Otways,,,,,,
Sicherheitsüberprüfungen,,,,,,
gesponserter,,,,,,
Kaseya Center,,,,,,
Narayanghat-Muglin Highway,,,,,,
Regalen,,,,,,
Marystown,,,,,,
Land hinwegfegt,,,,,,
Talaud-Inseln,,,,,,
Bewässerungskanäle,,,,,,
Überschwemmungsschäden,,,,,,
Lkw-Fahrer,,,,,,
Schlüsselpositionen,,,,,,
KI-Schulden-Tsunami,,,,,,
Savoie,,,,,,
Junín,,,,,,
Golfs,,,,,,
Tropischer Sturm,,,,,,
Staat Lagos,,,,,,
"Erdbeben der Stärke 7,6CNN",,,,,,
Präfektur Yamanashi,,,,,,
Beacon Hill,,,,,,
Thüringer Skigebiete,,,,,,
Tornadorot,,,,,,
Melbournes,,,,,,
Smog,,,,,,
St. Pölten,,,,,,
Erdbeben vor der Küste Japans,,,,,,
Berliner Olympiastadion,,,,,,
Notfallfonds,,,,,,
Lahaul-Spiti,,,,,,
Dürre-Sommer,,,,,,
Schneefallmenge,,,,,,
Nashvilles,,,,,,
Mbappé,,,,,,
Nebelwald Ecuadors,,,,,,
Livigno Snow Park,,,,,,
Nova Rock,,,,,,
Provinz Matanzas,,,,,,
Erdbeben betroffenen Krankenhäuser in Venezuela,,,,,,
Krankheitsausbrüchen,,,,,,
Palmen,,,,,,
Erdbeben vor Japan,,,,,,
Dombivli,,,,,,
El Niño-Wetter,,,,,,
Harz-Flüssen,,,,,,
botrytis,,,,,,
Halifax,,,,,,
Wostok-Station,,,,,,
Sui,,,,,,
Stadt Innsbruck,,,,,,
Tierpark,,,,,,
Fort Nelson,,,,,,
Uralter See,,,,,,
Rekordniederschlägen,,,,,,
Emser Hütte,,,,,,
Southport,,,,,,
Skagit,,,,,,
Online-Unterricht,,,,,,
East Tennessee,,,,,,
Whatcom,,,,,,
Kelce,,,,,,
New Yorker Park,,,,,,
Hitzeperioden,,,,,,
Lexington,,,,,,
Südwestmonsuns,,,,,,
Geldstrafen,,,,,,
Sturms von Sonntag,,,,,,
Siletz,,,,,,
Hai-Sichtungen,,,,,,
Wirbel,,,,,,
Wasatch County,,,,,,
Franktown,,,,,,
West-Hawaii,,,,,,
Tornado-Triebwerks-Test,,,,,,
Big Island Now,,,,,,
Tahoes,,,,,,
Kufstein,,,,,,
Schweigen,,,,,,
sintflutartiger Regen,,,,,,
Fluglärm,,,,,,
Arc Raiders Cold Snap-Update,,,,,,
Schweizern,,,,,,
Haute-Savoie,,,,,,
Geschlossene Schneedecke,,,,,,
Killarney,,,,,,
Gesamtzahl,,,,,,
Pariser Museum,,,,,,
Burlington,,,,,,
El Obeid,,,,,,
Luftaufnahmen,,,,,,
Wortes,,,,,,
Feuerholz,,,,,,
Val d’Isère,,,,,,
Haus am Snoqualmie River,,,,,,
Notfallwarnungen,,,,,,
Raumschiffs,,,,,,
Samstagnachmittag,,,,,,
Flughafen Stuttgart,,,,,,
Wärmeperiode,,,,,,
Phoenix Park,,,,,,
Feuerwerkskörper,,,,,,
Fallbrook,,,,,,
West Lafayette,,,,,,
NFL-Fans,,,,,,
Notfallpläne,,,,,,
Moldau,,,,,,
Hitze-Ausfallgeld,,,,,,
Mariazellerstraße,,,,,,
Nagdhunga–Muglin,,,,,,
Melauli,,,,,,
Hubballi,,,,,,
Windsor,,,,,,
Dürre-Experte,,,,,,
Costa Brava,,,,,,
Mexiko-England,,,,,,
Brasilien-Norwegen,,,,,,
Waldbrand-Evakuierungen,,,,,,
New Yorker Central Park,,,,,,
Khandwa,,,,,,
Rekordniederschläge,,,,,,
Aravalli Biodiversity Park,,,,,,
Erdbeben im Juni,,,,,,
Arachova,,,,,,
Wachwechsel,,,,,,
Nebeliger,,,,,,
lmv,,,,,,
Buckingham-Palast,,,,,,
Glatteis-Alarm,,,,,,
Uranus,,,,,,
Sonnenzyklen,,,,,,
Etowah,,,,,,
Flughafen Srinagar,,,,,,
Senyar,,,,,,
Mais,,,,,,
Stadt Halle,,,,,,
Belarus,,,,,,
Kalifornischen Kondor,,,,,,
Yr Wyddfa,,,,,,
Tornado-Land,,,,,,
Kodagu,,,,,,
F…,,,,,,
Hitzeschäden,,,,,,
Backöfen,,,,,,
Windsor-Essex,,,,,,
Notaufnahmen,,,,,,
Hurricane Point,,,,,,
Lumbini,,,,,,
S-Bahn-Verkehr,,,,,,
Mundakkai-Chooralmala,,,,,,
Agam,,,,,,
Flin Flon,,,,,,
Unwetterfront,,,,,,
Kaçkar-Gebirge,,,,,,
Judäischen Wüste,,,,,,
Toten Meeres,,,,,,
Rideau Canal Skateway,,,,,,
Schneesaison,,,,,,
kanadischen Grenze,,,,,,
Welcome Bay Road,,,,,,
Lahore,,,,,,
Wichita,,,,,,
Louth,,,,,,
Stadt Erfurt,,,,,,
Hochwasserrisiko,,,,,,
Felsenwüste,,,,,,
Aralsee,,,,,,
Klimaregeln,,,,,,
El SalvadorCNN,,,,,,
Sewastopol,,,,,,
St. Patrick's Athletic,,,,,,
Perpignan,,,,,,
US-Pazifiks,,,,,,
Saurashtra,,,,,,
U-Bahn,,,,,,
Heilbronn,,,,,,
Mammoth,,,,,,
Provinz Zhejiang,,,,,,
Schisantherin A,,,,,,
Hotels,,,,,,
Stanley-Cup-Favorit,,,,,,
Wildfire Smoke,,,,,,
Live-U.S.,,,,,,
Strukturen,,,,,,
Erdbeben in Venezuela“,,,,,,
Smartwatches,,,,,,
Dorfes,,,,,,
Northern Iowa,,,,,,
Schladming,,,,,,
Newsweek,,,,,,
Erdbeben intensiviertOSV News Zahl,,,,,,
Luxushäusern,,,,,,
Owala,,,,,,
Stadtbeamte,,,,,,
Peoria,,,,,,
Verkehrskollaps,,,,,,
Hakone,,,,,,
Dessau-Roßlau,,,,,,
Orkney-Inseln,,,,,,
East London,,,,,,
Semaglutid,,,,,,
Sporthallen,,,,,,
Maple Ridge,,,,,,
Tabasco,,,,,,
Gazastreifens,,,,,,
Ramadan,,,,,,
Rivers,,,,,,
Brandenburgs Winterdienst,,,,,,
Oval Office,,,,,,
Tsunami-Katastrophe,,,,,,
Erdbeben vor der Küste von Chiapas,,,,,,
Hitzevorsorge,,,,,,
Marzahn-Hellersdorf,,,,,,
Mobile,,,,,,
Wasserhahn,,,,,,
Hyatt,,,,,,
Linken Wienzeile,,,,,,
Arcantina,,,,,,
Oberflächenwasser,,,,,,
Rhätischen Bahn,,,,,,
Purcell,,,,,,
Washington Überschwemmungen,,,,,,
Großer Schneesturm,,,,,,
Surat,,,,,,
Gutschein,,,,,,
Skagit County,,,,,,
Wetteränderungen,,,,,,
Unterwasservulkan,,,,,,
Ukraine beka…,,,,,,
Joffre Lakes Park,,,,,,
Namo Bharat,,,,,,
Beit Shikma,,,,,,
Murray River,,,,,,
Jamshedpur,,,,,,
Co.,,,,,,
Underground,,,,,,
Juni-Hitzerekord,,,,,,
Marseille,,,,,,
Zentral-Pennsylvania,,,,,,
Finanzhauptstadt,,,,,,
Nova Scotias,,,,,,
West-Manitoba,,,,,,
Pati,,,,,,
Einfahrten,,,,,,
Sungai Perak,,,,,,
Bedar,,,,,,
Lastwagen,,,,,,
Lost Lake,,,,,,
El Ni,,,,,,
Canoe Bay Village,,,,,,
Billionen,,,,,,
US-Sturm,,,,,,
Minutentakt,,,,,,
Klimaschutzregeln,,,,,,
PSEG Long Island,,,,,,
Fender,,,,,,
Predazzo,,,,,,
schwül-heiß,,,,,,
Schneeglätte,,,,,,
Notbremse,,,,,,
Iraner,,,,,,
Schnee-Spaß,,,,,,
Geräusche,,,,,,
Jepara,,,,,,
N.Y.,,,,,,
Baumschäden,,,,,,
El Niño-Wetterphänomen,,,,,,
Luxemburg,,,,,,
BNPB,,,,,,
Schneepflügen,,,,,,
Splügenpasses,,,,,,
Wahlkampf,,,,,,
Pefka,,,,,,
Cristina,,,,,,
Norditaliens,,,,,,
Morddrohungen,,,,,,
Hall,,,,,,
Maintal,,,,,,
Mill Valley,,,,,,
Wolfgangsee,,,,,,
Höchsttemperaturen,,,,,,
Marshorizont,,,,,,
Strategien,,,,,,
Wiederaufbaubemühungen,,,,,,
Kiew dämmert,,,,,,
Erdbeben in Kobe im Jahr 1995,,,,,,
Commonwealth,,,,,,
Masern,,,,,,
Coschen,,,,,,
Riau,,,,,,
Niederschläge,,,,,,
Utica,,,,,,
Kojotenfelle,,,,,,
Manöver,,,,,,
Wildfire,,,,,,
Rekord-Hitzewelle,,,,,,
Ramgarh,,,,,,
Ortszeit,,,,,,
Mountain Village,,,,,,
Seram,,,,,,
Landkreis Teltow-Fläming,,,,,,
Cluj,,,,,,
’s,,,,,,
Erdbeben im Iran,,,,,,
Hochgebirge Asiens,,,,,,
Macclesfield,,,,,,
Ätna rumort,,,,,,
Überlebenden,,,,,,
Blizzard,,,,,,
Vesuvs,,,,,,
Südfinnland,,,,,,
B110,,,,,,
Kaunertaler Gletscherstraße,,,,,,
State Highway 2,,,,,,
Galaxis,,,,,,
Rekordschneefälle,,,,,,
Erie County,,,,,,
Hitze-Check Mittelmaß,,,,,,
Versicherungsschäden,,,,,,
Landes Regen,,,,,,
OÖ,,,,,,
türkisblaues Meer,,,,,,
Mount Hermon,,,,,,
Huanggang,,,,,,
Online-Angebot,,,,,,
Nexon,,,,,,
Provinz Hubei,,,,,,
Backlink-Strategie,,,,,,
Poonch,,,,,,
Outreach,,,,,,
Flughafen Kittilä,,,,,,
Tropensturm Mekkhala,,,,,,
Nordfinnland,,,,,,
St. Johann,,,,,,
Wassereinzugsgebieten,,,,,,
Soest,,,,,,
Fadnavis,,,,,,
Schiphol,,,,,,
Keramik,,,,,,
Tecate Peak,,,,,,
Jangmi,,,,,,
Plöckenpass-Straße,,,,,,
Trams,,,,,,
Făgăraș-Gebirge,,,,,,
Fytia,,,,,,
Middels,,,,,,
Klippe,,,,,,
Tintwistle Moor,,,,,,
Wrightwood,,,,,,
Bezirk Scheibbs,,,,,,
San Bernardino County,,,,,,
Balendra Shah,,,,,,
Landesforstanstalt,,,,,,
Rangliste,,,,,,
Aroma,,,,,,
Soma Chroma von Razer,,,,,,
Extremsturm,,,,,,
Oldenburg,,,,,,
Bundesstaat Waldbrände,,,,,,
Mulshi,,,,,,
Crossfire Hurricane,,,,,,
Naya Bazar,,,,,,
Spannungen,,,,,,
Waldbezirks Bédar,,,,,,
Münchner Sicherheitskonferenz,,,,,,
Unrivaled,,,,,,
Hambacher Forst,,,,,,
Utah County,,,,,,
Krasnodar,,,,,,
Los Gallardos,,,,,,
Schneider,,,,,,
KI-Boom,,,,,,
Feuerinferno,,,,,,
Hitze-Uhr,,,,,,
Schneebedeckte Berge,,,,,,
Crawford County,,,,,,
Hitzewellenkriterien,,,,,,
Saarbrücken-Burbach,,,,,,
Dokumentationen,,,,,,
Reynolds County,,,,,,
Provinz Koshi,,,,,,
Pokhara,,,,,,
Jomsom,,,,,,
Geologen,,,,,,
Santa Clara,,,,,,
Theni,,,,,,
Münster,,,,,,
Japans Alpen,,,,,,
Sperrzone,,,,,,
Whakatāne,,,,,,
trüb,,,,,,
La Bañeza,,,,,,
Brandstiftungsfall,,,,,,
Rugby-Länderspiel,,,,,,
Dessau,,,,,,
Reisewarnungen,,,,,,
Lombardei,,,,,,
Gesellschaft und Staat,,,,,,
Verkehrseinschränkungen,,,,,,
Nethravati,,,,,,
Erdbeben in dem südamerikanischen Land,,,,,,
FIFA-Chef,,,,,,
Thermaltake View 170 TG ARGB,,,,,,
Massencrash,,,,,,
Hitzewochenende,,,,,,
Napanee,,,,,,
Picton,,,,,,
Hessisch Lichtenau,,,,,,
Helfer,,,,,,
Clare,,,,,,
Wasserkriege,,,,,,
Umzügen,,,,,,
Event-Pausen,,,,,,
designboom,,,,,,
Provinz Nord-Kivu,,,,,,
Palmendach,,,,,,
Bezirk Bruck an der Leitha,,,,,,
S-Bahn-Ausfälle,,,,,,
Ameisensäure,,,,,,
Stadt San Diego,,,,,,
Wetterlage,,,,,,
Melafix,,,,,,
Airport Hamburg,,,,,,
US-Fluggesellschaften,,,,,,
WM-Duell,,,,,,
Crews,,,,,,
Nordtaiwan,,,,,,
Lake Tahoe-Gebiet,,,,,,
hereinbricht,,,,,,
Yibin,,,,,,
Ermittlungsstand,,,,,,
Kinross,,,,,,
Anpfiff,,,,,,
Neuzulassungen,,,,,,
Morgantown,,,,,,
Haus bei Hitze,,,,,,
Grenoble,,,,,,
Lagos wahlloses,,,,,,
Volleinsatz,,,,,,
Fort Smith,,,,,,
Ambulanzen,,,,,,
Eisbergen,,,,,,
Gefährlicher Schneesturm,,,,,,
Nevadas,,,,,,
Kaikōura,,,,,,
Unterwasser-Internetkabel,,,,,,
Whiteout-Chaos,,,,,,
Darlington,,,,,,
Dakotas,,,,,,
Reiseleiterunternehmens,,,,,,
Profitgründen,,,,,,
Liechtenstein,,,,,,
Magic Kingdom,,,,,,
Rundle Rock,,,,,,
Gangotri National Highway,,,,,,
Tanne,,,,,,
Oberhof,,,,,,
Skibetrieb,,,,,,
Fredericton,,,,,,
Amhara,,,,,,
Lausanne,,,,,,
Bezirk Kirchdorf,,,,,,
Neujahrssturm,,,,,,
Wohngebiete,,,,,,
Badeseen,,,,,,
Erdbeben in Kuba,,,,,,
Provinz Aceh,,,,,,
Vizepräsident J.D.,,,,,,
Clark,,,,,,
Offenbach/Mainz,,,,,,
Bergen Nordkaliforniens,,,,,,
hochsommerlich,,,,,,
Schafzuchtverband,,,,,,
Wairarapa,,,,,,
CDU-Chef,,,,,,
Mosambiks,,,,,,
Saar,,,,,,
Kohlefaser,,,,,,
Verviers,,,,,,
Ruapehu,,,,,,
Bittersalz,,,,,,
Rohingya-Flüchtlingslagern,,,,,,
ausbreitender,,,,,,
Rhesi,,,,,,
Archäologen,,,,,,
Krypto-Marken,,,,,,
Koblach,,,,,,
Stahlbetonkonstruktionen,,,,,,
Popocatépetl,,,,,,
Freddy,,,,,,
Unruhen,,,,,,
Eastern Plains,,,,,,
"Erdbeben der Stärke 9,0",,,,,,
Kampfpiloten,,,,,,
Wurzeralm,,,,,,
Sierras,,,,,,
Biberach,,,,,,
Landes am Sonntag,,,,,,
Richmond,,,,,,
J1007+3540,,,,,,
Regierung von Assam,,,,,,
Lahaul-Tal,,,,,,
Selfies,,,,,,
Saline County,,,,,,
Eiskeller,,,,,,
Proxima Centauri b,,,,,,
Teefarm,,,,,,
Jugendzeltlager,,,,,,
Malwa,,,,,,
Allzeitrekord,,,,,,
Golfs von Mexiko,,,,,,
HVAC-Service,,,,,,
Lansing,,,,,,
Bamberg,,,,,,
Disney,,,,,,
Sudurpaschim,,,,,,
Dampier-Halbinsel,,,,,,
Parklands,,,,,,
Gemeinde Seevetal,,,,,,
hinweggezogen,,,,,,
Lawinenniedergängen,,,,,,
Westinsel,,,,,,
Tinkune,,,,,,
Nestern,,,,,,
Sturms am Presidents,,,,,,
Deschamps,,,,,,
Meereises,,,,,,
Whiteshell Provincial Park,,,,,,
Prometheus-Metriken,,,,,,
Disney World Park,,,,,,
Typhoon Lagoon,,,,,,
East York,,,,,,
Starkes Erdbeben vor Nordwestkuba,,,,,,
Bezirk West Bandung,,,,,,
Rettungsstelle,,,,,,
Meiofauna,,,,,,
Pazifischen Ozeans,,,,,,
Wettermodelle,,,,,,
Bur Ni Telong,,,,,,
Aktivität,,,,,,
Hitzeglocke,,,,,,
Kreis Gaoxian,,,,,,
West-Oklahoma,,,,,,
Kälteeinbruch-Event,,,,,,
Frog Lake,,,,,,
Prärie,,,,,,
Guyana,,,,,,
Estlands,,,,,,
OAKLAND,,,,,,
Disneys Typhoon Lagoon Water Park,,,,,,
Mohawk Valley,,,,,,
Sonnenkopf,,,,,,
Kashedi Ghat,,,,,,
Katastrophenanleihen,,,,,,
Erdrutschsieg,,,,,,
Ermittler,,,,,,
Bad Ischl,,,,,,
PriorityEvac,,,,,,
Perthshire,,,,,,
Raub,,,,,,
Neujahr,,,,,,
Blizzard Beach,,,,,,
Nord-Alabama,,,,,,
regennasser Straße,,,,,,
Großen Ungarischen Tiefebene,,,,,,
"M7,2",,,,,,
Unbehagen,,,,,,
Bruchsal,,,,,,
Walpeup,,,,,,
Putins,,,,,,
Dujiangyan,,,,,,
Netanjahu,,,,,,
Lightroom,,,,,,
Spider-Man,,,,,,
Nidderau,,,,,,
Tofino,,,,,,
Banke,,,,,,
Vijayawada,,,,,,
Wettertechnisch,,,,,,
Hill Country,,,,,,
Freibad,,,,,,
Danzig,,,,,,
Flussmündungen,,,,,,
Erdbeben erschüttern die Bay Area,,,,,,
Cataclysm,,,,,,
Berlin-Moabit,,,,,,
Zentraltürkiye,,,,,,
Insel Sizilien,,,,,,
Live-Karten,,,,,,
Wand,,,,,,
Marriott Center,,,,,,
Sarojini Nagar,,,,,,
Nordindischen Ozean,,,,,,
Gewitteralarm,,,,,,
Provinz Almería,,,,,,
Bananenblättern,,,,,,
Mawsynram,,,,,,
Lawinenwarndienst Oberösterreich,,,,,,
Krüger-Nationalparks,,,,,,
Osnabrücker Kirche,,,,,,
Exmouth,,,,,,
Patalganga,,,,,,
Marines,,,,,,
Mission Valley,,,,,,
Geoscience Australia,,,,,,
Lebensader,,,,,,
Wasserbehörden,,,,,,
Zederhaus,,,,,,
Zeugen,,,,,,
Smithers,,,,,,
Erdbeben in ihrer Heimat,,,,,,
Harbin,,,,,,
Málaga,,,,,,
Bucht,,,,,,
Schmelzwasser,,,,,,
Brockenbahn,,,,,,
KL,,,,,,
Kasara Ghat,,,,,,
Antidepressiva,,,,,,
Nordostsee,,,,,,
West-,,,,,,
Deutschland-Blog,,,,,,
Kobras,,,,,,
Hopetoun,,,,,,
Tumbler Ridge,,,,,,
Pallekele,,,,,,
Stablecoin-Transfer,,,,,,
Allgäuer Bergen,,,,,,
Dieselloks,,,,,,
Lagos-Calabar,,,,,,
Küstenstraße,,,,,,
Caltrans,,,,,,
Sputnik 2,,,,,,
Schabbat,,,,,,
Coesfeld,,,,,,
Zentrum von Victoria,,,,,,
Hochwa…,,,,,,
Erdbeben in Taiwan,,,,,,
Erdbeben betroffene Land,,,,,,
Cauvery,,,,,,
Temperaturen Rekorde,,,,,,
Land Rover Range Rover HSE,,,,,,
Inder,,,,,,
Tahoe Avalanche,,,,,,
Ranches,,,,,,
Ionischen Meer,,,,,,
Flughafen Rovaniemi,,,,,,
Times Square,,,,,,
Renmark,,,,,,
Grand Falls,,,,,,
Santa Clarita,,,,,,
Rairangpur,,,,,,
Bow River,,,,,,
Fairfax,,,,,,
Hohen Tauern,,,,,,
Ravens,,,,,,
Alonissos,,,,,,
Sonnencreme,,,,,,
Glossop,,,,,,
Lorenzo,,,,,,
Interstate-95-Korridors,,,,,,
Dreikönigstag,,,,,,
Kleinkindern,,,,,,
Tuchel,,,,,,
Kellern,,,,,,
Johnson Peak,,,,,,
Stein,,,,,,
orange,,,,,,
Kigali,,,,,,
Pebble Beach,,,,,,
Wölzer Tauern,,,,,,
Hunterville,,,,,,
Schneeflöckchen,,,,,,
Weißröckchen,,,,,,
Brandenburgs Parks,,,,,,
Ritak,,,,,,
Rota/in,,,,,,
Cowichan Valley,,,,,,
T-Shirts,,,,,,
Wasserschweine,,,,,,
Pamplona,,,,,,
Nordic Valley,,,,,,
General Santos City,,,,,,
Honolulu Star-Advertiserstaradvertiser.com,,,,,,
Cockpit-Stimmenrekorders,,,,,,
Geschäften,,,,,,
Verwerfungslinien,,,,,,
Oberlandesgerichts Wien,,,,,,
Eagle Rock,,,,,,
Pavlos,,,,,,
Steamer Lane,,,,,,
Niederschlagspartikeln,,,,,,
Shropshire,,,,,,
Gewissensgründen,,,,,,
Ooty,,,,,,
Fernen Osten Russlands,,,,,,
Shimane,,,,,,
Hard Rock Stadium,,,,,,
Chyangthapu,,,,,,
Mamers,,,,,,
Khaled,,,,,,
Tottori,,,,,,
Wintern,,,,,,
Ettlingen,,,,,,
South Western Railway,,,,,,
Koshi Highway,,,,,,
Furx,,,,,,
Cooling-Areas,,,,,,
Bundesstaat Ogun,,,,,,
Weiße Weihnachten,,,,,,
NorCal,,,,,,
KANSAS CITY,,,,,,
Uniklinik,,,,,,
Karibikküste,,,,,,
Sonntagfrüh,,,,,,
Gabriola,,,,,,
Chandra,,,,,,
WM-Viertelfinale,,,,,,
Franconia Inn,,,,,,
Erdbebengebiet,,,,,,
Tropensturm Higos,,,,,,
Sant Antoni,,,,,,
Bancroft,,,,,,
Antholz,,,,,,
Davao Occidental,,,,,,
Energiebedarf,,,,,,
Bangor International Airport,,,,,,
Miami Heat,,,,,,
Weihnachtssturm,,,,,,
Glacier-Nationalparks,,,,,,
Bilderbuch-Sommertage,,,,,,
Hitzetagen,,,,,,
Magboro,,,,,,
Badeunfällen,,,,,,
Zwergberg,,,,,,
Erdbeben auf der Noto-Halbinsel,,,,,,
Nato-Gipfel,,,,,,
Wärmesturm,,,,,,
Washingtoner,,,,,,
Salmon River,,,,,,
England-Mexiko-Spiel am Sonntagabend,,,,,,
Kilmarnock,,,,,,
Celle,,,,,,
Downs,,,,,,
Mumbai-Pune,,,,,,
Pannen,,,,,,
Geldern,,,,,,
Kurswechsel,,,,,,
Great Falls,,,,,,
Straße Muglin-Narayangadh,,,,,,
Pacitan,,,,,,
Elmshorn,,,,,,
noe,,,,,,
Umweltminister,,,,,,
Bezirk Lilienfeld,,,,,,
Erdbeben entlang der …,,,,,,
Zentrum des Sturms,,,,,,
Arktischen Ozean,,,,,,
Sonntagszeitungen,,,,,,
Malinauskas,,,,,,
Radfahrer,,,,,,
Moorefield,,,,,,
Treadwell Research Park,,,,,,
Computermodelle,,,,,,
Flughafen Indira Gandhi,,,,,,
MHWs,,,,,,
Tornado-Gefahr,,,,,,
Eisschilde,,,,,,
Zentralisrael,,,,,,
Zwillingsbeben,,,,,,
Co-Gastgeber,,,,,,
Fraktionschef,,,,,,
Hawkesbury,,,,,,
West-Quebec,,,,,,
Huronsee,,,,,,
Leitungen,,,,,,
Flughafen Adelaide,,,,,,
Salzach,,,,,,
Provinz Albay,,,,,,
Cap1,,,,,,
Vorhersagemodelle,,,,,,
Lakers,,,,,,
Radtour,,,,,,
Bürserberg,,,,,,
Provinz am Mittwoch,,,,,,
Tralee,,,,,,
Blizzard-Veteranen,,,,,,
Steelers-Gläubigen,,,,,,
Salzsee,,,,,,
Clatsop County,,,,,,
Warschauer Straße,,,,,,
Philly,,,,,,
Vesuv-Ausbruchs,,,,,,
Flughafen Guadalajara,,,,,,
Northern Rockies,,,,,,
Landkreis Peine,,,,,,
Washington Post,,,,,,
Stadions,,,,,,
Egg,,,,,,
Hitzewelle am Wochenende,,,,,,
Fünfzigern,,,,,,
Risse,,,,,,
Rock am Ring,,,,,,
Klima-Gesundheitsprognosen,,,,,,
Gewitter-Chaos,,,,,,
Klimarisikos,,,,,,
Rädern,,,,,,
Quarantäne,,,,,,
Farne,,,,,,
Albay,,,,,,
willkommen,,,,,,
Neustadt/Dosse,,,,,,
südamerikanischen Landes,,,,,,
Chainage,,,,,,
Landkreis Ostprignitz-Ruppin,,,,,,
Pernem,,,,,,
Sonntagmittag,,,,,,
Kleinkinder,,,,,,
Temecula,,,,,,
Pulwama,,,,,,
Necas,,,,,,
S3,,,,,,
Flughafen“,,,,,,
Sturzfluten in Indonesien,,,,,,
Thoothukudi-Gewitter,,,,,,
Schulausfällen,,,,,,
Interstate 79,,,,,,
Schleswig-Holsteins,,,,,,
Völkermarkt,,,,,,
Les Angles,,,,,,
KI-Sturm,,,,,,
Erdbeben der Stärke 7,,,,,,
Südwest-Washington,,,,,,
Handhelds,,,,,,
Bezirksverwaltungsamt Kanchanpur,,,,,,
Franz-Senn-Hütte,,,,,,
Medellín,,,,,,
Decatur,,,,,,
Deep Creek,,,,,,
Kanadas Waldbrände,,,,,,
Gemalter Mond,,,,,,
Schardscha,,,,,,
West,,,,,,
Neuss,,,,,,
Iapetus,,,,,,
Verstößen,,,,,,
Ganges,,,,,,
Sulawesi-See,,,,,,
Bhagalpur,,,,,,
Stadtfest,,,,,,
B311,,,,,,
PicPay,,,,,,
Ostösterreich,,,,,,
Ghaziabad Wetter,,,,,,
Apulien,,,,,,
Mussoorie,,,,,,
Amsterdamer Flughafen Schiphol,,,,,,
Wasserausfällen,,,,,,
Bernalillo County,,,,,,
H264-Dooky,,,,,,
"Erdbeben der Stärke 7,8 auf der Insel Mindanao",,,,,,
Forest Hills,,,,,,
Amanda,,,,,,
Plattengrenzen,,,,,,
Neu…,,,,,,
Erdbeben der Welt,,,,,,
Bereichs,,,,,,
J&K.,,,,,,
Amsterdamer,,,,,,
Unionsterritoriums,,,,,,
Winternebel,,,,,,
Ankumbura,,,,,,
Dachlawinen,,,,,,
Ostsibirien,,,,,,
Bundesstraße 75,,,,,,
Erdinneren,,,,,,
Mormugao,,,,,,
Angehörigen,,,,,,
Nauders,,,,,,
KI-Agenten,,,,,,
Wetterchaos,,,,,,
Großarl,,,,,,
Motten,,,,,,
Northland,,,,,,
Nordwestküste,,,,,,
Hitze-Einsätze,,,,,,
Lake Charles,,,,,,
Augusta,,,,,,
Aude,,,,,,
Baden im Rhein,,,,,,
Bern,,,,,,
Rote Kobolde,,,,,,
Erdbeben aus den USA,,,,,,
Baden-Baden,,,,,,
Nord-Aceh,,,,,,
Hebei,,,,,,
Hochwassers,,,,,,
Erdbeben am Mittwoch,,,,,,
Hoppegarten,,,,,,
Unwetterwarnungen,,,,,,
mMECs,,,,,,
Fortnite,,,,,,
Hurrikans Helene,,,,,,
Pitas,,,,,,
Amethi,,,,,,
Onitsha,,,,,,
Erdbebenwellen,,,,,,
ONICCIMA,,,,,,
Wasaga Beach,,,,,,
Golanhöhen,,,,,,
East Khasi Hills,,,,,,
COLUMBUS,,,,,,
Kreuzberg,,,,,,
Subang,,,,,,
Wuthering Heights,,,,,,
Davos-Sturm,,,,,,
Haustier,,,,,,
Aquariensalz,,,,,,
Mumbai-Wetter,,,,,,
Nächten,,,,,,
Dublin Mountains,,,,,,
Golden,,,,,,
Hili-Dialog,,,,,,
Lalgudi,,,,,,
Volles Haus,,,,,,
NERUS,,,,,,
Ludhiana,,,,,,
King Tide,,,,,,
Alexandria,,,,,,
Emilia-Romagna,,,,,,
Goldsuchern,,,,,,
Chakan,,,,,,
Bundes-Sondervermögen,,,,,,
Tripureshwor,,,,,,
North Kildonan,,,,,,
Oxford,,,,,,
Freistaat Winterwetter,,,,,,
Winnipegger,,,,,,
Reeve,,,,,,
Westautobahn,,,,,,
Tiefe,,,,,,
Sligo,,,,,,
Sperrungen,,,,,,
Polizeigewahrsam,,,,,,
Schwimmbäder,,,,,,
Zentrum von,,,,,,
Wiener Flughafen,,,,,,
UKB,,,,,,
Tahoe National Forest,,,,,,
Ausflüglern,,,,,,
Marbella,,,,,,
Wu,,,,,,
Tropischer Sturm Boris Grafiken,,,,,,
Alhambra,,,,,,
Tug Hill,,,,,,
uns,,,,,,
Port aux Basques,,,,,,
Bremerhaven,,,,,,
Mafoluku,,,,,,
San Bernardino,,,,,,
Kühle Orte,,,,,,
schief,,,,,,
Rettungsstellen,,,,,,
Klösterle,,,,,,
Nordengland,,,,,,
First Street,,,,,,
Bodenfeuchtigkeit,,,,,,
Aedes-Mücken,,,,,,
Güssing,,,,,,
Unwetter-Front,,,,,,
Rossmeer,,,,,,
alten Autobahn,,,,,,
FOX40.COM,,,,,,
Tornado-Warnung,,,,,,
California Highway Patrol,,,,,,
Universal's Volcano Bay,,,,,,
Kunststoffen,,,,,,
Michigansees,,,,,,
Morgentau,,,,,,
Atomkatastrophe von Fukushima,,,,,,
Velachery,,,,,,
Flughafen Caracas,,,,,,
​​der,,,,,,
Großraum New York,,,,,,
Wexford County Council,,,,,,
Reinigungschemikalien,,,,,,
Elektronik,,,,,,
Jennersdorf,,,,,,
Zirl,,,,,,
Berg Zao,,,,,,
Südwestens,,,,,,
Hitze-Modus,,,,,,
Cerafín Owaldo,,,,,,
Tiberias,,,,,,
Io,,,,,,
Butte,,,,,,
Kolab-Flusskanal,,,,,,
Schneeschippen,,,,,,
Ruffy,,,,,,
Kannur,,,,,,
Mesochoria,,,,,,
Edwards Air Force Base,,,,,,
Kananaskis Country,,,,,,
Hula-Gebiet,,,,,,
Zusammenstoß,,,,,,
Camp Pendleton,,,,,,
Busch,,,,,,
Kokosinseln,,,,,,
Landkreis Vrancea,,,,,,
Tote,,,,,,
Keelinginseln,,,,,,
Containern,,,,,,
Universal’s Volcano Bay,,,,,,
XXL-Gewitterzelle,,,,,,
Val,,,,,,
J&K,,,,,,
Wüste Saudi-Arabiens,,,,,,
Lötschental,,,,,,
python-tornado,,,,,,
Coles County Speedway,,,,,,
Evakuierungspläne,,,,,,
Bahn-Pendler,,,,,,
Hauptursache,,,,,,
Warnstufe Rot,,,,,,
A42,,,,,,
Caerphilly,,,,,,
Southside,,,,,,
Ohio State,,,,,,
Hektar Wald,,,,,,
Tiefschnee,,,,,,
Getreide,,,,,,
Naigtal,,,,,,
Neugier,,,,,,
Investitionsrückstand,,,,,,
Kernkraftwerk Fukushima,,,,,,
Nordostindien,,,,,,
Bell Centre,,,,,,
Klimaschwankungen,,,,,,
Augentest,,,,,,
Parsons,,,,,,
Friedhofsareale,,,,,,
Texaner,,,,,,
Dowleswaram,,,,,,
Whistler Peak,,,,,,
Adebayo,,,,,,
Buschfeuerpläne,,,,,,
Airport Wien,,,,,,
Ahr,,,,,,
Raptaioi,,,,,,
Massenkarambolagen,,,,,,
Panchana-Staudamm,,,,,,
Rekordtemperaturen,,,,,,
Holland Park,,,,,,
Flughafen Purandar,,,,,,
Trump-Administrator,,,,,,
Deschutes River,,,,,,
Skiwandern,,,,,,
Bewohnern,,,,,,
Thessalien,,,,,,
Snowboard-Pionier,,,,,,
Lawinenabgängen in Tirol,,,,,,
Hanglage,,,,,,
Mengen,,,,,,
Netze,,,,,,
Lifte,,,,,,
Rückerstattungen,,,,,,
Schneedecke schmilzt,,,,,,
Quality Learing Center,,,,,,
Bhuj-Erdbebens,,,,,,
Smritivan,,,,,,
Cobb County,,,,,,
20-Gallonen-Aquarium,,,,,,
Nike Heartland Regional Cross Country-Treffen,,,,,,
Insel Ishigaki,,,,,,
Rekordhoch,,,,,,
Regensturm,,,,,,
griechischen Inseln,,,,,,
Lehmboden,,,,,,
Patto,,,,,,
Taftan,,,,,,
Hochleistungsschindeln,,,,,,
Dixie National Forest,,,,,,
Löschwasser,,,,,,
Provincia de Santiago de Cuba,,,,,,
Wimpern,,,,,,
Palawan,,,,,,
Fort Lauderdale-Vororts Coral Springs,,,,,,
Muvattupuzha,,,,,,
Munich,,,,,,
Nutznießern,,,,,,
Po,,,,,,
Regierung von Neufundland und Labrador,,,,,,
Hitze-Perioden,,,,,,
Bharatpur,,,,,,
Estergebirge,,,,,,
Zentrum der tödlichen Lawine,,,,,,
Goiânia,,,,,,
Leinen-Viskose-Markt,,,,,,
Nazi-Schiffswracks,,,,,,
roten Teppich,,,,,,
Atlantic Beach,,,,,,
Magdeburger,,,,,,
Volksentscheid,,,,,,
Wien-Stammersdorf,,,,,,
Fort Lauderdale-Vorort Coral Springs,,,,,,
Berkshire,,,,,,
Steyr,,,,,,
Stammersdorf,,,,,,
Colorado Avalanche Top 25,,,,,,
Neueste,,,,,,
Acrisure Bounce House Stadium,,,,,,
Talladega,,,,,,
SAN JOSE,,,,,,
Kipnuk,,,,,,
Katastrophenschutzbehörde des Landes,,,,,,
Al-Aqsa-Moschee,,,,,,
Burn Blend,,,,,,
Clearwater River,,,,,,
Zyklon Vaianu,,,,,,
Barra,,,,,,
Guatemala Anwohner,,,,,,
Pandu-Flusses,,,,,,
Donezk,,,,,,
Lecks,,,,,,
Passage Of Oaths,,,,,,
Heimatschutzministeriums,,,,,,
Abitibi-Témiscamingue,,,,,,
Whistler Blackcomb,,,,,,
Shap,,,,,,
Hochschwarzwald,,,,,,
Aufstellungsänderungen,,,,,,
Paphos,,,,,,
Eichhörnchen,,,,,,
Sandy Creek,,,,,,
Verbesserungen,,,,,,
Grafschaft Cork,,,,,,
Cannes Market,,,,,,
Atomkraftwerk,,,,,,
US-Bergsteigerin,,,,,,
Nationalgarde,,,,,,
Mount Arapiles,,,,,,
Uttarakhands,,,,,,
Distrikt West Bandung,,,,,,
Ark-Shelter,,,,,,
Papi Steak,,,,,,
Naturschutzgebiet Shuangshimen,,,,,,
Deutsche,,,,,,
Live-Stream,,,,,,
Polarregionen,,,,,,
Zeitplan,,,,,,
Erdbeben erschüttern Zypern,,,,,,
Stadt Whitehorse,,,,,,
Herbstferien,,,,,,
Rätsel,,,,,,
Fußballfans,,,,,,
Arlington National Cemetery,,,,,,
Arabische Staaten,,,,,,
Oleander,,,,,,
Kohlendioxidgehalt,,,,,,
Keralas,,,,,,
Flutsaison Wohngebiete,,,,,,
Guide,,,,,,
Wechselburg,,,,,,
I-80,,,,,,
Land Rover Range Rover Sport Supercharged Dynamic,,,,,,
Bushehr,,,,,,
Highway 50,,,,,,
Reichweite,,,,,,
Hingoli,,,,,,
Sonnenwinds,,,,,,
Erdbeben auf der Noto-Halbinsel im Jahr 2024,,,,,,
Taskforce,,,,,,
GIS-basierte Querschnittsstudie,,,,,,
Hurrikane,,,,,,
Schleudertrauma-Wetter,,,,,,
Lee Canyon,,,,,,
Tallahassee,,,,,,
Saporischschja,,,,,,
Armero,,,,,,
ReptiSand,,,,,,
Langenlebarn,,,,,,
Analytica,,,,,,
Umass Amherst,,,,,,
Bournemouth,,,,,,
Baruth/Mark,,,,,,
Seebeben,,,,,,
Stürme Hawaii,,,,,,
Black Raven,,,,,,
Tornado-Chaos,,,,,,
Kita-Dach,,,,,,
Fahrradsicherheitstipps,,,,,,
Mount Nemrut,,,,,,
Wiens,,,,,,
Berg Nemrut,,,,,,
Liloan,,,,,,
Friedenstruppen im Kongo,,,,,,
Vorzeichen,,,,,,
Noblesville,,,,,,
Kilauea-Caldera,,,,,,
Schweriner See,,,,,,
Nordjapans,,,,,,
WFRV,,,,,,
Tornado-S-Systeme,,,,,,
Ferieninsel Bali,,,,,,
Supertaifun Fung-Wong,,,,,,
Ermäßigungen,,,,,,
Michigansee,,,,,,
Rekordtiefs,,,,,,
Smart-Meter-Sensoren,,,,,,
Südbrasilien,,,,,,
Unwetter-Datenbank,,,,,,
Makawanpur,,,,,,
Stunden am Tag,,,,,,
Etappe,,,,,,
Delta,,,,,,
Auswanderin,,,,,,
Seeschnee,,,,,,
Reportern,,,,,,
Yarbo,,,,,,
Fisher River,,,,,,
Rhein-Main-Feierabendbriefing,,,,,,
Butwal–Narayangadh,,,,,,
Schwarmkraftwerke,,,,,,
Montreux,,,,,,
North Shore-Gebiete,,,,,,
Buxar,,,,,,
Martinique,,,,,,
Mount Pelée,,,,,,
Forst,,,,,,
Leichter Regen,,,,,,
Puerto de la Cruz,,,,,,
Roshi-Flusses,,,,,,
St. Goar,,,,,,
A14,,,,,,
Malawi,,,,,,
Ostseeflut,,,,,,
Auswärtige Amt,,,,,,
Takeaways,,,,,,
Westerwald,,,,,,
Brandsaison,,,,,,
Battery Park City,,,,,,
Milwaukee-Wetter,,,,,,
Waschräume,,,,,,
Berkeley,,,,,,
Hilfslager,,,,,,
Harburg,,,,,,
Tiny Home,,,,,,
Retzer Land,,,,,,
Triestingtal,,,,,,
Babyboomer,,,,,,
Tösens,,,,,,
Bahir,,,,,,
Baseballplatz,,,,,,
Poway,,,,,,
Herbstgolf,,,,,,
Parnitha,,,,,,
Kithairona,,,,,,
Ost-Tennessee,,,,,,
I-57,,,,,,
Jasper Park Lodge,,,,,,
Melissia,,,,,,
Massenevakuierungen,,,,,,
Feuchtsalz,,,,,,
Tropensturm Fengshen,,,,,,
Central,,,,,,
Brittany Snow,,,,,,
Südsudans,,,,,,
Auffahrunfälle,,,,,,
Taftan-Vulkan,,,,,,
GTA,,,,,,
Ava Labs,,,,,,
UNHCR-Chef,,,,,,
F.A.Z.-Hauptwache,,,,,,
Konfliktregionen,,,,,,
Border Patrol,,,,,,
Gotham,,,,,,
Untersberg,,,,,,
Rio Rancho,,,,,,
Hawke's Bay,,,,,,
Sonntag Schnee,,,,,,
Armagh,,,,,,
Sinkendes Land,,,,,,
Erdsystems,,,,,,
Hals,,,,,,
Fürst-Pückler-Park,,,,,,
Rey,,,,,,
Boliviens,,,,,,
Panay,,,,,,
Bromo-Nationalpark,,,,,,
Enceladus,,,,,,
Cudlee Creek,,,,,,
Olympiastadion,,,,,,
Faridabad,,,,,,
Südchinesische Meer,,,,,,
Samar,,,,,,
Wetterau,,,,,,
Tracy Arm,,,,,,
Super El Niño,,,,,,
Abendstunden,,,,,,
Nervenkitzel,,,,,,
Pongauer,,,,,,
Provinz Tokat,,,,,,
Niksar,,,,,,
Anthropic,,,,,,
Biden-Ära,,,,,,
US-Außengebieten,,,,,,
Cop City,,,,,,
Natuna,,,,,,
KI-Startup,,,,,,
Nat…,,,,,,
Fußballrasen,,,,,,
Araniko Highway,,,,,,
Gisborne,,,,,,
Duhai,,,,,,
E…,,,,,,
Bundaberg,,,,,,
Torontos,,,,,,
Villupuram,,,,,,
St,,,,,,
New …,,,,,,
Erdbeben bei Bad Reichenhall,,,,,,
Palazzo Strozzi,,,,,,
Inkompetenz,,,,,,
Nationalpark Torres del Paine,,,,,,
Geldhahn,,,,,,
Westindischen Inseln,,,,,,
NiMet,,,,,,
Vulkans Kīlauea,,,,,,
Hochwasservorsorge,,,,,,
Hochgebirgsregionen,,,,,,
To-Do-Liste,,,,,,
Forgeworks,,,,,,
Anpassungsstrategien,,,,,,
Les Landes,,,,,,
Tech-Aktien,,,,,,
al-Fitr,,,,,,
Staatspalast,,,,,,
Minehead,,,,,,
Ost-Zentralmexiko,,,,,,
Eiskratzer,,,,,,
Stadt Dornbirn,,,,,,
St. Patrick’s Day,,,,,,
Kirgisistan,,,,,,
Glätte-Alarm,,,,,,
Monster-Taifun,,,,,,
Wintermodus,,,,,,
Damenbinden,,,,,,
Red Hook,,,,,,
Rhein-Niedrigwasser,,,,,,
Northern Rivers,,,,,,
Nördlichen Marianeninseln,,,,,,
Iowas,,,,,,
Feme,,,,,,
Midtown Beach,,,,,,
Sonnenstrahlen,,,,,,
Berggipfel,,,,,,
Zeltlagern,,,,,,
Nepal-Tibet,,,,,,
Yedapadavu,,,,,,
Erdbeben die Philippinen,,,,,,
Tura,,,,,,
Winterwochenende,,,,,,
Zentrum des Bebens,,,,,,
Böe,,,,,,
Sandau,,,,,,
Havel,,,,,,
vPI,,,,,,
GPIv,,,,,,
Clim,,,,,,
Kitimat,,,,,,
Glacier White,,,,,,
Sindhuli,,,,,,
Prager Zoo,,,,,,
Metalfans,,,,,,
Heavy-Metal-Festival,,,,,,
Pacific Tsunami Warning Center,,,,,,
Ölpreis,,,,,,
Südhessen,,,,,,
Camper,,,,,,
Achtung Glätte,,,,,,
Ostindien,,,,,,
Drainageschicht,,,,,,
hitzebedingt,,,,,,
Manay,,,,,,
Ski-Saison,,,,,,
Maricopa County,,,,,,
Boulder Canyon,,,,,,
Metropolregion Phoenix,,,,,,
Flagstaff,,,,,,
Rabatt + kostenloser Versand,,,,,,
Maltatal,,,,,,
Netflix-Star,,,,,,
Halloween-Feierlichkeiten,,,,,,
Santa Cruz,,,,,,
Rukumpur,,,,,,
Weltraummissionen,,,,,,
Tortorella,,,,,,
Preveli,,,,,,
Headliner,,,,,,
Cheatgrass,,,,,,
Kap Hoorn,,,,,,
Drake-Passage,,,,,,
Bayerns Juli-Hitzerekord,,,,,,
Observatoriumshaus,,,,,,
Gaza-Bewohner,,,,,,
Gagetown,,,,,,
Deutschland-Achter,,,,,,
Vulkans Semeru,,,,,,
Shalbatana Vallis,,,,,,
Provence,,,,,,
Regierungsbezirk Freiburg,,,,,,
Schwarz-Rot,,,,,,
Innviertel,,,,,,
Metern,,,,,,
Lanz,,,,,,
Kwigillingok,,,,,,
Roten Flusses,,,,,,
Weltcup-Super-G-Titel,,,,,,
halbe Land,,,,,,
Battle Creek,,,,,,
Erdbeben-Tsunamis,,,,,,
Stadt Hamburg,,,,,,
Phuket,,,,,,
Hurrikan-Reparaturen,,,,,,
Beton-Fahrradschutzgebiet,,,,,,
Climate Prediction Center,,,,,,
Landes Schnee,,,,,,
Hausbesitzer,,,,,,
Straßenabschnitts Narayangadh-Muglin,,,,,,
Evakuierungs-,,,,,,
Valdebebas,,,,,,
Stadt Armero,,,,,,
Taifun-Reaktion,,,,,,
Shillong-Dawki-Straße,,,,,,
Newsmax,,,,,,
kalifornischen County,,,,,,
Frostblumen,,,,,,
Cusecs,,,,,,
Milliardenpaket,,,,,,
Erdrutschs,,,,,,
Blizzard-Warnung,,,,,,
Bhagamandala,,,,,,
Jangtsekiang,,,,,,
Pentagon,,,,,,
Konferenztitel,,,,,,
gewittern,,,,,,
Bundesgerichtshof,,,,,,
Sonntag Häuser,,,,,,
Barclays Center,,,,,,
Ammoniakeis,,,,,,
Schrems,,,,,,
Hurrikan-Überschwemmungen,,,,,,
Mount Lewotobi Laki-Laki,,,,,,
Berg Lewotobi Laki Laki,,,,,,
Arcadia Bay,,,,,,
Gondo,,,,,,
Mazandaran,,,,,,
Kanye West,,,,,,
Erdrutschrisikos,,,,,,
Teakholz,,,,,,
Kaligandaki-Korridor,,,,,,
Hurst,,,,,,
Stadtbewohner,,,,,,
Grundstücke,,,,,,
Hauptstadttrubel,,,,,,
Brückeneinsturz,,,,,,
Wildland,,,,,,
Nebraskas,,,,,,
Tiefsee-Schlammvulkanen,,,,,,
Pflegefamilien,,,,,,
Verteidigungsministeriums,,,,,,
Meisterschaftswoche,,,,,,
Gilgit-Baltistan,,,,,,
Schneenotfälle,,,,,,
Wetterbehörden,,,,,,
Sommersonne,,,,,,
Heftiges Erdbeben,,,,,,
tvN,,,,,,
Belfasts,,,,,,
Lipis,,,,,,
Niederschlagsmenge,,,,,,
Toten Meer,,,,,,
Eugowra,,,,,,
Vietnam Felsbrocken,,,,,,
Unglücksstelle,,,,,,
Stunden,,,,,,
Beet-Brüdern,,,,,,
Widerstands,,,,,,
Eaton Canyon,,,,,,
Energierechnungen,,,,,,
Garhwa,,,,,,
Palamu,,,,,,
Tropensturm Julio,,,,,,
Port Arthur,,,,,,
IMAX-Größe,,,,,,
Regengebeten,,,,,,
Wolkenimpfen,,,,,,
Persien,,,,,,
Antiochia,,,,,,
Memes,,,,,,
Aussaat von Wolken,,,,,,
Massivholz,,,,,,
Landtagswahlen,,,,,,
Präfektur Miyazaki,,,,,,
US-Außengebiete,,,,,,
Lagerfeuer,,,,,,
Taunggyi,,,,,,
Inalåhan,,,,,,
Courchevel,,,,,,
Fatehpur,,,,,,
Sonbhadra,,,,,,
Mittag,,,,,,
Wetterausblick,,,,,,
Wochenend-Wetter,,,,,,
Sächsischen Schweiz,,,,,,
Amatrice,,,,,,
Leichtes Erdbeben am Bodensee,,,,,,
Porto Germeno,,,,,,
Sendayan,,,,,,
Präfektur …,,,,,,
Touristenort,,,,,,
Zentrum von Kerala,,,,,,
Cibeunying,,,,,,
Gold Coast,,,,,,
Oxnard,,,,,,
Südkalifornien …,,,,,,
Cheyenne,,,,,,
Mandeville Canyon,,,,,,
Promis,,,,,,
Beaver Creek,,,,,,
Paraná,,,,,,
Tsunami-Alarm,,,,,,
Crown Fire,,,,,,
Erdbeben in Ost-Nusa Tenggara,,,,,,
Sonnenkorona,,,,,,
Robotaxis,,,,,,
Orkan-Böen,,,,,,
Cape Point,,,,,,
Ausschreibungen,,,,,,
NV,,,,,,
Danjiang-Brücke,,,,,,
Erdbeben im Osten Indonesiens,,,,,,
Nordeuropa,,,,,,
Kaschmir-Ebene,,,,,,
Insassen,,,,,,
Baum,,,,,,
Erdbeben und Flutkatastrophen,,,,,,
Bluthochdruck,,,,,,
Zug,,,,,,
Springs Fire,,,,,,
Hinterkopf,,,,,,
Yaoundé,,,,,,
US National Hurricane Center,,,,,,
Negativität,,,,,,
Eisenmangel,,,,,,
Dicke Jacke,,,,,,
County,,,,,,
Qinghai-Tibet-Plateau,,,,,,
Megathrust-Erdbeben,,,,,,
Blumenerde-Laster,,,,,,
Padua,,,,,,
Chaukidanda,,,,,,
Böhmischen Schweiz,,,,,,
Québec,,,,,,
Black Caps,,,,,,
Flughafen Boca Raton,,,,,,
West Palm Beach,,,,,,
Baylor,,,,,,
Thabang Rural Municipality-5,,,,,,
City of Joy,,,,,,
Oberkrämer,,,,,,
Karibiksturm,,,,,,
Darling Downs,,,,,,
Mackay,,,,,,
"Erdbeben der Stärke 7,7 Ostindonesien",,,,,,
Dächern,,,,,,
Upper Tantallon,,,,,,
Teutoburger Wald,,,,,,
offene Meer,,,,,,
Rauchschwaden,,,,,,
Stadt Monschau,,,,,,
Woodland Hills,,,,,,
Social-Media-Beiträgen,,,,,,
Fuerteventura,,,,,,
Millionenwert,,,,,,
Tuin-Khola-Brücke,,,,,,
karibischen Inseln,,,,,,
Hilfsflügen,,,,,,
Caldera-Vulkan,,,,,,
Kikai-Caldera,,,,,,
Altinho,,,,,,
Hamirpur,,,,,,
Regenmassen,,,,,,
Hintersee,,,,,,
Ostereiern,,,,,,
Regenbogenstraße,,,,,,
Erdbebenwetter,,,,,,
Lahaina,,,,,,
Minister von Bengaluru,,,,,,
Erdbeben …,,,,,,
Geoje,,,,,,
Tiroler Brennerstraße,,,,,,
Katastrophenschutzbehörde,,,,,,
Gletscher,,,,,,
Benzin,,,,,,
ND,,,,,,
Mücke,,,,,,
Côte d’Azur,,,,,,
Magnolien,,,,,,
Pazifische Ozean,,,,,,
Maximos-Herrenhaus,,,,,,
blaue Staaten,,,,,,
Hurricane Center,,,,,,
Kamensk-Schachtinski,,,,,,
Rostow,,,,,,
Saskatoon,,,,,,
Luftfilter,,,,,,
Erdbeben um Aussetzung der Zölle,,,,,,
Löwen,,,,,,
Besorgnis,,,,,,
Chicago-Wetter,,,,,,
Justizämtern,,,,,,
Privatsektor,,,,,,
Tribeni,,,,,,
UPSC-Quiz,,,,,,
Machilipatnam,,,,,,
Hindukusch,,,,,,
Tribeni-9,,,,,,
Universal,,,,,,
Oyo,,,,,,
Mikroplatten,,,,,,
Fehlverhaltens,,,,,,
Salak Tinggi,,,,,,
Zentrum von Sarawak,,,,,,
Ghumaune,,,,,,
Tee…,,,,,,
Warme Getränke,,,,,,
Vulkans Ätna,,,,,,
Ätna-Ausbruchs,,,,,,
Bilaspur,,,,,,
Texas …,,,,,,
Erde Rekorde,,,,,,
Laila Peak,,,,,,
Borkum,,,,,,
Fort Mac,,,,,,
Schladminger Tauern,,,,,,
Deer Lake Power,,,,,,
Las Vegas Park,,,,,,
Untergrunds,,,,,,
Richter-Skala,,,,,,
Insel Sulawesi,,,,,,
Dachschindeln,,,,,,
Bitung,,,,,,
Landesregierungen,,,,,,
Rukum,,,,,,
H5N1,,,,,,
Mount Rushmore,,,,,,
Arapiles,,,,,,
Nepalesen,,,,,,
Nagekeo,,,,,,
Donbas,,,,,,
Kreis Gießen,,,,,,
Ostsachen,,,,,,
Ortovox,,,,,,
Große Waldbrände,,,,,,
Chamoli-Tunnel,,,,,,
Wirbelsturm in der Karibik,,,,,,
Erdbeben vor der indonesischen Insel,,,,,,
"Erdbeben der Stärke 7,6",,,,,,
Wasserfällen,,,,,,
Bharengdanda,,,,,,
Ostereiern am Sonntag,,,,,,
Neu-Ulm,,,,,,
Wohnungseigentümer,,,,,,
Taman Perdana Heights,,,,,,
Nutella,,,,,,
Krokodile,,,,,,
Typhoon-Kampfflugzeuge,,,,,,
Donegal,,,,,,
indischen Gemeinschaft,,,,,,
Skigebiets,,,,,,
Chinesischen Mauer,,,,,,
Kroatiens,,,,,,
Raj,,,,,,
Bezirk Palamu,,,,,,
Wänden,,,,,,
GP von Miami,,,,,,
Kos,,,,,,
Landes Israel,,,,,,
Manado,,,,,,
Dächer,,,,,,
Palisades Village,,,,,,
Grand Rapids,,,,,,
Te…,,,,,,
Vegetationsperiode,,,,,,
Maitighar,,,,,,
Badezimmer,,,,,,
Tanimbar-Inseln,,,,,,
Wetteramt,,,,,,
Provinz Riau,,,,,,
jamaikanische Regierung,,,,,,
Schweres Erdbeben vor der Küste Indonesiens,,,,,,
Wolkenaussaat,,,,,,
Börsen-Highlights,,,,,,
Bermuda-Hoch,,,,,,
Golf Club,,,,,,
Deichsystem,,,,,,
Musikern,,,,,,
Tag der Toten,,,,,,
Manisa,,,,,,
Massenansturm,,,,,,
Chivirico,,,,,,
Coconino National Forest,,,,,,
Oyintiloye,,,,,,
Propan,,,,,,
Kalimpong,,,,,,
"Erdbeben der Stärke 7,7 Indonesien",,,,,,
Politisches Erdbeben in Lateinamerika,,,,,,
Chicagoland,,,,,,
Favelas,,,,,,
Ostereier,,,,,,
AFAD,,,,,,
Sturm Jamaika,,,,,,
Heimathaus,,,,,,
Herdsman Lake,,,,,,
Lower East Side,,,,,,
Wandels,,,,,,
Apache-Hubschrauber,,,,,,
Tourtour,,,,,,
Lärm,,,,,,
Prince George,,,,,,
Guadeloupe,,,,,,
Patch-Tsunami,,,,,,
Sandy Beach,,,,,,
Jahr Rekorde,,,,,,
Tropensturm „Lala“,,,,,,
Westtürkei,,,,,,
Sangster International Airport,,,,,,
Mega-Erdbeben,,,,,,
Milde Temperaturen und Sonnenschein,,,,,,
Hoshiarpur,,,,,,
Mascara,,,,,,
Dibang Valley,,,,,,
Korala,,,,,,
Alhendin,,,,,,
Altenheim,,,,,,
Ede,,,,,,
Werbetafeln,,,,,,
Erdbeben in Südamerika,,,,,,
Ballermann,,,,,,
Hirschhorn-Tunnel,,,,,,
Bürgerbeauftragte,,,,,,
Viktring,,,,,,
Dellbrück,,,,,,
St. Joseph,,,,,,
Goldküste,,,,,,
Werdohl,,,,,,
Ayeni,,,,,,
Inselstaates,,,,,,
Grupo Aeroportuario del Pacifico,,,,,,
GUADALAJARA,,,,,,
Fadahunsi,,,,,,
Smithfield,,,,,,
Insel Jamaika,,,,,,
Waialua,,,,,,
Hochkönig,,,,,,
Disneyland Resort,,,,,,
Übersee,,,,,,
Serengeti-Büffel,,,,,,
Narben in der Blauen Moschee,,,,,,
Kreuzfahrtschiffen,,,,,,
Millionen-Dollar-Aktion,,,,,,
Schneeräumgeräte,,,,,,
Tokyo Disney Resort,,,,,,
Bellevue,,,,,,
Hitzealarm am Sonntag,,,,,,
Balewadi,,,,,,
Tornado-Cluster,,,,,,
Donner,,,,,,
Landkreis Kaiserslautern,,,,,,
Okanagan-Sees,,,,,,
Lich,,,,,,
Fuldatal,,,,,,
Uber Arena,,,,,,
Sonnenstürme,,,,,,
Auto-Sturz,,,,,,
Hinton,,,,,,
Narayangadh,,,,,,
Bezirk Summerland,,,,,,
Milliarden-Schäden,,,,,,
Walthamstow,,,,,,
Jahrhundert-Flut,,,,,,
Shanghais,,,,,,
Kot,,,,,,
Online-Tool,,,,,,
Anpassungen,,,,,,
Spanberger,,,,,,
Virginias,,,,,,
Sturm Kalmaegi,,,,,,
Supermond,,,,,,
New York Aquarium,,,,,,
Verzweiflung,,,,,,
Burkina Faso,,,,,,
Gowanus,,,,,,
Sholinganallur,,,,,,
Iserlohn,,,,,,
Jhotwara,,,,,,
Schneeschuhwandern,,,,,,
Hurrikanzentrum,,,,,,
Turnhalle,,,,,,
Staubstürme,,,,,,
Greenpeace-Aktivisten,,,,,,
Verkehrswende,,,,,,
südostasiatische Land,,,,,,
Adam's Cove,,,,,,
Beaufort-Skala,,,,,,
Imperiums,,,,,,
Dubliner,,,,,,
Great Lakes-Staaten,,,,,,
Salzbergwerk Whiskey Island,,,,,,
Eriesees,,,,,,
Rheinufer,,,,,,
Hinterhaus,,,,,,
Mandeln,,,,,,
Weltmeere,,,,,,
Rhein-Pegeln,,,,,,
Chubbies-Shorts,,,,,,
Geschäftsjahres,,,,,,
Versicherungsverband,,,,,,
Rim Fire,,,,,,
Krankheitserreger,,,,,,
Nigerdelta,,,,,,
Öfen,,,,,,
Grüner Strom,,,,,,
Los Angeles-Reisende,,,,,,
Siegerland,,,,,,
Vogelhäuschen,,,,,,
Warnsignale,,,,,,
Frühlingsschneesturm,,,,,,
Brighton Township,,,,,,
Phoenix-Gebiet,,,,,,
Oliver,,,,,,
Kuttanad,,,,,,
Erdbeben im Taunus,,,,,,
US-Ölembargo,,,,,,
Tornado-Horror,,,,,,
Schrank,,,,,,
Gefahr,,,,,,
Augsburger,,,,,,
Interstate 75,,,,,,
Quarzsand,,,,,,
Hailakandi,,,,,,
Prime-Mitglieder,,,,,,
Planet Erde,,,,,,
Hochwasser-Einsatz,,,,,,
Pegelstand im Rhein,,,,,,
Republik Irland,,,,,,
Valle,,,,,,
UN-Klimagipfel,,,,,,
KXLY.com,,,,,,
La-Niña-Winter,,,,,,
Technologiebereich,,,,,,
Kharar,,,,,,
Programmierern,,,,,,
Gorman,,,,,,
Nayagaon,,,,,,
Hoffnungen,,,,,,
Fidschis,,,,,,
Mount Knauss,,,,,,
East Champaran,,,,,,
Chitaipur-Straße,,,,,,
KI-Rechenzentren,,,,,,
Tok,,,,,,
Minidosen,,,,,,
The Sinking City 2,,,,,,
US-Westküste,,,,,,
Tokha-Chhahare,,,,,,
Ikon Pass,,,,,,
Süd-Ontario,,,,,,
Pflanzen auf der Erde,,,,,,
Dinge,,,,,,
Stadt …,,,,,,
Sushi,,,,,,
Erdbeben in Nordafghanistan,,,,,,
Pessach,,,,,,
Notfallgepäck,,,,,,
Wicklow County Council,,,,,,
Balch,,,,,,
PolySnowV4,,,,,,
Mount Marapi,,,,,,
Gebäudes,,,,,,
Marousakis,,,,,,
Koolan Island,,,,,,
Fels,,,,,,
Tracy-Arm-Fjords,,,,,,
Telegrafenpapier,,,,,,
Weltraumexperten,,,,,,
Dovecot,,,,,,
Hinterstoder,,,,,,
Marsrot,,,,,,
Semmering,,,,,,
Tödliches Erdbeben,,,,,,
Playoff-Platz,,,,,,
Waldbrand-Totholz,,,,,,
Totholz,,,,,,
Ojibwe,,,,,,
Manizales,,,,,,
Nr. 1,,,,,,
Erdbeben in der Region,,,,,,
Cloud-Seeding-Versuche,,,,,,
Köln im Rhein,,,,,,
Arnolds Field,,,,,,
Wohnhausbrand,,,,,,
Kameras,,,,,,
Magmas,,,,,,
Bukit Merah,,,,,,
Edlitz,,,,,,
Cima Vertana,,,,,,
Rupnagar,,,,,,
Kahilipara,,,,,,
Osaka,,,,,,
Saalfelden,,,,,,
Erdbeben: Kolumbien,,,,,,
Nordthüringen,,,,,,
Echtzeit,,,,,,
West-Papua,,,,,,
Kakadu,,,,,,
Malmö,,,,,,
Upper Mustang,,,,,,
Wiesen,,,,,,
"Erdbeben der Stärke 6,3 in Afghanistan",,,,,,
Mazar-i-Sharif,,,,,,
Chumkhola,,,,,,
Japantown,,,,,,
Launders Lane,,,,,,
Brandregion,,,,,,
Berliner Abgeordnetenhaus,,,,,,
Lage,,,,,,
Autobahn 9,,,,,,
Kelston Boys’ High,,,,,,
Colorado River Basin,,,,,,
Weihnachtsmarkt,,,,,,
Südseeparadies Fidschi,,,,,,
Haneda,,,,,,
Meilenstein,,,,,,
Berghütte,,,,,,
Marchfeld,,,,,,
Saint John,,,,,,
Hubballi-Dharwad,,,,,,
Erdbebens in Afghanistan,,,,,,
Ijora Badia,,,,,,
Wiederherstellungsbemühungen,,,,,,
Mornos-Stausee,,,,,,
CN Tower,,,,,,
russischen Republik Dagestan,,,,,,
Schanghai,,,,,,
Windparks,,,,,,
Distrikts Dolkha,,,,,,
Blackouts,,,,,,
Thiruvallur,,,,,,
Tracy Arm Fjord,,,,,,
Bacolod,,,,,,
Galle,,,,,,
Küstengewässer,,,,,,
St. Cloud,,,,,,
Woodside,,,,,,
Rentner,,,,,,
P14,,,,,,
Saisonbeginn,,,,,,
Jalan Tun Sardon,,,,,,
Schneemangel,,,,,,
Thornton,,,,,,
AltaLink,,,,,,
Torfgebieten,,,,,,
7NEWS Live-Updates,,,,,,
Patterson,,,,,,
Port-au-Prince,,,,,,
Erdbeben erschüttert Kolumbien,,,,,,
Karolineninseln,,,,,,
KI-Funktionen,,,,,,
Geosphere Austria,,,,,,
Bogota,,,,,,
Europa Rekorde,,,,,,
Hinterzarten,,,,,,
Soldier Field,,,,,,
Bergsteigern,,,,,,
Leichen,,,,,,
Zentrum des Landes,,,,,,
Goas,,,,,,
Dominikanische Republik,,,,,,
Schweinfurt,,,,,,
Himalaya-Gipfeln,,,,,,
Fujian,,,,,,
Hispaniolas,,,,,,
Bukit Baru,,,,,,
Saskatchewans,,,,,,
Schweres Erdbeben,,,,,,
Tornado-Uhr,,,,,,
Srisailam,,,,,,
Copper Mountain,,,,,,
Südfloridas,,,,,,
Waschstraßen,,,,,,
Menasha,,,,,,
Kings Island,,,,,,
Inneren,,,,,,
Mason,,,,,,
Gerash,,,,,,
Coachella,,,,,,
Annapolis County,,,,,,
Black Lake,,,,,,
Gewitter-Gefahr,,,,,,
Katsina,,,,,,
Staubteufeln,,,,,,
French River,,,,,,
Himalaya-Grundgesteins,,,,,,
West Nipissing,,,,,,
Zentralpakistan,,,,,,
Modifikationen,,,,,,
Williamnagar,,,,,,
Geschwindigkeitsbeschränkungen,,,,,,
Millionenmetropole Istanbul,,,,,,
East Flores,,,,,,
Enduro,,,,,,
AFTN,,,,,,
Halbinsel,,,,,,
Speedway,,,,,,
Verona,,,,,,
Fukushima Daiichi,,,,,,
Erdbeben vor japanischer Küste,,,,,,
East Nusa Tenggara,,,,,,
Infrarotbereich,,,,,,
Tumakuru,,,,,,
Fairbanks,,,,,,
Erdbebenvorsorge,,,,,,
Waldbrandproblem,,,,,,
Bergstraße,,,,,,
Wiederaufbaus,,,,,,
Flughafens,,,,,,
Langener,,,,,,
Bezirk Bruck-Mürzzuschlag,,,,,,
Erdbebenrisiko,,,,,,
COLOMBO,,,,,,
Serres,,,,,,
Umstürzender Baum,,,,,,
Snow Joe,,,,,,
Atemwegserkrankungen,,,,,,
Kings County,,,,,,
Hauptredner,,,,,,
Bermudas,,,,,,
Zeugnis,,,,,,
Wahlvolk,,,,,,
Cumberland Valley,,,,,,
Uruguay,,,,,,
Giftmord-Fall,,,,,,
Dumbo,,,,,,
Insel Bali,,,,,,
La Cueva,,,,,,
Mangos,,,,,,
Zusammenhangs,,,,,,
Absatz,,,,,,
Lynn Lake,,,,,,
White Island,,,,,,
Flughafen Pearson,,,,,,
katastrophengefährdeten,,,,,,
Sommerliche Pfingsten,,,,,,
Hattersheim,,,,,,
Derby,,,,,,
Lassen Volcanic National Park,,,,,,
Kettering Town,,,,,,
Telemundo,,,,,,
Paradise,,,,,,
Bauernregeln,,,,,,
Gilroy,,,,,,
Tödliches Erdbeben in China,,,,,,
Ozark Trail Herren-Schneestiefel,,,,,,
Glatteis-Unfällen,,,,,,
Sicherheitswarnungen,,,,,,
West-Sydney,,,,,,
FireAid,,,,,,
Ätolien-Akarnanien,,,,,,
Lowell,,,,,,
Beagle-Forschungsanlage,,,,,,
Westgriechenland,,,,,,
Weinbergen,,,,,,
Meereis,,,,,,
Diesel,,,,,,
Erstaunen,,,,,,
Badulla-Colombo,,,,,,
Vance Air Force Base,,,,,,
Edison,,,,,,
Weser,,,,,,
Nachthimmel,,,,,,
Lauffeuer,,,,,,
Unfallstellen,,,,,,
Nordsee Sturmflut,,,,,,
Starnberger See,,,,,,
BC,,,,,,
Nordmeer,,,,,,
Kellerüberschwemmungen,,,,,,
Kontinente,,,,,,
Gesundheitsrisiko,,,,,,
A20,,,,,,
Landkreis Nordwestmecklenburg,,,,,,
Moreton Island,,,,,,
Flughafen LaGuardia,,,,,,
Shalimar-Garten,,,,,,
Mount Anak Krakatau,,,,,,
Hatyai,,,,,,
Shindo-Skala,,,,,,
rekordverdächtiger Hitze,,,,,,
Penticton,,,,,,
Zentralindiens,,,,,,
Donauausbau,,,,,,
Bundesamt,,,,,,
Kashima,,,,,,
Alpenstraße,,,,,,
Saudia,,,,,,
Erdbeben: Erdbeben erschüttert Ortenaukreis,,,,,,
Feldes,,,,,,
Heartland,,,,,,
Ekiti,,,,,,
Fort Dodge,,,,,,
West-North Carolina,,,,,,
Babis,,,,,,
Immobilieneigentümern,,,,,,
Darwin River Dam,,,,,,
Wüstenstaub,,,,,,
El Niño-Wettermuster,,,,,,
Aeon Mall,,,,,,
Wahl-Erdbeben,,,,,,
Dachmaterialien,,,,,,
Anahim Lake,,,,,,
Lone Star State,,,,,,
Manhattan …,,,,,,
Becher,,,,,,
Özdemirs,,,,,,
Sturmrunden,,,,,,
stürmisch,,,,,,
Rekordhochs,,,,,,
Patchwork-Farben,,,,,,
Punjab-Schulen,,,,,,
Berg Anak Krakatau,,,,,,
Anak Krakatau,,,,,,
Loreley,,,,,,
Autobahn Mugling-Narayangadh,,,,,,
NI,,,,,,
Waidisch,,,,,,
Weather Prediction Center,,,,,,
Sayward,,,,,,
Bonavista,,,,,,
Beaver Lake Stream,,,,,,
Clarenville,,,,,,
Rasuwa,,,,,,
Holozäns,,,,,,
amerikanisch-kanadischen Grenze,,,,,,
Ost-Pennsylvania,,,,,,
Traverse City,,,,,,
Abstrichen,,,,,,
Thüringer Obstbauern,,,,,,
Hurrikan Lowell,,,,,,
Sungai Buloh,,,,,,
Persischen Golf,,,,,,
Ölaktien,,,,,,
Beschlüssen,,,,,,
Silvermoon City,,,,,,
Conception Bay,,,,,,
Tribhuvan International Airport,,,,,,
Rekordüberschwemmungen,,,,,,
Regierungen,,,,,,
Insel Kreta,,,,,,
Ostindiens,,,,,,
Sportfans,,,,,,
Leitartikel,,,,,,
Entschädigungszahlungen,,,,,,
Grundwasserreserven,,,,,,
Welthandel,,,,,,
SC,,,,,,
Loreleyfelsen,,,,,,
Harold’s Cross,,,,,,
Erdbeben und Tsunamis,,,,,,
Yellowhead County,,,,,,
Urlaubsparadies,,,,,,
Chicagos O'Hare,,,,,,
Stämme,,,,,,
Klima-Szenarien,,,,,,
Thrakien,,,,,,
Innere,,,,,,
Indische Ozean,,,,,,
Palghar,,,,,,
Weihnachtsinsel,,,,,,
Black Summer,,,,,,
Western Bay,,,,,,
Bezirk Voitsberg,,,,,,
Fausto,,,,,,
Ortes,,,,,,
Woodland Park,,,,,,
Kopfschmerzen,,,,,,
Hawaii-Volcanoes-Nationalparks,,,,,,
Everest-Basislager,,,,,,
Immobilie,,,,,,
Chromebook,,,,,,
Nishinoshima,,,,,,
Coors Field,,,,,,
Shiffrin,,,,,,
Erdbeben erschüttern Sizilien,,,,,,
Pfefferspray,,,,,,
Bundesmitteln,,,,,,
Mytilini,,,,,,
South Jersey,,,,,,
Brantley County,,,,,,
Grand-Canyon-Nationalpark,,,,,,
Evansville,,,,,,
West-Kalimantan,,,,,,
Wasserreserven,,,,,,
Schiffbrüchiger,,,,,,
Ausmaß des Schadens,,,,,,
Wälder,,,,,,
Black Friday,,,,,,
Rote Kreuz,,,,,,
Capitol Hill,,,,,,
Luftstroms,,,,,,
Land Lincoln,,,,,,
Aitolo-Akarnanien,,,,,,
Flaming Gorge Reservoir,,,,,,
Oldfield Road,,,,,,
Wettervorhersagen,,,,,,
"Erdbeben der Stärke 7,9",,,,,,
Berg Usu,,,,,,
Tornado-Ausbruch,,,,,,
Endspurt,,,,,,
Napa,,,,,,
Toba,,,,,,
Madrider,,,,,,
Grafschaft Tipperary,,,,,,
Tornadonacht,,,,,,
Konzernmedien,,,,,,
Dungun,,,,,,
Anklagebank,,,,,,
Dunmore,,,,,,
Basmati-Exporte,,,,,,
Gabrielle,,,,,,
Metropolregion Detroit,,,,,,
Inn,,,,,,
Pear Lake,,,,,,
Offenbach am Main,,,,,,
Narben,,,,,,
Rio Blanco County,,,,,,
Port Dickson,,,,,,
Ausbrüche,,,,,,
Mount Underwood,,,,,,
Energiewende,,,,,,
Gewitterpotenzial,,,,,,
Flughafen Hongkong,,,,,,
Bongawan,,,,,,
Hawaiʻi Volcanoes National Park,,,,,,
Nike LeBron,,,,,,
Ghuma,,,,,,
Mülldeponien,,,,,,
LLM-gesteuerten,,,,,,
Tasik-Subang-Staudamm,,,,,,
Anwar,,,,,,
Rambukella,,,,,,
Interstate 70,,,,,,
SUMO-,,,,,,
Washington County,,,,,,
Natanto-Klappmesser,,,,,,
Banda,,,,,,
Merapi,,,,,,
Udhampur,,,,,,
Baleareninsel,,,,,,
Nordwales,,,,,,
Wasserprobleme,,,,,,
Willow,,,,,,
Gelächter,,,,,,
Susitna,,,,,,
Santa Coloma de Farners,,,,,,
Chiasso,,,,,,
Palmerston,,,,,,
Ansturm,,,,,,
Stuben,,,,,,
Metropolregion Kansas City,,,,,,
SAN,,,,,,
Wasserbankrott,,,,,,
Grundbedürfnisse,,,,,,
Chengalpet,,,,,,
Leitfaden,,,,,,
Äquatorialguinea,,,,,,
Weitwinkel-Antibeschlag-Schwimmbrille,,,,,,
Ucayali,,,,,,
Lewis County,,,,,,
Oberweser,,,,,,
Biomasse,,,,,,
Vorabend,,,,,,
Weihnachtsmarkt-Wetter,,,,,,
Präfektur Kyoto,,,,,,
MLive.com,,,,,,
Niagara Frozen,,,,,,
Ergebnissen,,,,,,
Schutzanzügen,,,,,,
Australierin,,,,,,
Surrey,,,,,,
Berges,,,,,,
Ilya,,,,,,
"Erdbeben der Stärke 2,4",,,,,,
Großraum Kansas City,,,,,,
Tanagra,,,,,,
Park Ji Hyun,,,,,,
Schweizer Bergen,,,,,,
Stadt Schnee,,,,,,
Erdbeben zu Forschungszwecken,,,,,,
Coorong,,,,,,
Dharamshala,,,,,,
Balis,,,,,,
Lac La Ronge Indian,,,,,,
Südasiens,,,,,,
Bondo,,,,,,
asiatischen Land,,,,,,
Bergwacht,,,,,,
Nordnorwegen,,,,,,
Santa Ana-Winde,,,,,,
Piräus,,,,,,
Trauminsel,,,,,,
Knopfdruck,,,,,,
Nadma,,,,,,
Pisew,,,,,,
Arizonas,,,,,,
Rambukkana,,,,,,
Bhairahawa,,,,,,
Yogyakarta,,,,,,
Usedom,,,,,,
Felcra,,,,,,
Seri Bandi,,,,,,
Bergbauministeriums,,,,,,
Luft-Luft-Raketen,,,,,,
Klimarisiko der Māori,,,,,,
Bayern-Wetter,,,,,,
Meeresbodenseismometer,,,,,,
Dienstag Schnee,,,,,,
Namibias,,,,,,
Piedmont Triad,,,,,,
Nein,,,,,,
Grundsteuer,,,,,,
Monster-Hagelsturm,,,,,,
Mariposa County,,,,,,
Kelani-Flussbeckens,,,,,,
Jupitermond Io,,,,,,
Quantenbereichs,,,,,,
Provinz Malatya,,,,,,
Bezirk Battalgazi,,,,,,
Weinstadt Bordeaux,,,,,,
Kelani,,,,,,
Alb,,,,,,
Luftweg,,,,,,
Snacks,,,,,,
Erdbeben der Stärke M7.7,,,,,,
Erdbeben in Louisiana,,,,,,
Hope,,,,,,
Unwetter am Bodensee,,,,,,
Bhutan,,,,,,
malaysischen Halbinsel,,,,,,
La Nina,,,,,,
Grundierungsfarben,,,,,,
Kankakee Illinois,,,,,,
Kramsach,,,,,,
Starke Böen,,,,,,
Sharda,,,,,,
Benue,,,,,,
Gefahrenmarke,,,,,,
Beaver,,,,,,
Seychellen,,,,,,
Live-Tracker-Karten,,,,,,
Flagler Beach,,,,,,
Otsuchi,,,,,,
Gran Canaria,,,,,,
Spätpaläozoikums,,,,,,
Volcano,,,,,,
Dom,,,,,,
Gytheio,,,,,,
Fußbad,,,,,,
Newton County,,,,,,
Cremona,,,,,,
Kurzes Wintergastspiel,,,,,,
Verkehrsproblemen,,,,,,
Insel Paros,,,,,,
Menthol-Spray,,,,,,
Karatschi,,,,,,
Niederrhein,,,,,,
Vulkans Kanlaon,,,,,,
Zyklon Ditwa,,,,,,
San Franciscos,,,,,,
Oulu,,,,,,
Bewässerungsrohre,,,,,,
Süd-Sumatra,,,,,,
Ahilyanagar,,,,,,
Tsunami-Risiko,,,,,,
Kriechkellern,,,,,,
Street-Art-Medium,,,,,,
Seegras,,,,,,
Evrotas,,,,,,
Mani,,,,,,
Crystal Mountain,,,,,,
Waldbrände bei Bordeaux,,,,,,
Zentraltexas,,,,,,
Harishchandra Gad,,,,,,
Alarmstufe,,,,,,
Bachok,,,,,,
Grenzkatastrophe,,,,,,
Glättechaos,,,,,,
nichtlokalen,,,,,,
Bergsteiger,,,,,,
Betwa,,,,,,
Waggonschuppens,,,,,,
Ghaghara,,,,,,
Berchtesgaden,,,,,,
Schnee-Drama,,,,,,
Mohana,,,,,,
Gehirns,,,,,,
Befürchtetes Glättechaos,,,,,,
Karachi,,,,,,
Chippis,,,,,,
Mürzzuschlag,,,,,,
Adelaides,,,,,,
Puncak,,,,,,
da See,,,,,,
Sapporo Kokusai,,,,,,
Planai,,,,,,
Ostafghanistan,,,,,,
Dak Lak,,,,,,
Museum von Olympia,,,,,,
Westchinas,,,,,,
Ahrtalbahn,,,,,,
Saddleridge,,,,,,
Feuersturm,,,,,,
Indiens Spitzenstrombedarf,,,,,,
Erdbeben in Cascadia,,,,,,
Mein Garten,,,,,,
Painted Hills,,,,,,
Ahrtahlbahn,,,,,,
Rechnungshofs,,,,,,
Niihau,,,,,,
Ruhe,,,,,,
Glatteis-Sturz am Bahnübergang,,,,,,
Hatton,,,,,,
"Erdbeben der Stärke 7,1 Südjapan",,,,,,
Autobahn“,,,,,,
Monster-Wellen,,,,,,
Whitefield,,,,,,
Hunan,,,,,,
Fukushima-GAU,,,,,,
Atomkraftwerk Fukushima Daiichi,,,,,,
Kamjong,,,,,,
Aargau,,,,,,
Ostafrikanische Rift Valley,,,,,,
Singener,,,,,,
Rakaskop-Stausee,,,,,,
Höhengebiet,,,,,,
Evian,,,,,,
Times Beach,,,,,,
Hilfslagern,,,,,,
Frontalcrash,,,,,,
Irre,,,,,,
Port Pirie,,,,,,
Erdrutsch-Katastrophengebiet,,,,,,
Mangrovenwälder,,,,,,
Nahrungsmittelallergien,,,,,,
Edersee,,,,,,
Neusiedler See,,,,,,
Prescott Valley,,,,,,
Erdbeben auf der Insel Kyushu,,,,,,
Calgar,,,,,,
Kernza,,,,,,
Land Institute,,,,,,
Rookies,,,,,,
Chancellorsville,,,,,,
Wang Kelian,,,,,,
Staubstürmen,,,,,,
A Quiet Place,,,,,,
Miyagi,,,,,,
Lauchringen,,,,,,
Energieversorgers,,,,,,
Filialpersonal,,,,,,
Gettysburg,,,,,,
Villach,,,,,,
Rocky Mountain,,,,,,
Bauschäden,,,,,,
Emigrant Fire,,,,,,
Südost-Louisiana,,,,,,
Illinois County,,,,,,
Darwin River,,,,,,
Winterrucksackwandern,,,,,,
Nieselregen,,,,,,
Yamuna,,,,,,
Müdigkeit,,,,,,
NPR,,,,,,
Baseballgröße,,,,,,
Nördliche Marianen,,,,,,
Häuser am Abgrund,,,,,,
Klima-Hype,,,,,,
Ajah,,,,,,
Portillo im Schnee,,,,,,
Lakonien,,,,,,
Bezirk Kamjong,,,,,,
Gambia,,,,,,
County of Kings,,,,,,
Damüls,,,,,,
Bajhang,,,,,,
Landkreis Karlsruhe,,,,,,
Arabische Halbinsel,,,,,,
Ryan-Hall,,,,,,
Stürmen,,,,,,
Dresdner,,,,,,
Windbands,,,,,,
Blechschäden,,,,,,
Bella Coola,,,,,,
Flughafen Birsa Munda,,,,,,
Oh,,,,,,
SFGATE,,,,,,
Einkaufszentrum,,,,,,
Gailtal,,,,,,
Roslyn,,,,,,
Youngstown,,,,,,
Minderheitsregierungen,,,,,,
Glatteises,,,,,,
Interstate 17,,,,,,
Friaul,,,,,,
Gebäudedach,,,,,,
Jasper-Nationalpark,,,,,,
Braunaubachs,,,,,,
pakistanischen Grenze,,,,,,
Bachtar,,,,,,
Bergflocken,,,,,,
Detlef,,,,,,
Stadt Kashima,,,,,,
HKH,,,,,,
Große Pyramide Ägyptens jahrtausendelange Erdbeben,,,,,,
Karina,,,,,,
Vermissten,,,,,,
Kräuter,,,,,,
Pyramide,,,,,,
Starrey,,,,,,
fünftwärmste,,,,,,
Flughafen Südostasiens,,,,,,
Richardson Highway,,,,,,
Kiel/Hamburg,,,,,,
Schauer-Wochenende,,,,,,
Hulu Langat,,,,,,
Himalaya-Staat,,,,,,
Serai,,,,,,
Nanding,,,,,,
Lhotse,,,,,,
Zeitlupe,,,,,,
Karabiner,,,,,,
Bezirk Gmünd,,,,,,
Highway 20,,,,,,
Mussoorie-Dehradun,,,,,,
Sussex,,,,,,
Tomohon,,,,,,
Penn,,,,,,
Pomerape,,,,,,
Dachgeschoss,,,,,,
Juli-Hitzerekord,,,,,,
Vulkanausbrüche,,,,,,
Chenab,,,,,,
Imphal,,,,,,
Winnebago,,,,,,
Emden,,,,,,
Neckargemünd,,,,,,
Treasure Valley,,,,,,
Lasithi,,,,,,
Nationalpark Donauauen,,,,,,
East River-Tunnels,,,,,,
Merritt,,,,,,
Gepäck,,,,,,
Abflüssen,,,,,,
Japans Regierung,,,,,,
Pontian,,,,,,
Riding-Mountain-Nationalpark,,,,,,
Nord-Virginia,,,,,,
Kunar,,,,,,
Hoffenheim,,,,,,
"Erdbeben der Stärke 2,3",,,,,,
Erdbeben im Südwesten Japans,,,,,,
Kraftwerk Cape Canaveral,,,,,,
Flugumleitungen,,,,,,
Preveza,,,,,,
Dreieck,,,,,,
Biscarrosse,,,,,,
Thesprotia,,,,,,
Mayfair,,,,,,
Zentralrumänien,,,,,,
Gemeindestraße,,,,,,
Wartungsanforderungen,,,,,,
Olmstead Lock and Dam,,,,,,
Bundesstaat Katsina,,,,,,
MCG,,,,,,
Hellespont-Straße,,,,,,
Ridge,,,,,,
Kamerafalle,,,,,,
Haus seiner Familie,,,,,,
Hormozgan,,,,,,
Stromnetz-Betreibers,,,,,,
Bahnhofsviertel,,,,,,
Georgiens,,,,,,
Highway 63,,,,,,
Beirut,,,,,,
XS Road Cleat,,,,,,
Terminal 2,,,,,,
Tropfbewässerungs-Armaturen-Set,,,,,,
Maybelline,,,,,,
Oke-Ayo,,,,,,
On-Chain,,,,,,
antarktischen Meereis,,,,,,
Barry’s Bay,,,,,,
Landeskriminalamt,,,,,,
Kaderauswahl,,,,,,
UN-Wettergremium,,,,,,
Verkäufe Rekordhöhen,,,,,,
Einflusses des Westwinds,,,,,,
Abule Oko,,,,,,
River Island,,,,,,
Shore Fire,,,,,,
Garnier,,,,,,
"Erdbeben der Stärke 7,8 kommen die Philippinen",,,,,,
Kleingärten,,,,,,
Schulglocke,,,,,,
Palaus,,,,,,
Krypto-Rechtsnachrichten,,,,,,
Cyberrisikos,,,,,,
Autobahn 60,,,,,,
Kiwi-Kumpel,,,,,,
Kampfspiele,,,,,,
Capri Blue,,,,,,
Dardanellen,,,,,,
Volcano Black Mica,,,,,,
https://punchng.com/nema-begins-market-sensitisation-in-imo-against-flooding/,,,,,,
Erdbeben in Florida,,,,,,
New-World-Schraubenwürmern,,,,,,
Kreuzstücke,,,,,,
Bundesnotfallmanagementbehörde,,,,,,
Ohio River,,,,,,
JR-Dosan-Linie,,,,,,
Hashikura,,,,,,
Lebensraums,,,,,,
Costco,,,,,,
Playoff-Spiel,,,,,,
Cedar Irons,,,,,,
Tsubojiri,,,,,,
Horn von Afrika,,,,,,
Kettal,,,,,,
Bossip,,,,,,
Oceanside,,,,,,
Owhiro Bay,,,,,,
Loni-Fluss,,,,,,
Lagerhaushändler Costco,,,,,,
Buffy-Inspirationen,,,,,,
Vertisol-Böden,,,,,,
Bobyard,,,,,,
Island Bay,,,,,,
Houghton…,,,,,,
Präfektur Tokushima,,,,,,
Gurte,,,,,,
Maneuver,,,,,,
Valley Center,,,,,,
Optionen,,,,,,
Netzschäden,,,,,,
Scherben,,,,,,
Leitrim,,,,,,
Pala,,,,,,
Bodegraven,,,,,,
Krankheiten,,,,,,
Brittany,,,,,,
Westkuba,,,,,,
Kings-Trainer,,,,,,
Nanoro Health District,,,,,,
Kapstadts,,,,,,
Soum-Staudamm,,,,,,
Ennstal,,,,,,
Harry-Potter-Filmen,,,,,,
Kakaofruchtkrankheiten,,,,,,
Datensätzen,,,,,,
Headingley,,,,,,
Tokushimas Dosan-Linie,,,,,,
Q1,,,,,,
Madakulam,,,,,,
Juni-Rekord,,,,,,
Haltbarkeit,,,,,,
"Erdbeben der Stärke 7,8 - Tsunami-Warnung",,,,,,
Lake Elsinore,,,,,,
Lokayukta,,,,,,
Wasserschutz,,,,,,
Reforged,,,,,,
israelischen Grenze,,,,,,
Escape,,,,,,
Vulkanologie-Enthusiast,,,,,,
Chanakya,,,,,,
Ungewöhnlicher Erdbebenschwarm,,,,,,
Gunma,,,,,,
Generationen,,,,,,
Housing-Gebäude,,,,,,
KI-Gegenreaktion,,,,,,
Saitama,,,,,,
Inwood,,,,,,
Omokri,,,,,,
Sahel,,,,,,
Beaufort-Rücken,,,,,,
Neu Delhi,,,,,,
Attraktivität,,,,,,
Harvey,,,,,,
Berg Stawamus Chief,,,,,,
Warnzonen,,,,,,
Himanta,,,,,,
Grand Canyon Symptome,,,,,,
KI-Schätzungen,,,,,,
"Erdbeben der Stärke 8,2 erschütterte Mindanao",,,,,,
Malaria-Überträgern,,,,,,
Tierschutz,,,,,,
Edson Forestry Region,,,,,,
Riverside Counties,,,,,,
Regenausbrüche,,,,,,
Eames Office,,,,,,
Saint John’s,,,,,,
​​der Erde,,,,,,
Stadt Kapstadt,,,,,,
Ausbaugewerbe,,,,,,
katastrophengefährdeten Staaten,,,,,,
Erdbeben im Walt Disney World,,,,,,
abgelegener Maasai,,,,,,
Erdbeben erschüttern Area 51,,,,,,
Loiasis,,,,,,
Niedrigenergie-Passivhaus-Standards,,,,,,
Arzneimittelscreening,,,,,,
Hampstead Passive House,,,,,,
Maifeiertag,,,,,,
Allens,,,,,,
Charilamini,,,,,,
Gizmodo,,,,,,
Bangladesch …,,,,,,
Wirbelsturm-Warnung,,,,,,
Sicherheitsbehörde,,,,,,
Erdbeben die Stadt Digos,,,,,,
Boden un…,,,,,,
White,,,,,,
Börsenmärkten,,,,,,
Küstenstädten,,,,,,
Hitze-Tipps,,,,,,
Waldbrandrauchs,,,,,,
Pro-Crossover-Proteindynamik,,,,,,
"Erdbeben der Stärke 6,7 Palu",,,,,,
Staufensees,,,,,,
Digos,,,,,,
Nevada Test Site…,,,,,,
Reallohnrückgänge,,,,,,
Hampstead Heath,,,,,,
Hautkrebs-Expertin,,,,,,
geheimen Militärbasis Area 51,,,,,,
Initramfs,,,,,,
Okertal,,,,,,
Fichte,,,,,,
El-Nino-Signal,,,,,,
Horizonte,,,,,,
Met…,,,,,,
Onchozerkose,,,,,,
Medikament Ivermectin,,,,,,
Wohnens,,,,,,
Gebiet 51,,,,,,
Provinz Dhale,,,,,,
Bengaluru/Belagavi,,,,,,
Mosquito Lagoon,,,,,,
US-Mitarbeiter,,,,,,
Artemis-Eisproben,,,,,,
Tourblog,,,,,,
Outback-Sommer,,,,,,
Papunya,,,,,,
Churchill Downs,,,,,,
Greater Sudbury,,,,,,
Kentucky Derbys,,,,,,
Calgary Underground,,,,,,
Cyber-Behörde,,,,,,
Wüste Nevadas,,,,,,
Blau,,,,,,
Titanoberfläche,,,,,,
Stump Lake,,,,,,
Äquator ausbeult,,,,,,
Waldboden,,,,,,
Grundschulkinder,,,,,,
Southern Bastards,,,,,,
Bayes-Yacht,,,,,,
Markt für Dachzelte,,,,,,
Aufzeichnungszeitraum,,,,,,
Madih Talal,,,,,,
Brookeborough,,,,,,
Philippinen…,,,,,,
County Fermanagh,,,,,,
Provinz Nord-Sulawesi,,,,,,
Wiedergeburt,,,,,,
Mount Everest …,,,,,,
Barangay,,,,,,
Laserscans,,,,,,
Trump-Wahn,,,,,,
Truro,,,,,,
Newsmax-Moderatorin,,,,,,
Solodebüt,,,,,,
C-Sulawesi,,,,,,
Cape Agulhas,,,,,,
Santiaguito,,,,,,
Tierheim,,,,,,
New York Times-Beben,,,,,,
Gebiet Nr. 51,,,,,,
Tempo-100-Schilder,,,,,,
Starkes Erdbeben auf den Philippinen,,,,,,
Waldbrandgebiete,,,,,,
Rappenloch,,,,,,
Anti-Waffen-Fonds,,,,,,
Pazifik Brutstätten,,,,,,
Arbeiterkammer,,,,,,
Science-Fiction-Shooter,,,,,,
PhilippinenDas New York Times-Erdbeben,,,,,,
Erdbeben mit Quantencomputern,,,,,,
Erdbeben vor der Küste von Mindanao,,,,,,
Scientology-Zentren,,,,,,
Santos City,,,,,,
Erdbeben vor den Philippinen,,,,,,
Lobo-Softball,,,,,,
Serie-A-Spiel,,,,,,
Lecce,,,,,,
Hitzeerkrankungen,,,,,,
Landgrafenbrücke,,,,,,
Eisblau,,,,,,
Regisseur/ausführenden Produzenten …,,,,,,
Technologiepartnerschaft,,,,,,
West Bandung Regional Disaster Mitigation Agency,,,,,,
Landkreises Yilan,,,,,,
Stadtbezirks Provost,,,,,,
Sorgenfalten,,,,,,
softballgroßen Eisbrocken,,,,,,
Echtzeit-Informationen,,,,,,
"Erdbeben der Stärke M7,8",,,,,,
Thoothukudi,,,,,,
Herkunftsstaat,,,,,,
Taloyoak,,,,,,
Radio City Music Hall,,,,,,
Senatswahlen,,,,,,
Park Record,,,,,,
Varanasi-Wetter,,,,,,
herumgeschubst,,,,,,
Teufelskreises,,,,,,
Walt-Disney-World-Fans,,,,,,
Kaiju-Universum,,,,,,
US-Aktienfonds,,,,,,
Glasscherben,,,,,,
Wanderern,,,,,,
Gjoa Haven,,,,,,
Fachebene,,,,,,
Mantua,,,,,,
Qayutinuak,,,,,,
Gewerbegrundstücken,,,,,,
Minns,,,,,,
Erdbeben vor der Küste Kubas,,,,,,
Offshore-Erdbeben,,,,,,
Minental,,,,,,
Golf vor Kuba,,,,,,
No show de estreia,,,,,,
Bußgeld,,,,,,
Amausi,,,,,,
Jankipuram,,,,,,
Wildlife Highway,,,,,,
Tacoma,,,,,,
MP-Tourismus-Kreuzfahrtschiff,,,,,,
San Timoteo Canyon,,,,,,
Lucknow Met Center,,,,,,
Insel Kuba,,,,,,
Jabalpur,,,,,,
Adıyaman,,,,,,
Bezirk Kahta,,,,,,
Neues Finanzierungspaket,,,,,,
Calimesa,,,,,,
Regen-Hotspots,,,,,,
Wasserdruck,,,,,,
Stromabschaltungen,,,,,,
Gomti Nagar,,,,,,
Poro…,,,,,,
reich,,,,,,
Tirunelveli,,,,,,
Fachleute,,,,,,
Tropischer Sturm Cristina,,,,,,
Pop-Act,,,,,,
Mara,,,,,,
Lärmschutz,,,,,,
Kalamoir Regional Park,,,,,,
"Erdbeben der Stärke 7,8…",,,,,,
Sorrento Valley Boulevard,,,,,,
Gerichtsakten,,,,,,
Pazifiks Tsunamiwellen,,,,,,
Chromosomen,,,,,,
Mega-Blackouts,,,,,,
Erdbeben zu danken,,,,,,
Armeniens Spagat,,,,,,
MADISON,,,,,,
Berg der Zeit,,,,,,
Zwillings-Wirtschafts-Superstürme,,,,,,
Reutlingen-West,,,,,,
Energiekollaps,,,,,,
KI-Arbeitsplätzen,,,,,,
Hyderabad ORR,,,,,,
Tiefkühlware,,,,,,
E3,,,,,,
Gut,,,,,,
Ala,,,,,,
Belagerungszustand,,,,,,
Stadt Mardin,,,,,,
Langsamer Monstersturm,,,,,,
South WaPo,,,,,,
"Klima/Umwelt
",,,,,,
Birke,,,,,,
Ringstraße,,,,,,
Grünlandböden,,,,,,
12-Monats-Zeitraum,,,,,,
Sorrento-Feuer,,,,,,
Tsunami-Entwarnung,,,,,,
Tiger Park,,,,,,
Sorrento-Tal,,,,,,
Bhandup,,,,,,
Vikhroli,,,,,,
Tropensturm vor der Küste,,,,,,
Telefonaufzeichnungen,,,,,,
Tödliches Erdbeben der Stärke,,,,,,
Wellingtons,,,,,,
Cerdeiras House Hotel,,,,,,
Unterwasser-Vulkanausbruch,,,,,,
Prime-Hit,,,,,,
Tiago do Vale Arquitectos,,,,,,
Alto Minho,,,,,,
Schublade,,,,,,
Schneeheiligen,,,,,,
Grand Hotel,,,,,,
Reisebericht,,,,,,
Internet Storm Center,,,,,,
East New Britain,,,,,,
Met Éireann-Warnungen,,,,,,
Koukaki,,,,,,
Karmpreet Kaur Gill,,,,,,
Grand Hotel“,,,,,,
Polizeihund,,,,,,
Fantasy-Saga,,,,,,
körperlange Schilde,,,,,,
Kalt 20 Tim…,,,,,,
Entensuppe,,,,,,
Swope Soccer Village,,,,,,
South Lawn,,,,,,
Hypnotiks,,,,,,
Roadhog,,,,,,
Diablo 4 Lord of Hatred,,,,,,
Live-Service-Nachbrenner,,,,,,
AO Arena,,,,,,
Wismarer Bucht vor Poel,,,,,,
b…,,,,,,
Landkreis Bautzen,,,,,,
Prärieebene,,,,,,
Helene-Trümmer,,,,,,
Georgia Counties,,,,,,
Poolparty,,,,,,
Veröffentlichungstermine,,,,,,
Gewitter D.C.,,,,,,
Lipid-Nanopartikeln,,,,,,
Swalwell,,,,,,
El Niño-Southern Oscillation,,,,,,
Klimamuster,,,,,,
"Erdbeben der Stärke 2,9 am Sonntag",,,,,,
Panvel,,,,,,
Rajmati-Wald,,,,,,
Abschlusszeugnisses für Baustudien,,,,,,
Brewster Green,,,,,,
Erdbeben in der Nähe des Damms,,,,,,
Colorado-Becken,,,,,,
bedrohen,,,,,,
Großglockner Hochalpenstraße,,,,,,
Hochtor,,,,,,
Kolonnade,,,,,,
Hagel-zerstörerischer Windböen,,,,,,
Rice-Eccles Stadium,,,,,,
Fünfjahrestiefs,,,,,,
Dinosaurier,,,,,,
St. Tammany Pari,,,,,,
Coventry,,,,,,
Quantencomputing,,,,,,
Wüstenregionen,,,,,,
Land Rover Range Rover HSE Luxus,,,,,,
Geräten,,,,,,
Waldes,,,,,,
London …,,,,,,
Saturnia-Thermen,,,,,,
Toronto am Sonntag,,,,,,
https://punchng.com/japan-lifts-earthquake-advisory-after-7-7-magnitude-quake/,,,,,,
Bürgergeldempfänger,,,,,,
Prada,,,,,,
Stop-Motion-Animationen,,,,,,
Diablo 4-Erweiterung,,,,,,
Holzhäusern,,,,,,
Land Skovos,,,,,,
Nature Pod,,,,,,
Richtpreis,,,,,,
Auktionatoren,,,,,,
Landkreis Niederbayern,,,,,,
Doppelhauses,,,,,,
Erlös …,,,,,,
SEI,,,,,,
Notfalleinsatz,,,,,,
Hell,,,,,,
Hamner Springs,,,,,,
Podcast-Ausstrahlung,,,,,,
Stellungen,,,,,,
Küchentheke,,,,,,
Erdbeben in,,,,,,
Bergbaudorf,,,,,,
Haus im Dorf,,,,,,
U-Boot-Geschwader 15,,,,,,
Ipanema-Sand,,,,,,
Oskil,,,,,,
E-Bike-Fahrern,,,,,,
Snowy Mountains,,,,,,
Permafrost,,,,,,
Glocknerstraße,,,,,,
Novartis,,,,,,
Lebensbereiche …,,,,,,
Kohlenstoffquellen,,,,,,
Magdeburger Editha-Gymnasium,,,,,,
Biber,,,,,,
One-Timer,,,,,,
Kenvue,,,,,,
Bayer,,,,,,
Neuseelands Whakaari/White Island,,,,,,
Colorado River…,,,,,,
Lawrence Park,,,,,,
Mount Baxter …,,,,,,
Bohrloch hochschoss,,,,,,
El Niño-Auswirkungen,,,,,,
Northwest Avalanche Lacrosse,,,,,,
Ontariosees,,,,,,
Karo Healthcare,,,,,,
Glenmark Pharmaceuticals,,,,,,
Bedrohungslagen,,,,,,
Keltenfürst-Gemeinde Glauburg,,,,,,
Bregenzer Bucht,,,,,,
Mini-Tornado,,,,,,
Church,,,,,,
Porta Stabia,,,,,,
Lindauer Insel,,,,,,
Odyssee Realfilm-Moana,,,,,,
Wort Dastan,,,,,,
Epidermophyton,,,,,,
Balkonfenster,,,,,,
Trichophyton,,,,,,
Antimykotika-Therapien,,,,,,
Sandoz,,,,,,
Finanznot,,,,,,
Teva,,,,,,
Sun Pharma,,,,,,
H/t,,,,,,
Schwefelsee am Boden,,,,,,
Bundesbeamte,,,,,,
Taylor Hall,,,,,,
Aligarh,,,,,,
Washington Hilton Hotel Schüsse,,,,,,
Dürregebiete,,,,,,
Proxy-Handels,,,,,,
Korrespondenten im Weißen Haus,,,,,,
Mikro-Hozuki-Licht,,,,,,
Asylhotel,,,,,,
Dürre-Alarm,,,,,,
Eye-Roller-Studie,,,,,,
Brandschutzbedenken,,,,,,
Forschungsstation Wostok,,,,,,
Nord-Oklahoma,,,,,,
Tauchbecken,,,,,,
Bürgerbehörde,,,,,,
Jakutiens,,,,,,
"Erdbeben der Stärke 5,7 Griechenland",,,,,,
Viki,,,,,,
Ölboom,,,,,,
Säuresee,,,,,,
Carnuntum,,,,,,
schwindelerregender Höhe,,,,,,
Haus in …,,,,,,
Derby-Woche,,,,,,
Hitze-Wende,,,,,,
Milliardengeschäfte,,,,,,
Weinviertel,,,,,,
Betriebsgröße,,,,,,
Mogabiri Farm Extension Center,,,,,,
Tag T-Shirt,,,,,,
Tarime,,,,,,
Lebensunterhalts,,,,,,
Golf heißer,,,,,,
Oklahome,,,,,,
Barry,,,,,,
Layouts,,,,,,
Buckelwal Timmy,,,,,,
Ausweg,,,,,,
Bokhim,,,,,,
Fettstoffwechsel,,,,,,
Hollywood-Königshaus,,,,,,
Walgau,,,,,,
Sargans,,,,,,
Erdbeben in Sargans,,,,,,
Florida los,,,,,,
Regenschäden,,,,,,
Netzausbauten,,,,,,
Haitian Support Center,,,,,,
IND,,,,,,
Bhojpur Municipality-5,,,,,,
Bairagiwala,,,,,,
Bhojpur,,,,,,
Inn at Meadowbrook,,,,,,
Erdbeben in Mindanaonews-ph.churchofjesus…,,,,,,
Washington Hilton,,,,,,
Umweltbedenken,,,,,,
National Green Tribunal,,,,,,
Website-Besitzer,,,,,,
Biopharma-Managergehälter,,,,,,
Nord-Kansas,,,,,,
KI-Freakout,,,,,,
Sparrowhawk,,,,,,
Südjordanland,,,,,,
Stuntman,,,,,,
Straße in Mount St. Helens,,,,,,
LOS ANGELES,,,,,,
Haus kühl,,,,,,
Fanfestivals,,,,,,
Shankar Chowk,,,,,,
Pop-up-Center,,,,,,
Benadryl,,,,,,
Diagonalstreifenpolsterung Platinum/Blizzard,,,,,,
Podcast-Gigant,,,,,,
Chowk,,,,,,
Sands,,,,,,
Buschfeuerwache,,,,,,
Waldbrandkameras,,,,,,
Oklahoma von Dürre,,,,,,
Tripunithura,,,,,,
Mont-Blanc-Massiv,,,,,,
Aamghari,,,,,,
gasarme Kalifornien,,,,,,
Georgias bedrohen,,,,,,
Mamti,,,,,,
Kaladhunga,,,,,,
Capsicum-Arten,,,,,,
Chiuribas,,,,,,
Heisei-Ära,,,,,,
Rimrock LakeKOMO,,,,,,
Sprachnotizen,,,,,,
HT-Korrespondent,,,,,,
Epsom,,,,,,
Stadt Sivasagar,,,,,,
ZDF-Doku,,,,,,
San Franciscos Land’s End,,,,,,
Sklaverei‑Infotafeln,,,,,,
Grenzschutzkommandos,,,,,,
Außenarbeitern,,,,,,
Outdoor-Arbeitern,,,,,,
Newser,,,,,,
Kouts,,,,,,
Kav,,,,,,
Jekaterinburg,,,,,,
Aapghari-Gebiets,,,,,,
Kavrepalanchok-Abschnitts,,,,,,
South Lawn des Weißen Hauses am Sonntag,,,,,,
Regionalbezirk,,,,,,
Vegas Sweep,,,,,,
Bulldozer-Aktion,,,,,,
Newport Beach,,,,,,
Cake Bake Shop,,,,,,
Brot,,,,,,
Firebaugh,,,,,,
Iran-Verhandlungsfälschungen,,,,,,
Nordwest-Missouri,,,,,,
Golgappas,,,,,,
Mega-Beben,,,,,,
Rana Plaza,,,,,,
Sarabetsu,,,,,,
Sonntag Anstrengungen,,,,,,
S-Bahnlinie 3,,,,,,
Tokachi,,,,,,
Starkes Erdbeben am frühen Morgen,,,,,,
South Lawn des Weißen Hauses,,,,,,
Achteck,,,,,,
Friedrichshagen,,,,,,
"Erdbeben der Stärke 6,1 und verheerende Waldbrände",,,,,,
Grabennähe,,,,,,
Tornado-Haufen tosen,,,,,,
EvakuierungenCNBC Waldbrand,,,,,,
Polanskis,,,,,,
Bajto,,,,,,
Riverside Cabin,,,,,,
Erdbeben der Stärke M6.1,,,,,,
Mimosa Architekti,,,,,,
Denkmäler,,,,,,
Stadt Tornado-Sirenen,,,,,,
Schmutzansammlungen,,,,,,
Osuchi,,,,,,
NW Indiana,,,,,,
NW IndianaABC7 Chicago,,,,,,
Landesgericht Steyr,,,,,,
4iiii,,,,,,
Empire State Building,,,,,,
Quecksilbergehalts,,,,,,
Zentralanatolien,,,,,,
Schluchten,,,,,,
Medikamente,,,,,,
Luxus-Zweitwohnungen,,,,,,
Sazava,,,,,,
kleinen Ortes,,,,,,
Winschoterdiep-Kanal,,,,,,
Erdbeben in Türkiye im Jahr 2023,,,,,,
Orust,,,,,,
Salt Lake Valley,,,,,,
Seebodens,,,,,,
Clip-Show,,,,,,
ukrainischen Territorium,,,,,,
Großen Salzsees,,,,,,
Schwarzbesitz,,,,,,
New Mexico Reforestation Center,,,,,,
Südost-Nebraska,,,,,,
rumänische Grenze,,,,,,
Haus von Vagabond Haven,,,,,,
Zentral-/Ost-Kansas,,,,,,
Schweregradskala,,,,,,
Fetești,,,,,,
Saphirblau,,,,,,
Hartkühler,,,,,,
Huseby Klev,,,,,,
Westschweden,,,,,,
Holyrood,,,,,,
Spektrum,,,,,,
Azoren-Insel,,,,,,
Rabatte,,,,,,
Downdetector,,,,,,
Atlantischen Ozean Wärme,,,,,,
Instagram-Berichten,,,,,,
Highway 82,,,,,,
Merrillville,,,,,,
Wohnwagenanhängern,,,,,,
Hebron,,,,,,
Co Down,,,,,,
Schneemanagementstrategien,,,,,,
Morrinsville,,,,,,
rumänisch-ukrainischen Grenze,,,,,,
Reni,,,,,,
San Joaquin Valley,,,,,,
Designstrategien,,,,,,
Boho-Stil,,,,,,
Topaz-Optik,,,,,,
Wut,,,,,,
Amami-Inseln,,,,,,
Müllsammler,,,,,,
Eishölle,,,,,,
Rajasthan-Monsun,,,,,,
verschlimmernden,,,,,,
Katastrophenhilfefonds,,,,,,
Stressszenarien,,,,,,
Marken,,,,,,
Schwanenhals,,,,,,
Palisades-Stausee,,,,,,
Krebserkrankungen,,,,,,
Anwar Hafid,,,,,,
Apple-Ökosystem,,,,,,
Pimicikamak-Chef,,,,,,
Interlake-Region,,,,,,
Teenagern,,,,,,
Evanston,,,,,,
Spielunterbrechungen,,,,,,
Katastrophenhilfsfonds,,,,,,
Wetter-Tipps,,,,,,
Hambacher Wald,,,,,,
Bezirk Vöcklabruck,,,,,,
Erdbeben vor Kuba,,,,,,
San Diego River Park Foundation,,,,,,
Godzilla vs Kong 5-Filme-Bundle,,,,,,
Level 42,,,,,,
San Diego Riverbed,,,,,,
Lake…,,,,,,
Chimney Rock Mountain,,,,,,
Hilltown,,,,,,
Sandbank Road,,,,,,
Mourne Mountain,,,,,,
Blitz-Regeln,,,,,,
Dharamsala,,,,,,
Regierungsstillstands,,,,,,
Orlando Theme,,,,,,
ANTANANARIVO,,,,,,
North York Moors,,,,,,
Eisbahn,,,,,,
Trader-Profi Orkan Kuyas,,,,,,
Wechselstrom,,,,,,
Schlepperverband,,,,,,
Fehmarn,,,,,,
Nationalpark Neusiedler See,,,,,,
Seewinkel/Fertö Hansag,,,,,,
Offensiv-Orkan,,,,,,
Bata,,,,,,
Regenwäldern,,,,,,
Tessiner,,,,,,
Hackern,,,,,,
Keynote-Götter,,,,,,
Kelp,,,,,,
Neskantaga First Nation,,,,,,
Ratenbeschränkungen,,,,,,
tcwindfields,,,,,,
Klempnerarbeiten,,,,,,
Stuhldecke,,,,,,
steckenzubleiben,,,,,,
Orlando-Themenparks,,,,,,
Raps,,,,,,
Dickerson Park Zoo,,,,,,
Tagesspiegel-Recherche,,,,,,
Khumbu-Eisfall,,,,,,
Trades,,,,,,
Western Bay of Plenty,,,,,,
Hartwänden,,,,,,
Sukhnag-Fall,,,,,,
Stadt Palu,,,,,,
Zentral-Sulawesis,,,,,,
Delhi-Regen,,,,,,
Texas Town,,,,,,
Klempnerdienste,,,,,,
Schuppen-und-Juckreiz-Zyklus,,,,,,
Klimaschutzes,,,,,,
<strong,,,,,,
Further Tiny House,,,,,,
Umspannwerk-Brand,,,,,,
Old Bailey,,,,,,
Binnenvertriebene,,,,,,
Photovoltaikanlagen,,,,,,
UN-Leitprinzipien,,,,,,
DLC-Test,,,,,,
Bücherwurm,,,,,,
SHENZHEN,,,,,,
einstach,,,,,,
Meeresruhe,,,,,,
Hohe Zustimmung zu Photovoltaik in Tirol,,,,,,
Aprilschauer,,,,,,
Kometenabsturz,,,,,,
Wisconsin…,,,,,,
Spitzenstrombedarfs,,,,,,
Lassen National Forest,,,,,,
Woodside Houses,,,,,,
Klima-Binnenvertriebene,,,,,,
Mikroben vom Mars,,,,,,
Twist-Modus,,,,,,
schwarze Sand,,,,,,
Ernstfall,,,,,,
Ubiquitin-Proteasom-System,,,,,,
Ghaziabad Regen,,,,,,
Meerestemperaturen,,,,,,
Hitze-Check Mittelmaß“,,,,,,
Öl-Abhängigkeit,,,,,,
Energieagentur Tirol,,,,,,
Tuchels,,,,,,
Rekordkirschernte,,,,,,
Commonwealth der Nördlichen Marianen,,,,,,
Bauernhof Steluţa,,,,,,
Schutzsysteme,,,,,,
Großes Erdbeben in Mindanao,,,,,,
Telefonkabel,,,,,,
Battlegrounds-Fehlerbehebungen,,,,,,
Bootcamp-Baumschulen,,,,,,
Erdbeben der Stärke M5.5,,,,,,
Pachpadra,,,,,,
Offenbach/Friedrichsdorf,,,,,,
San Juan,,,,,,
Luftvideo,,,,,,
Lac La Biche,,,,,,
Old Man,,,,,,
Hardisty,,,,,,
RTW_7639.jpg,,,,,,
Climate Pledge Arena,,,,,,
Puerto Ricos,,,,,,
Netflix Tudum Theater,,,,,,
Freckles“ Brown,,,,,,
Provost,,,,,,
Manus-Chaos,,,,,,
Homo-Ehe,,,,,,
Sonnenstürmen,,,,,,
Nord-Alberta,,,,,,
Erdäpfeln,,,,,,
Ostantarktis,,,,,,
Notfallbehörden,,,,,,
Leitha,,,,,,
B1,,,,,,
Eisberge,,,,,,
Brandbeschleuniger,,,,,,
Bowlern,,,,,,
Kleinfeldfußballspielen,,,,,,
Golf von Alaska Bilderbuchbeispiele,,,,,,
Mitgliedstaaten,,,,,,
Autoverfolgungsmodelle,,,,,,
Wyom,,,,,,
Wasserreservoirs,,,,,,
Greater Vernon Water,,,,,,
Parmarth Niketan,,,,,,
Fahrzeugverfolgungsverhalten,,,,,,
San-Jacinto-Verwerfungen,,,,,,
Linux-Anbieter,,,,,,
Erdbeben des Jahres,,,,,,
Mindanaos,,,,,,
Nordfloridas,,,,,,
Tieren,,,,,,
Gefahrenzonen,,,,,,
Top-Restaurants,,,,,,
Strommast-Spitzen,,,,,,
Physikern,,,,,,
Cerro Torre,,,,,,
Weather.com,,,,,,
Eisfeld,,,,,,
Anthropic-Eigenkapital,,,,,,
Anthropic-Aktien,,,,,,
Cold Springs NY,,,,,,
Hindukusch-Himalaya-Region,,,,,,
Stonecrop Gardens,,,,,,
Tiroler Berge,,,,,,
Arwal,,,,,,
G.I.,,,,,,
marine Hitzewellen,,,,,,
Jehanabad,,,,,,
Südgeorgiens,,,,,,
Morrison,,,,,,
Geschenkeladen,,,,,,
Achäologiepark,,,,,,
Tornado-Taifun-Projekt,,,,,,
Tijuana-Flusses Natur,,,,,,
Costa Rice,,,,,,
Nagar-Nigam-Gebäude,,,,,,
California State Parks Week,,,,,,
Nacht-Morgen-Temperaturen,,,,,,
Herz-Kreislauf-Risiko,,,,,,
Mammutwäldern,,,,,,
Tijuana River National Estuarine Research Reserve,,,,,,
Bergminimalismus,,,,,,
Nordflorida Waldbrände,,,,,,
Schlaganfällen,,,,,,
Proxy-Netzwerke,,,,,,
Riverdale NY,,,,,,
Überschwemmungsmauern,,,,,,
Erdbeben betroffenen Dörfern zu,,,,,,
Lindauer,,,,,,
antarktischen Meereises,,,,,,
Nainital,,,,,,
Tehri,,,,,,
Pauri,,,,,,
Super-Hercules-Flotte,,,,,,
Haridwar,,,,,,
Ost-Zentral-Alberta,,,,,,
polnisch-ukrainische Flitterwochen,,,,,,
UN-Kinderhilfswerks,,,,,,
West-Zentral-Saskatchewan,,,,,,
Demenz,,,,,,
Tiroler Alpen,,,,,,
Down-Syndrom,,,,,,
Stehhöhe,,,,,,
Erdbeben betroffenen Stadt,,,,,,
Kurden,,,,,,
Trigun Legacy Café,,,,,,
Bezirk Nilgiris,,,,,,
Tumakaru,,,,,,
Wave Hill,,,,,,
Hitzegewitter mit Starkregen,,,,,,
Verteidigungsbereich,,,,,,
Vulkanausbruchs,,,,,,
Hitzeindex für Interventionen,,,,,,
Gerichtssaals,,,,,,
San-Andreas-Verwerfungssystems,,,,,,
biprovinzielle Katastrophenplan,,,,,,
Erdbeben in der Hayward-Verwerfung,,,,,,
Chuphal et al.,,,,,,
Stromausfall Reutlingen,,,,,,
Lloydminster-Gebiet,,,,,,
Hauptgegner,,,,,,
Großen Beckens,,,,,,
Unternehmensbeben in Roma,,,,,,
Sept Nains,,,,,,
Lavaproben,,,,,,
Gur…,,,,,,
Verwerfungsnetzwerken,,,,,,
Bohrlöchern,,,,,,
Glucosamin-Demenz-Risiko,,,,,,
Galderma,,,,,,
Gary Linekers,,,,,,
Plastikverbrauchs,,,,,,
Pazifikküste Amerikas,,,,,,
PSG,,,,,,
Rand festsaßen,,,,,,
WM-Quartier,,,,,,
Drop-In-Panel,,,,,,
Aschersleben,,,,,,
Zentral-Michigan,,,,,,
Harford County,,,,,,
Krankmeldungen,,,,,,
Tropfbewässerungsmarkt,,,,,,
Troedrhiwfuwch,,,,,,
Camrose,,,,,,
Kleinunternehmern,,,,,,
Nachbebens,,,,,,
Schiri,,,,,,
Ojibway-Gemeinde,,,,,,
Madhya,,,,,,
Weather Channel,,,,,,
Rolle von Brotkörben,,,,,,
Westbengals,,,,,,
Wintersturm Uri,,,,,,
Bimire Bhanjyang,,,,,,
Männern,,,,,,
Kentucky Derby-Wochenende,,,,,,
Roshi-Fluss hinweggeschwemmt,,,,,,
Wals,,,,,,
Wal,,,,,,
Wal-Rettung,,,,,,
Battle River Basin,,,,,,
Prinzenpark,,,,,,
Chapoli,,,,,,
Kundenakquise,,,,,,
Inkasso,,,,,,
Golfplätze,,,,,,
Wespen,,,,,,
St. Andrews,,,,,,
Anbumani,,,,,,
Indiens Hitzewelle,,,,,,
Buchungen,,,,,,
Roma,,,,,,
Bergstationen,,,,,,
Canacona,,,,,,
Ranieri,,,,,,
Nachschlag,,,,,,
Grauens,,,,,,
Chapoli-Stausee,,,,,,
La Chaumière,,,,,,
Ökostrom,,,,,,
Allrad-Scheibenbremsen,,,,,,
Baumsterben,,,,,,
Regenwasseraufbereitungsanlagen,,,,,,
Bel Air,,,,,,
Polo-Modus,,,,,,
Gotthard-Massiv,,,,,,
Flüelen,,,,,,
Stadt Gatineau,,,,,,
Parc des Princes,,,,,,
Sisikon,,,,,,
DENISON,,,,,,
Gewerbegebäuden,,,,,,
Nuestro Derecho,,,,,,
El Cielo Es Nuestro y La Migración,,,,,,
Amazon-Fundstücke,,,,,,
Dreijährige,,,,,,
Sommerflut,,,,,,
Comcast,,,,,,
Donnerstag Gemeinden,,,,,,
Auftakt,,,,,,
Zukunftswaldes,,,,,,
Met-Abt,,,,,,
afrikanischen Land,,,,,,
Notfallprobleme,,,,,,
Best-Case-Szenario,,,,,,
Alappuzha,,,,,,
Pathanamthitta,,,,,,
Arun Jaitley Stadium,,,,,,
Regina,,,,,,
Key Lake-Werk,,,,,,
CADR,,,,,,
DNA,,,,,,
Coway Airmega 350,,,,,,
Talarico,,,,,,
Peshawar,,,,,,
Typhoon FGR4,,,,,,
Yangwarak-1,,,,,,
ausstecken,,,,,,
Winsen/L.,,,,,,
Rajendra Khaling Rai,,,,,,
O-day'min Park Pavilion,,,,,,
’min Park,,,,,,
Hagel-Sturm,,,,,,
Rangitīkei,,,,,,
Evakuierungsplänen,,,,,,
Hochwasserdämme,,,,,,
Pompeji-Opfer,,,,,,
Theaterpädagogikzentrum,,,,,,
TV-Mutter,,,,,,
Flughafen Shannon,,,,,,
Mina,,,,,,
herumgeschickt,,,,,,
Berliner Ostbahnhof,,,,,,
North Lawn,,,,,,
Smoky Mountains,,,,,,
Dollywood,,,,,,
MinnesotaStar Tribune,,,,,,
Freibadsaison,,,,,,
Bhagalpurs Naugachia,,,,,,
Crow Wing County 600 Acres,,,,,,
Erreger,,,,,,
bestehenMPR News,,,,,,
Crocs,,,,,,
Brighton Beach,,,,,,
Starkregen“,,,,,,
Blitzsturm,,,,,,
Andalo,,,,,,
Abenteuer-Golf,,,,,,
Warehouse Campus-Viertel,,,,,,
Bucks County,,,,,,
Viertels von …,,,,,,
Sonntag aufklart,,,,,,
Freien Nehmer-Qualitäten,,,,,,
Bergflocken“,,,,,,
Manitoban,,,,,,
Zeit,,,,,,
englischen Land,,,,,,
Wrestling-System,,,,,,
Windel-Granulat,,,,,,
Recklinghausen,,,,,,
Blumentopf,,,,,,
Notsturm,,,,,,
Erdbeben der Stärke M6.3,,,,,,
Zehn Todesfälle,,,,,,
UN,,,,,,
Tränen-Interview,,,,,,
Notfallbeamte,,,,,,
Erdbeben Zuschüsse,,,,,,
Südburgenland Gewitter,,,,,,
Sandwich-Leute,,,,,,
Hausbrand,,,,,,
French-Open-Titel,,,,,,
Lipulekh-Pass,,,,,,
Mount Everest -,,,,,,
Malediven,,,,,,
County Championship-Spiels,,,,,,
Atlantische Hurrikansaison,,,,,,
Frankfurter Pyro-Aktion,,,,,,
Titan-Schwarz-Kunstleder,,,,,,
Ponte Vedra Beach,,,,,,
US-Landschaften,,,,,,
Lärmpegel,,,,,,
Südoststeiermark,,,,,,
Straden,,,,,,
Worcestershire,,,,,,
Beni–Jomsom Road,,,,,,
Hamburg Airport,,,,,,
Hilsa,,,,,,
Lancs,,,,,,
Ranfurly House,,,,,,
Hill of the O'Neill,,,,,,
Mahama,,,,,,
Diablo IV-Jubiläumsevent,,,,,,
Lawine rauscht,,,,,,
Landkorridore,,,,,,
Vaavu-Atoll,,,,,,
Oscar-Hammerstein-Museum,,,,,,
Doylestown,,,,,,
Preises des Ausgangsmaterials,,,,,,
Kwara,,,,,,
Euphrat-Flusses,,,,,,
Höhle von Laos,,,,,,
Wirt-Pathogen-Assoziationen,,,,,,
Host-Virus-Assoziationsdatenbanken,,,,,,
Regensburg an der Donau,,,,,,
Piura,,,,,,
Iquitos,,,,,,
Dengue-Impfstoffen,,,,,,
Anambra,,,,,,
Brachttal,,,,,,
Ogidi,,,,,,
Bad Homburg,,,,,,
Ifite-Awka,,,,,,
Flughafen Sydney,,,,,,
Ruby Tiny House,,,,,,
Massenverzögerungen,,,,,,
Familienfreundliches Tiny House,,,,,,
Trockenheit Österreichs Wirtschaftsstandort,,,,,,
"STADT
",,,,,,
Reisen am Boden,,,,,,
Freel Peak,,,,,,
Erosionsschutzdämme,,,,,,
Br…,,,,,,
schaut./images/ai-jobs-tiny-sliver.webp/images/ai-jobs-tiny-sliver.webp,,,,,,
Gebirgsketten,,,,,,
Bildverarbeitungslabor des JPL,,,,,,
Ostukraine,,,,,,
Dengue-Inzidenz,,,,,,
Straße des Lebens“,,,,,,
Daressalam,,,,,,
Zika,,,,,,
Uni Potsdam,,,,,,
Hohen Fürleg,,,,,,
Tylertown,,,,,,
Amt des indischen Premierministers,,,,,,
Haus dem Erdboden,,,,,,
Storchennest,,,,,,
InventHelfen,,,,,,
Flughafen Noto Satoyama,,,,,,
Yearn,,,,,,
Bretagne,,,,,,
Erdbeben am Ballhausplatz,,,,,,
Küstenabschnitten,,,,,,
Omaha,,,,,,
Howard County,,,,,,
Bundesstraße Ilorin–Igbeti,,,,,,
Upper Baisari,,,,,,
Wetterdiensts Met Office,,,,,,
Raghug,,,,,,
Veterinärpharmazeutika,,,,,,
Therapeutika,,,,,,
US-Hausbesitzer,,,,,,
Iraola,,,,,,
Rivalität,,,,,,
Hitzewellen-Notfall,,,,,,
Sägewerke,,,,,,
Entwässerungsproblem,,,,,,
Geschlägertes Holz,,,,,,
Two Harbors Waldbrände,,,,,,
Bewuchs,,,,,,
Dresdner Heide,,,,,,
Florida Veterinary Study,,,,,,
Hotelzimmer,,,,,,
ChinasAOL.com 3,,,,,,
einReuters Hongkong,,,,,,
Autonomen Gebiet Guangxi der Zhuang,,,,,,
Bezirk Liunan,,,,,,
Erdbeben im Südwesten Chinas,,,,,,
Strandtag,,,,,,
Tag am Strand,,,,,,
Bankpfändungen,,,,,,
https://punchng.com/5-2-magnitude-quake-kills-pair-in-south-china/,,,,,,
Parasitiziden,,,,,,
Nachfrage,,,,,,
Moro-Brücke,,,,,,
Kosslick,,,,,,
Kwara-Brücke,,,,,,
Oldboy-Fans,,,,,,
Pfostenrahmenbauten,,,,,,
Regelungen,,,,,,
Handlungsbedarf,,,,,,
Colorados Playoff-Lauf,,,,,,
Merediths,,,,,,
Lake Rouge,,,,,,
Erdbeben in Südchina“,,,,,,
Hybrid-Fahrzeuge,,,,,,
Londoner U-Bahn,,,,,,
Euphrat,,,,,,
Bezirk Bürgerinnen,,,,,,
in­nen,,,,,,
Behältern,,,,,,
Longdong,,,,,,
Klimafragen,,,,,,
Kübelpflanzen,,,,,,
Mahasamund,,,,,,
CG,,,,,,
Tatra-Gebirge,,,,,,
Rückenmarksschäden,,,,,,
Feuerwehreinsätze,,,,,,
Kuskokwim River,,,,,,
Frühlingsschmelze,,,,,,
gefährliche Ausmaße,,,,,,
hier.</li,,,,,,
vorstellen</li,,,,,,
Küstenstraßen,,,,,,
Bahnhöfen,,,,,,
Ibeju-Lekki,,,,,,
London Stadium,,,,,,
Stratford,,,,,,
HC,,,,,,
Oberste Gericht von Madras,,,,,,
Chikkanagounden Kanmoi,,,,,,
Veppampatti,,,,,,
Ohrenschmalz,,,,,,
Sea-to-Sky,,,,,,
Fryer Hill,,,,,,
Parkstandorte,,,,,,
B.C.-Inseln,,,,,,
Leadville,,,,,,
West-Finale,,,,,,
Flughafen Delhi IGI,,,,,,
Vegas-Anaheim-Gewinner,,,,,,
Fischerdörfern,,,,,,
Callander,,,,,,
Stirling,,,,,,
Mai Netzausfälle,,,,,,
Guadalupe,,,,,,
Grand Lake Reservoir,,,,,,
Deer Lake,,,,,,
Befreiung,,,,,,
Tsunamiwelle,,,,,,
Nonstop-Flüge,,,,,,
Höhle in Laos,,,,,,
Erdbeben erschüttern Utah,,,,,,
tiefblaue Meer,,,,,,
Darktrace-Bericht,,,,,,
Sant Ravidas Nagar,,,,,,
Schwarzmeerküste,,,,,,
Fervo,,,,,,
hohen Wasserständen,,,,,,
Live-Online-Stream,,,,,,
Orontes,,,,,,
Avalanche-Comeback,,,,,,
Unterkörperverletzungen,,,,,,
Webcomic-Gigant,,,,,,
Orgy Dome,,,,,,
Nebeltröpfchen,,,,,,
RBA,,,,,,
Matatirtha,,,,,,
Delaware River,,,,,,
Dachmaterialmarkt,,,,,,
Unwetter-Warnung,,,,,,
Champions-League-Finale,,,,,,
Bahnverkehr,,,,,,
AfD-Aufwind,,,,,,
Car Street,,,,,,
Attavar,,,,,,
Stadt Sturzfluten,,,,,,
Gases,,,,,,
Diablo 4-Spieler,,,,,,
schwülwarmer,,,,,,
Rajasthans Churu,,,,,,
Bezirk Churu,,,,,,
Pambamarca-Hügel,,,,,,
Materialbeschränkung,,,,,,
Hormus,,,,,,
MI,,,,,,
Hochbeeten,,,,,,
Blake,,,,,,
Stankoven,,,,,,
Unwetter-Etappe,,,,,,
Void Age Bootstrap-Protokoll,,,,,,
Tröpfchen,,,,,,
Euphrat-Hochwasser,,,,,,
Flusses Euphrat,,,,,,
Seaside,,,,,,
Cerebras,,,,,,
First Nation,,,,,,
Erdbeben um 5:01 Uhr,,,,,,
Bismarckmeer,,,,,,
Steroiden,,,,,,
Tagen der Hitze,,,,,,
Spanier Arrieta,,,,,,
Make-up-Look,,,,,,
Monaco,,,,,,
Martinook,,,,,,
Elite-Vision,,,,,,
Budaun,,,,,,
Bhadohi,,,,,,
Aho,,,,,,
regennassen Straße,,,,,,
Giro-Etappe,,,,,,
Bracklinn,,,,,,
Spitzmaulnashorn Zuri,,,,,,
Koproduktion,,,,,,
Zulu-Kultur,,,,,,
Zillertaler Stilluptal,,,,,,
Feuerwehreinsatz,,,,,,
P-,,,,,,
Western Conference-Finale,,,,,,
Hutton,,,,,,
Sri Ganganagar,,,,,,
Nordinseln,,,,,,
Lemieux,,,,,,
1995–96,,,,,,
Dowd,,,,,,
Barrhead County,,,,,,
Nopiming Provincial Park,,,,,,
Bosa-Brüder,,,,,,
Stanley-Cup-Playoffs,,,,,,
Wetter』を5月15日(金)より公式オンラインストアにて受注開始.,,,,,,
ファニー)Kind,,,,,,
T-Shirts Ski,,,,,,
Spider-Noir,,,,,,
Bundesstaat Kaduna,,,,,,
Red Deer,,,,,,
Temperaturwechsel,,,,,,
Wechselstromservice,,,,,,
Süd-Arizona,,,,,,
Hausinvestition,,,,,,
Autobahn 66,,,,,,
Ash-Leder,,,,,,
Baggersee,,,,,,
Kernkraftwerke in…,,,,,,
Frühjahrsaussaat,,,,,,
Hurrikan-Trends,,,,,,
Klimawandel an der Küste,,,,,,
Donnerstag Regen,,,,,,
Lavina,,,,,,
Schlüchtern,,,,,,
Bergleuten,,,,,,
Brückentag in Bayern,,,,,,
Sijunjung,,,,,,
Mora,,,,,,
Compliance-Lücken,,,,,,
Ehrengast Bulgarien,,,,,,
Bezirk Hermagor,,,,,,
Bad Bleiberg,,,,,,
Schuldzuweisungsartikeln,,,,,,
Saisonhöchstwert,,,,,,
Marsäquators,,,,,,
Chino Hills,,,,,,
Hausruckviertel,,,,,,
Freien am Freitag,,,,,,
Stormont,,,,,,
Baden in Baggerseen,,,,,,
Blitz-Hagel,,,,,,
Unfallserie,,,,,,
Nashville Superspeedway,,,,,,
Flughafens Delhi,,,,,,
Land Rover Range Rover SVAutobiography LWB,,,,,,
Melksham,,,,,,
Auffangbecken,,,,,,
Kreuz Schwerin,,,,,,
Wettersysteme,,,,,,
Eastern Cape,,,,,,
NiMet-Alarm,,,,,,
Grafschaft Barrhead,,,,,,
Ernährungsberaterin,,,,,,
Littleton,,,,,,
Rückschlägen,,,,,,
San Siro,,,,,,
Parkhead Club,,,,,,
Genialität,,,,,,
Berghäuser,,,,,,
Autobahn 24,,,,,,
Lusi-Schlammvulkans,,,,,,
Spas,,,,,,
Kalambo Falls,,,,,,
Meer an der Ostküste,,,,,,
Titelseiten,,,,,,
Feuermelder,,,,,,
Westminster-Tag,,,,,,
Zugwaggon,,,,,,
Bereiche,,,,,,
Kernschmelzen,,,,,,
Regimewechsel,,,,,,
Sambia,,,,,,
Kreis Aurich,,,,,,
Kirill Kaprizovs,,,,,,
Großefehn,,,,,,
Wiesmoor,,,,,,
Schädling,,,,,,
Eigentumswohnungsmarkt,,,,,,
Warum Georgia-,,,,,,
Clemson-Fans,,,,,,
Echtzeit-Einblick,,,,,,
Kirill,,,,,,
Haus“,,,,,,
schneller,,,,,,
Kokrajhar,,,,,,
Overwatch-Event,,,,,,
Mährobotern,,,,,,
Schlittschuh,,,,,,
Kaderwechsel,,,,,,
Juniper Springs Road,,,,,,
Verona Road,,,,,,
Doubleheader,,,,,,
Great American Ball Park,,,,,,
Wale,,,,,,
Hitzesignaturen,,,,,,
Walschlägen,,,,,,
EpiCooler-Betrug,,,,,,
Walsterben,,,,,,
Gittern,,,,,,
Spurs-Thunder,,,,,,
Avalanche-Golden,,,,,,
Mabushi,,,,,,
Wasserfall,,,,,,
Mount Andromeda,,,,,,
Athabasca-Gletscher,,,,,,
Frisco,,,,,,
Erdbeben in Kopenhagen,,,,,,
Absatzvolumen,,,,,,
Rainout,,,,,,
US-Konservativen,,,,,,
Key-Largo-Waldratte,,,,,,
Hillsboro,,,,,,
Pilz,,,,,,
Sinkhole,,,,,,
Supervulkans,,,,,,
Phlegräischen Felder,,,,,,
Adern,,,,,,
East Port L’Hebert,,,,,,
Batman,,,,,,
Autobahn Gokak-Sankeshwar,,,,,,
Terra-Leder,,,,,,
Starbucks-Filialen,,,,,,
Conference-Finale,,,,,,
Privathaushalte,,,,,,
Kaushambi,,,,,,
Ägypten Erdbeben,,,,,,
Geräusche“,,,,,,
Matchitmoodus,,,,,,
Motorgrundplatte,,,,,,
Moodus,,,,,,
Wasserpumpe,,,,,,
Reifens …,,,,,,
Santa Susana Field Laboratory,,,,,,
Sandy-Feuer,,,,,,
Reagans,,,,,,
Yangwarak,,,,,,
Ausnahmefällen,,,,,,
Risiko von Waldbränden,,,,,,
Mieter,,,,,,
Yeşilırmak-Fluss Befürchtungen,,,,,,
absurd,,,,,,
Westnepals,,,,,,
Stadt Feldkirch,,,,,,
Baden‑Württemberg,,,,,,
Kunststoff-Aufbewahrungsbox,,,,,,
Met-Éireann-Kriterien,,,,,,
Bridge House,,,,,,
Wallmakers,,,,,,
Stuttgarter Landtag,,,,,,
Bezirk Friedrichshain-Kreuzberg,,,,,,
East Side Gallery,,,,,,
San L…,,,,,,
Kubicki,,,,,,
Ica-Region,,,,,,
Pampa de Tate,,,,,,
Malatya,,,,,,
Hanalei,,,,,,
Internetkabeln,,,,,,
Miyamas,,,,,,
Bezirk Kitamura,,,,,,
D…,,,,,,
KITT-Stil,,,,,,
Dobhane Stream,,,,,,
Tamor River,,,,,,
Santa Rosa Island Fire,,,,,,
Ebola,,,,,,
Mid-Hill H…,,,,,,
Schuldenpartei,,,,,,
Petra Nemcova,,,,,,
New Jersey American Water,,,,,,
Schuldenhurrikans,,,,,,
Miyama,,,,,,
Frost-Lich-Nekromant,,,,,,
Knicks-Cavs,,,,,,
Kurzurlaube am Campingplatz,,,,,,
Ple…,,,,,,
Abgeordnetensitz,,,,,,
Alpenrhein,,,,,,
Dauercamping,,,,,,
Staat…,,,,,,
Nachbarn Deutschland,,,,,,
Sporefall-Raid,,,,,,
Rotmire,,,,,,
Zentrallaos,,,,,,
Kühlbedarf,,,,,,
Zelltherapien,,,,,,
Bain,,,,,,
Plastikkoffer,,,,,,
Ölmarkt,,,,,,
US-Rohölvorräte,,,,,,
Darfur,,,,,,
Amerikas Stadt,,,,,,
Vorläufige Straße,,,,,,
dreistufiger,,,,,,
Murray-Darling-Beckens,,,,,,
Gonorrhoe,,,,,,
Chlamydien,,,,,,
Hitzeschockfaktors,,,,,,
Canadian Hurricane Center,,,,,,
Outdoor-Kunstzentrums,,,,,,
Syphilis,,,,,,
Gas-Fracking,,,,,,
Kimberley-Region von WA,,,,,,
Sandy-Brands,,,,,,
Panikmodus,,,,,,
Hell10,,,,,,
Stauffer Park,,,,,,
verfügten.“ScienceAlert-Geschichten,,,,,,
Promi-Ernährungswissenschaftler,,,,,,
PackEx USA,,,,,,
Badenova-Gruppe,,,,,,
Urheberrechtsverfahrens,,,,,,
Moray,,,,,,
Hardtop,,,,,,
Panorama-Glasdach,,,,,,
Großen Pyramide Ägyptens,,,,,,
Hitzespitzen in der Stadt,,,,,,
Zoos,,,,,,
brutzelnd,,,,,,
Kinderzimmer,,,,,,
Dienstag weht,,,,,,
Marianna,,,,,,
Miska,,,,,,
Landes nasse,,,,,,
Distrikt Banda,,,,,,
Roswell Air Center,,,,,,
Sierra Blanca,,,,,,
Brücke herabstürzten,,,,,,
Ribbonwood Road,,,,,,
Boulevard-Gebiet,,,,,,
Generalchirurg,,,,,,
Memorial-Day-Wochenende,,,,,,
Wandertod,,,,,,
West End,,,,,,
Liu,,,,,,
M.,,,,,,
Timmins,,,,,,
BAKU,,,,,,
Erdbeben im Gebiet des Supervulkans,,,,,,
Colorado-Lawine,,,,,,
Kanareninsel,,,,,,
Microburst-Sturm,,,,,,
Parfums,,,,,,
Cumbre Vieja,,,,,,
Srinagar-Bandipora,,,,,,
Höchsttemperatur,,,,,,
Kärntner Lesachtal,,,,,,
Korona,,,,,,
Höhlen-Raves,,,,,,
Kardashian-Villen,,,,,,
Outdoor-Community,,,,,,
HOCHSAISON,,,,,,
Krakau,,,,,,
Bootsrampe Pilot Bay,,,,,,
Orgrimmar,,,,,,
diesiger,,,,,,
Goodall,,,,,,
J.,,,,,,
Spürst du,,,,,,
Hochschulen,,,,,,
Rindfleisch,,,,,,
Asthmaanfälle,,,,,,
Mailänder,,,,,,
Columbia-Absolventin,,,,,,
Wochenendreisen,,,,,,
Timsbury,,,,,,
Rekordniveau,,,,,,
Stockbridge Road,,,,,,
Hypothekenverträgen,,,,,,
Gillen,,,,,,
Romsey,,,,,,
Simbach am Inn,,,,,,
RAINMUMBAI,,,,,,
Online-Wahlkampfs,,,,,,
Man Desh,,,,,,
Erdbeben reißt Menschen,,,,,,
Südschwedens,,,,,,
Seidenbaumwollbäume,,,,,,
El Gemayel,,,,,,
Weckruf,,,,,,
Deutschlands Böden,,,,,,
Vereinigte Königreich am Montag,,,,,,
SANS Internet Storm Center,,,,,,
Provinz Xaisomboun,,,,,,
Finkbine-Golfplatz,,,,,,
Sahara-Wüste,,,,,,
Morrill Fire,,,,,,
Bismarcksee,,,,,,
Nakba,,,,,,
Jerusalem-Tag,,,,,,
Wasserkraftwerk Batang Toru,,,,,,
Wettbewerbs,,,,,,
Sumatera,,,,,,
Minister für Energie und Bodenschätze,,,,,,
Beltway Beatdown,,,,,,
Mistral AI,,,,,,
Open-Weights-Labor,,,,,,
Höchstbietende,,,,,,
GARDEN GROVE,,,,,,
Meteorology,,,,,,
Echo-Protokoll,,,,,,
Chemiekatastrophe,,,,,,
Ange,,,,,,
Administratorschlüsseln,,,,,,
Berlins City,,,,,,
Ku’damm,,,,,,
Bahnhof Zoo,,,,,,
7-Eleven,,,,,,
Energieminister,,,,,,
Pünktchen,,,,,,
Torlinie,,,,,,
kalten,,,,,,
Ebola-Fällen,,,,,,
Ventura County…,,,,,,
Haus der Erde,,,,,,
Paradieses,,,,,,
Inc,,,,,,
Rotterdamer Innenstadt,,,,,,
City West,,,,,,
Muskauer Heide,,,,,,
Sieg,,,,,,
ChongqingReuters,,,,,,
Regenschirm,,,,,,
Pickup-Truck-Transport…,,,,,,
Sonnenhut,,,,,,
Dumfries,,,,,,
Elektronen,,,,,,
Flusses Severn Fischfallen,,,,,,
Erde Sonnenstürme,,,,,,
Meer …,,,,,,
Port of Dover Travel,,,,,,
Wassers auf der Erde,,,,,,
Bewässerungshilfen,,,,,,
DUP-Chef,,,,,,
Kenley,,,,,,
Ronald Reagan Presidential Library and Museum,,,,,,
Premium-Bewässerungssysteme,,,,,,
Haus…,,,,,,
Xinchang,,,,,,
Katastrophenszenario,,,,,,
Durchschummeln,,,,,,
Ruud,,,,,,
Lys,,,,,,
hinabstürzt,,,,,,
Świątek,,,,,,
Zverev,,,,,,
Jülich,,,,,,
Liverpool aufLiverpool,,,,,,
Dachsteingletscher,,,,,,
Feelfunn,,,,,,
Dhubri,,,,,,
Bongaigaon,,,,,,
Stoffwechsel,,,,,,
Zeiten</li><li,,,,,,
Krankheitsbedrohungen,,,,,,
Iran-Konflikt,,,,,,
Antarktis Schnee,,,,,,
South-Slave-Region,,,,,,
Steinbruchkontrollen,,,,,,
Storm-2949,,,,,,
Strom-Ausfall,,,,,,
Whipple-Kompressor,,,,,,
festgehangen,,,,,,
Rettungsschwimmersaison,,,,,,
Islamic Center of San Diego,,,,,,
Forscher Eiskerne,,,,,,
Buschbrand,,,,,,
Berichterstattung,,,,,,
Arbeitsministerium,,,,,,
Lincoln National Forest,,,,,,
Instagram-Hype,,,,,,
Capitan Mountains,,,,,,
Klimasystems,,,,,,
Autoschaden,,,,,,
Bagdad,,,,,,
Nadschaf,,,,,,
World Space Congress,,,,,,
Perth Hills,,,,,,
TwistedSifter,,,,,,
Amazone,,,,,,
Simi Valley-Gebiet,,,,,,
Sturmart,,,,,,
Klassenzimmern,,,,,,
Big IslandBig Island,,,,,,
Trink Wasser,,,,,,
Brantford,,,,,,
Outback von Südafrika,,,,,,
Nonstop-Flügen,,,,,,
Lake Tahoe-Fans,,,,,,
Jagawa,,,,,,
Yangwarak Rural Municipality,,,,,,
Panchthar district have been displaced after continuous rainfall triggered landslides,,,,,,
Nachwachsens,,,,,,
Santa Cruz County,,,,,,
Mid Valley,,,,,,
California Highway 1,,,,,,
Mädchen-Klasse-2A-Treffen am …,,,,,,
Extremszenarien,,,,,,
Western Visayas,,,,,,
Thousand Oaks,,,,,,
Vorstädten,,,,,,
Faschaunereck,,,,,,
Arenal,,,,,,
Vulkans Arenal,,,,,,
Hurrikanvorhersagen,,,,,,
Vereinigten Staaten …,,,,,,
Hōnaunau-Nāpōʻopoʻo,,,,,,
Gemini,,,,,,
Amarillo,,,,,,
Front Office,,,,,,
Texas-Stürme,,,,,,
Hanau,,,,,,
Live-Infrastruktur,,,,,,
Verletzungsstatus von Cale Makar,,,,,,
Rock Ridge,,,,,,
Bundesstaat Rivers,,,,,,
Benin-Stadt,,,,,,
Coca-Cola 600,,,,,,
Shotgun House,,,,,,
Sandy Fire,,,,,,
Bezirk…,,,,,,
Chankheli-5,,,,,,
Chankheli,,,,,,
Charlotte Motor Speedway,,,,,,
Amami,,,,,,
Südiran,,,,,,
Brutplatz,,,,,,
Gebäudeeinsturz,,,,,,
Hakodate,,,,,,
Seattle-Verwerfungszone,,,,,,
Clearwater County Fortschritte,,,,,,
Notfallalarm,,,,,,
Tharsis-Region,,,,,,
Pawnee County,,,,,,
Expertenrat,,,,,,
Ping-Pong-Größe,,,,,,
Erde Blähungen,,,,,,
Pagan-Vulkan,,,,,,
Oppy,,,,,,
Moho-Tiefen,,,,,,
Schadcode,,,,,,
Dürre-Schäden,,,,,,
Deutscher Wald,,,,,,
Live-Statistiken,,,,,,
SAN CLEMENTE,,,,,,
Großen Moschee,,,,,,
Berliner Stromnetzes,,,,,,
Mekka,,,,,,
Superstar-Center,,,,,,
Alten Ägypter,,,,,,
James-Wilson Provincial Recreation Area,,,,,,
LASG,,,,,,
Gerlach,,,,,,
Erdbeben im See Genezareth,,,,,,
großen Präsidentenparty,,,,,,
Covingtons,,,,,,
Anti-Aging-Trends,,,,,,
High-End-Kliniken,,,,,,
Stadt Guwahati,,,,,,
Wellness-Feeds,,,,,,
Codell,,,,,,
hohen UV-Werten,,,,,,
Maharashtras Brahmapuri,,,,,,
Kilogramms,,,,,,
Knicks-Superfan,,,,,,
Meters,,,,,,
Koppel,,,,,,
See Genezareth,,,,,,
Mallee,,,,,,
Riverland,,,,,,
pazifischen Meer,,,,,,
UN-Bericht,,,,,,
Kaladar,,,,,,
Wasserwege,,,,,,
Lot 19,,,,,,
Volcano Red,,,,,,
Maiwochenende,,,,,,
Taoiseach-Chef,,,,,,
Atlas-Feuer,,,,,,
Mercalli Skala,,,,,,
Erdbeben 1976,,,,,,
Karnische Alpen,,,,,,
Bewässerungsgeräte,,,,,,
Napa County,,,,,,
Kölner Oper,,,,,,
Rohstoffkosten,,,,,,
Golf in Indien,,,,,,
Nagetierbefall,,,,,,
Trockenfrüchten,,,,,,
Mittlere Unstrut,,,,,,
Nordhausen,,,,,,
Anglotopia-Podcast,,,,,,
Erdbeben an der Ostküste,,,,,,
sahi se patti hogi“,,,,,,
Rucksack-Steppdecke,,,,,,
Therm-a-Rest Vesper,,,,,,
ICE-Mitarbeiter,,,,,,
London los,,,,,,
Stadt los,,,,,,
GARDEN CITY,,,,,,
Katastrophenschutz-Leuchttürme,,,,,,
Covid,,,,,,
Erdbeben: Bayern,,,,,,
Resource-Agents,,,,,,
Image-Builder,,,,,,
Vordergrund,,,,,,
Firmengründungen,,,,,,
Zeltdach,,,,,,
Tourismusbranche,,,,,,
Gesundheitskrise,,,,,,
Kanada-Pavillons,,,,,,
Podium der Top-Torschützen,,,,,,
Kreis Alzey-Worms“,,,,,,
Big 3,,,,,,
Tongas,,,,,,
Elementarschutz,,,,,,
Lepaul,,,,,,
Wartezeiten,,,,,,
Glen Canyon,,,,,,
Spielverderber,,,,,,
Good Lake,,,,,,
San Francisco“,,,,,,
Schockvideo,,,,,,
abschwört,,,,,,
windig-kühl,,,,,,
Kadambari,,,,,,
Lucknow Metro,,,,,,
kühle Stadt,,,,,,
Steam-Bewertungsergebnissen,,,,,,
Kraftwerke,,,,,,
Abwasserausfall,,,,,,
Bogor,,,,,,
Brachvogel-Eier,,,,,,
Freizeitpark,,,,,,
Dollywood-Schutzgebiet,,,,,,
Nordseeinsel,,,,,,
Umwelthilfe,,,,,,
Getränken,,,,,,
Gasbohrungen,,,,,,
Göttingen,,,,,,
Preiserhöhungen,,,,,,
Öl,,,,,,
Ballaststoffen,,,,,,
Alm,,,,,,
Landwirtschaftssek,,,,,,
Hektar kommunales Land,,,,,,
Melkständen,,,,,,
Luftproben,,,,,,
Weiße Haus von Trump,,,,,,
Dulzura,,,,,,
Flugbehinderungen,,,,,,
https://punchng.com/rainstorm-kills-two-ravages-50-kaduna-homes/,,,,,,
Jay Peak Resort,,,,,,
Umfrageergebnissen,,,,,,
Minnesota Wild,,,,,,
Vertrauenslücke,,,,,,
Hawaiʻi-Volcanoes-Nationalpark,,,,,,
Kulturerbe-Sektor,,,,,,
Galaxienmaßstab,,,,,,
Comeback-Budget,,,,,,
Getriebes,,,,,,
Chikun,,,,,,
Marron Valley Road,,,,,,
Landwirte,,,,,,
Dienstagmittagsausgabe…,,,,,,
Tahara,,,,,,
Rogersville,,,,,,
Autobahn 48,,,,,,
Präfektur Aichi,,,,,,
Kaifenheim,,,,,,
Border 6 Fire,,,,,,
AQI,,,,,,
Kindberg,,,,,,
Pushpas,,,,,,
Osbuild-Composer,,,,,,
Bamako,,,,,,
La Ola,,,,,,
Adam’s Cove,,,,,,
Acht,,,,,,
südafrikanische Regierung,,,,,,
Kismayo,,,,,,
Starkregen ,,,,,,
Königen,,,,,,
Gerichtssälen,,,,,,
Bezirk Mustang,,,,,,
Messe Interschutz,,,,,,
Nordpazifikhoch,,,,,,
Salzwasser,,,,,,
Viktorianer erwachen,,,,,,
Hella-Zusatzscheinwerfern,,,,,,
Neuheiten,,,,,,
Zirkon,,,,,,
Rekordschneefällen,,,,,,
Südalaska,,,,,,
Nutrien,,,,,,
Nvidia-CPU,,,,,,
Hardware-D&uuml;rre,,,,,,
WM-Spielstätte,,,,,,
Monterrey,,,,,,
Alaska Wasser,,,,,,
Morris,,,,,,
Calabar South LGA,,,,,,
Bundesstaat Cross River,,,,,,
Kernel,,,,,,
Sunshine Village,,,,,,
Prithvi Highways,,,,,,
Narayanghat-Mugling,,,,,,
Versailles,,,,,,
Straße Ambukhaireni–Muglin,,,,,,
Starbuck,,,,,,
Tongass National Forest,,,,,,
Thorong La,,,,,,
BJP-Chef,,,,,,
Man,,,,,,
Ländliche Kommunen,,,,,,
Fentan,,,,,,
Bezirk Ihres Kommunalratsmitglieds,,,,,,
Straußeneierschalen,,,,,,
KI-Ausbaus,,,,,,
Thorong La Passes von Manang,,,,,,
Südwestmonsun,,,,,,
Fifth Wheel/Gooseneck Prep,,,,,,
Weibchen reg…,,,,,,
Systemd,,,,,,
El Dorado Irrigation District,,,,,,
Hochwasserschutzes,,,,,,
Schöcklbach,,,,,,
Mohegans,,,,,,
Hot Summer Fun-Kampagne,,,,,,
Rock am Ring“,,,,,,
Rock am Ring Wind,,,,,,
Waidring,,,,,,
Social-Media-Fehlinformationen,,,,,,
Graben,,,,,,
St. Ulrich am Pillersee,,,,,,
Denver trifftKDVR Wetter,,,,,,
Bebelplatz,,,,,,
Neustadt,,,,,,
Wiener Neustadt,,,,,,
Grundwasserspiegeländerungen,,,,,,
Vadose-Zone,,,,,,
Cardrona,,,,,,
Alloy,,,,,,
Actionsportstars,,,,,,
SUSE,,,,,,
Hunspell,,,,,,
Hotel-Ärger,,,,,,
Mendocino Triple Junction,,,,,,
Ultras,,,,,,
Solidion,,,,,,
Friedhofs-Artenvielfalt,,,,,,
Redlands,,,,,,
Fjords hochtrieben …,,,,,,
Gatineau,,,,,,
Weilheim,,,,,,
Bewegung,,,,,,
U6,,,,,,
Tofu-Engpässe,,,,,,
Champions-League-Anreise,,,,,,
Wetter-Warnung,,,,,,
"Erdbeben der Stärke 5,0 erschüttern Kalifornien",,,,,,
Himmels-Rüssel,,,,,,
Wolken-Rüssel,,,,,,
Gletschern,,,,,,
Nelson Mandela Bay,,,,,,
WM-Stadien,,,,,,
Weltverband Wasserflaschen,,,,,,
Noe Diaz,,,,,,
Doppelboom,,,,,,
Colorado gemeldetKUSA.com Colorado schneit…,,,,,,
H5N1-Influenzavirus,,,,,,
Lum Syrman,,,,,,
Natur Meer,,,,,,
Beverly Hilton,,,,,,
Zuhal,,,,,,
Gewitter-Front,,,,,,
Mineralien,,,,,,
Mount McKinley/Denali,,,,,,
Denali Na…,,,,,,
Kerala-Art,,,,,,
grüne Chilis,,,,,,
Dhulikhel,,,,,,
Ananas,,,,,,
Landkreis Görlitz,,,,,,
Ostsachsens,,,,,,
Asoj,,,,,,
Mayne Island,,,,,,
Vintage-Schönheit,,,,,,
Sylhet Bargeld,,,,,,
Horn,,,,,,
Gerüchte-Erdbeben,,,,,,
Bhubaneshwar,,,,,,
Knicks Run,,,,,,
Stützpunkten,,,,,,
Horse River,,,,,,
American Redoubt-Region,,,,,,
Ost-Oregon,,,,,,
Denali-Gletscherspalte,,,,,,
Whistler,,,,,,
Tonosho,,,,,,
Hochwasserschadensanierungsdiensten,,,,,,
Front Street,,,,,,
Masters-Triumphen,,,,,,
Ryder-Cup-Heldentaten,,,,,,
Bärenjagen,,,,,,
Sewage-on-Sea,,,,,,
R290,,,,,,
Abwasserfluten,,,,,,
British Columbias,,,,,,
Ost-Washington,,,,,,
Alpenländer,,,,,,
Whistler Village,,,,,,
Social-Media-Analyseunternehmens,,,,,,
Unterkörper,,,,,,
Sturgeon County,,,,,,
Westkanadas,,,,,,
Summer Village,,,,,,
Denali-Ranger,,,,,,
American Redoubt Links,,,,,,
Wildbrand,,,,,,
Nashua,,,,,,
Tiefstellen,,,,,,
Moospflanzen,,,,,,
Tausenden von Läufern,,,,,,
Straßenabschnitts Narayangadh–Muglin,,,,,,
Muglin,,,,,,
Phelan,,,,,,
Valley Traffic Police Office,,,,,,
Lesen von Russlands,,,,,,
Lalitpur,,,,,,
Stralsund,,,,,,
Bagmati Rural Municipality-4,,,,,,
Insel Euböa,,,,,,
Todes“,,,,,,
Baitadi-Bauern,,,,,,
Pangdur,,,,,,
Shivnath Rural Municipality,,,,,,
Philippinen Asche,,,,,,
Pancheshwor Rural Municipality,,,,,,
Khati-Ecke,,,,,,
Cerrado-Savanne,,,,,,
Paraiba,,,,,,
Pernambuco,,,,,,
Nordbrasilien,,,,,,
Grundwasserspiegel,,,,,,
Trainingsprogramms,,,,,,
Ch…,,,,,,
Krefeld/Mönchengladbach,,,,,,
Hauswänden,,,,,,
Chinook-Lachs,,,,,,
Thasildar Nagar,,,,,,
Vandiyur-Kanal,,,,,,
Staunässe-Hotspots,,,,,,
Stillaguamish-Stamm,,,,,,
Entwässerungsarbeiten,,,,,,
Krefeld,,,,,,
Amherst Street,,,,,,
Samstagabend Bhubaneswar,,,,,,
Hochwasserschutz,,,,,,
Messeständen,,,,,,
Große Preis von Miami,,,,,,
Westjapans,,,,,,
Nansei-Inselkette,,,,,,
Chaos-Rennen,,,,,,
Kühlsysteme,,,,,,
Hauneck,,,,,,
Spa-Francorchamps,,,,,,
Ardennen,,,,,,
Städte/Unternehmen/Häuser,,,,,,
Alzheimer,,,,,,
Berliner Senat Konsequenzen,,,,,,
Schwabing,,,,,,
Avalanche-Watch-Party-Pläne,,,,,,
Abpflastern,,,,,,
Nettoumsatz,,,,,,
Xbox,,,,,,
Rekordergebnissen,,,,,,
Lavaablagerungen,,,,,,
Straßenprojektbüro Beni–Jomsom–Korala,,,,,,
Hochwasserrisikoportal,,,,,,
Ausfall,,,,,,
Teile Japans,,,,,,
Berg Lewotobi,,,,,,
Bundesgericht,,,,,,
Selbstdokumentierender,,,,,,
Jarrah-Wald,,,,,,
DOM,,,,,,
Cheyenne Mountain,,,,,,
Woodglue,,,,,,
Spektakel,,,,,,
Golf New Orleans,,,,,,
klimabedingt,,,,,,
Kala-Campus,,,,,,
Volcano Orange,,,,,,
Stadt-Wildland-Rand,,,,,,
Stadtklima,,,,,,
Sonnensystem,,,,,,
Smarthome-Devices,,,,,,
Kengtung,,,,,,
J&K Reasi,,,,,,
Atlantic Meridional Overturning Circulation,,,,,,
Reasi,,,,,,
Karakurt,,,,,,
Bathoi,,,,,,
Komati River,,,,,,
Tharsis,,,,,,
Erdbeben Südostasien,,,,,,
Coastal Fire Center,,,,,,
Midseason-Finale von Rivals,,,,,,
Astana,,,,,,
Tuul,,,,,,
Zentralmongolei,,,,,,
Vinted,,,,,,
Süd-Jakarta,,,,,,
Badezimmerdach,,,,,,
Pollenstaub,,,,,,
NHL-Verlängerungsregeln,,,,,,
Währungsänderungen,,,,,,
Erdbeben Chile,,,,,,
Gaming-Ankündigungen,,,,,,
Lehrer-Podcast,,,,,,
Rockaway Beach,,,,,,
Beach 222nd Street,,,,,,
Rockaway Point Boulevard,,,,,,
Breezy Point,,,,,,
Sangli-Verbot,,,,,,
Liebesleben,,,,,,
Bawadiya Kalan,,,,,,
Narmadapuram Road,,,,,,
Toronto Today,,,,,,
Opel-Zoo,,,,,,
Erdbeben in Himachal Pradesh,,,,,,
Luft,,,,,,
Süd-Chicagoland,,,,,,
Inspektionsdienste,,,,,,
Porlock,,,,,,
Luftstrom,,,,,,
Frühlingsschnee,,,,,,
Großraum South Chicagoland,,,,,,
Handelsausweitungen,,,,,,
Alzheimer-Diagnose,,,,,,
Bezirk Chamba,,,,,,
Erdbeben in Himachal,,,,,,
Versicherungsansprüche,,,,,,
Idaho National Laboratory,,,,,,
Hagel-Hölle,,,,,,
Bodycam,,,,,,
Baumpflanzpreis,,,,,,
Sommerstart,,,,,,
"N2,5 Mio.",,,,,,
Myoko,,,,,,
Jüterbog,,,,,,
"N2,5",,,,,,
TRISO,,,,,,
Riviera-Stadt,,,,,,
Kwantlen,,,,,,
Bas Badanpura,,,,,,
Nagtalai Nala,,,,,,
Tsawwassen First Nations,,,,,,
Bennihalla,,,,,,
Bennihalla-Entschlammungsprojekt,,,,,,
Semiahmoo,,,,,,
Dharwad-Gadag,,,,,,
Katzie,,,,,,
Mindo,,,,,,
libsoup,,,,,,
Efut Efio-Ene,,,,,,
Kühle Temperaturen,,,,,,
Haines-Gipfels,,,,,,
Badesaison,,,,,,
Gemeinwohl,,,,,,
Heineken,,,,,,
Nainital-Frau,,,,,,
Noida-Mann,,,,,,
vorbeigeschleudert,,,,,,
Dentsu,,,,,,
Champagnerglas,,,,,,
Abiy,,,,,,
Alterns,,,,,,
Tigray,,,,,,
Baikonur,,,,,,
Obdachlosenkrise,,,,,,
Brawley,,,,,,
Sondervermögen,,,,,,
Whitehorse,,,,,,
Tijuana River,,,,,,
Osloer Vigeland-Park,,,,,,
Tag im Park,,,,,,
Disneys Wasserpark Blizzard Beach,,,,,,
bibberkalt,,,,,,
Mississippi-Tornados,,,,,,
Unwetter Kapstadt,,,,,,
"Hawaii
",,,,,,
Erdrutsch-Tsunami,,,,,,
Hunde-Leishmaniose,,,,,,
Collo-Ebene,,,,,,
Meteorereignissen,,,,,,
Speicherchip-Markt,,,,,,
Technische Uni Graz,,,,,,
Kraft von Blitzen,,,,,,
Töpfen,,,,,,
Sonnentagen,,,,,,
Autofahrern,,,,,,
Oppositionsparteien,,,,,,
Metro,,,,,,
Pkw,,,,,,
Fahrbahn,,,,,,
Geoengineering,,,,,,
Samojede,,,,,,
Statistischen Bundesamts,,,,,,
Uni Wien,,,,,,
Diedorf,,,,,,
Kühlgeräten,,,,,,
Betaphase,,,,,,
Landes für Überschwemmungen und Hitzewellen,,,,,,
He,,,,,,
Unna,,,,,,
Deichpflege,,,,,,
Touristen-Hotspot,,,,,,
Anjunem-Staudamm,,,,,,
Mount Dukono-Ausbruchs,,,,,,
europäischen Standardskala,,,,,,
Nelson,,,,,,
Bergland,,,,,,
North West 200,,,,,,
Rohabwasser,,,,,,
Stützmauern,,,,,,
Relay,,,,,,
Kraterrand,,,,,,
Vulkans Dukono,,,,,,
Dedup-Schlüssel,,,,,,
Replikationsstürme,,,,,,
Sponge City,,,,,,
Jamal,,,,,,
Putalisadak,,,,,,
PortableApps.com-Format,,,,,,
Räder,,,,,,
Mayantuyacu,,,,,,
Zentralperu,,,,,,
Fischernetzen,,,,,,
Céline Dion,,,,,,
Broadway-Saison,,,,,,
Disneys Blizzard Beach Water Park,,,,,,
Brandschutz,,,,,,
Sai Layout,,,,,,
Naturparadiese,,,,,,
Eivissas Altstadt,,,,,,
Badeanzügen,,,,,,
Regenwasserauffangbecken,,,,,,
Kona-Bauern,,,,,,
Showcases,,,,,,
Central Flori,,,,,,
Maiskrankheiten,,,,,,
Großlobming,,,,,,
Schulkorridore,,,,,,
Startups,,,,,,
Schlechtwetter,,,,,,
Landfrauen,,,,,,
Lös…,,,,,,
Eisbach-Rein,,,,,,
Geschichtsbüchern,,,,,,
Planet Classroom,,,,,,
KI-Schwindel-Brille,,,,,,
Hurrikan-Fensterläden,,,,,,
Tocantins-Araguaia,,,,,,
Apache2,,,,,,
Pucks,,,,,,
indisch-pakistanischen Grenze,,,,,,
Plettenberg Bay,,,,,,
Bandar Eban,,,,,,
NASA-Satellitenbilder,,,,,,
Bangor,,,,,,
Entführungen,,,,,,
Einschüchterungen,,,,,,
Schützenhife,,,,,,
Mohangarh,,,,,,
Lower Falls,,,,,,
Johnston Canyon,,,,,,
Schierke,,,,,,
Makalu,,,,,,
Berg Makalu,,,,,,
Walter-Cup-Finalniederlage,,,,,,
Dinosauriern,,,,,,
Orangenhaine,,,,,,
IMD Alarmstufe Gelb,,,,,,
PTM,,,,,,
Lippen angrinste,,,,,,
H264-Pr1M371M3,,,,,,
Turkana-See,,,,,,
Indo-Ganges-Ebenen,,,,,,
Thar,,,,,,
Erdbeben in Millionenmetropole Teheran,,,,,,
Steiermark Temperaturen,,,,,,
Nadiyavatta-Abschnitt,,,,,,
Khandbari–Kimathanka,,,,,,
Sirek,,,,,,
Dienstag be…,,,,,,
Daajing Giids,,,,,,
Samsung-Produktionskomplex,,,,,,
Meer schwemmte,,,,,,
Iran Sorge,,,,,,
Bhotkhola Rural Municipality–4,,,,,,
Aravalli-Gebirge,,,,,,
Kew Gardens,,,,,,
Bute Park,,,,,,
Laura,,,,,,
Waldfeuer,,,,,,
Erfurt/Leipzig,,,,,,
Lakeland,,,,,,
El Khoury,,,,,,
Sättigungsangriffe,,,,,,
Churu-Staubsturmvideos,,,,,,
Wordle-Fans,,,,,,
Melle,,,,,,
Dengue-Fiebers,,,,,,
Strommasten,,,,,,
Dehradun-Verwalter,,,,,,
Wiener Rathaus,,,,,,
Eurovision Village am Rathausplatz,,,,,,
St. Johann in Tirol,,,,,,
seri-index,,,,,,
Mount Mayon,,,,,,
Kreis Soest,,,,,,
Münsterhof,,,,,,
Sonnensegeln,,,,,,
Erosion,,,,,,
WA Day,,,,,,
Sommerreservoirs,,,,,,
Troy,,,,,,
Neustadt/Weinstraße,,,,,,
Kündigungswelle,,,,,,
Twain Town,,,,,,
Yukon-Grenze,,,,,,
Hannibal,,,,,,
3D.,,,,,,
Mooooooooo,,,,,,
DENV-1-Serotyps,,,,,,
Schloss Dobersberg,,,,,,
Eurovision Village,,,,,,
Feuchtgebiete,,,,,,
Boxcars,,,,,,
Minister Mons Joseph,,,,,,
Lawinenrallye,,,,,,
Distrikts Myagdi,,,,,,
Mustang-Reiseverkehr,,,,,,
Annapurna Rural Municipality-7,,,,,,
Gebiet Mahabhir,,,,,,
Heidelsheim,,,,,,
Trenchtown Rock,,,,,,
Live)03,,,,,,
Flachgauer,,,,,,
Frontlinien,,,,,,
Wilder Berg Mautern,,,,,,
Sherman,,,,,,
TUCSON,,,,,,
Wilde Berg Mautern,,,,,,
AZ,,,,,,
texanischen Grenze,,,,,,
Zerreißprobe,,,,,,
Bezirk Leoben,,,,,,
Rathausplatz,,,,,,
Puerto Inca,,,,,,
Huánuco,,,,,,
Tschagguns,,,,,,
Kajaktour,,,,,,
Canyon,,,,,,
Weststeiermark,,,,,,
Cyanobakterien,,,,,,
Den Ozean,,,,,,
Gletscherfjords,,,,,,
Bridgestone Malaysia,,,,,,
Kopf …,,,,,,
Laturs,,,,,,
Straße Narayangadh–Muglin,,,,,,
Gharpajhong,,,,,,
Indra-Baks-Bataillon,,,,,,
Kreis Gotha,,,,,,
Tambach-Dietharz,,,,,,
Coaching-Institute,,,,,,
Arbeitstitel,,,,,,
Studenteneinrichtungen,,,,,,
Industrieflächen,,,,,,
Bezirk Thrissur,,,,,,
Chimborazo-Tag,,,,,,
große Berg,,,,,,
Kreis Constanța,,,,,,
Ridgecrest,,,,,,
Canyon Fire,,,,,,
Maiweg,,,,,,
waldnahen,,,,,,
FRIEDEN,,,,,,
Hallstatt,,,,,,
Curaçao,,,,,,
Mittagessens,,,,,,
Baseball-Schritte,,,,,,
Ernteparade,,,,,,
Wohnungsmix,,,,,,
Jazz-Hauptstadt,,,,,,
Vulkans Mount Dukono,,,,,,
Warnschilder,,,,,,
Mega-Wolke,,,,,,
Oberflächenwinde,,,,,,
Sturm Jangmi,,,,,,
Tornado-Trümmern,,,,,,
Bilderbuch-Wetter,,,,,,
Babykatze,,,,,,
Fi...,,,,,,
Gewitterchaos von Nord,,,,,,
Brexit,,,,,,
Superwahltag,,,,,,
Explora,,,,,,
Ichchhakamana–5,,,,,,
Kalabriens,,,,,,
Todesdrama,,,,,,
Monsterwelle,,,,,,
Legazpi City,,,,,,
Jogger,,,,,,
Spreewasser,,,,,,
Klassenkampf,,,,,,
Outer Banks,,,,,,
World of Warcraft-Patch,,,,,,
Soor,,,,,,
VVC,,,,,,
vulvovaginale Candidiasis,,,,,,
Torbay,,,,,,
Flatrock,,,,,,
Forgej…,,,,,,
Vercel,,,,,,
Wireshark,,,,,,
Artisan,,,,,,
Lightfield,,,,,,
tzdata,,,,,,
Attention,,,,,,
lrzip,,,,,,
libdatetime-timezone-perl,,,,,,
El Niño-Ereignissen,,,,,,
Machtquellen,,,,,,
Dyaltov-Pass,,,,,,
Loucks,,,,,,
Tuinkhola,,,,,,
Kaltklima-Wärmepumpe von Lennox,,,,,,
Narayangadh–Muglin,,,,,,
Purvis,,,,,,
Gitarrenband,,,,,,
Hosenträgern …,,,,,,
Familienmitgliedern,,,,,,
Gravel-Radfahren,,,,,,
Cyclocross,,,,,,
Start-up-Sektor,,,,,,
Carryology,,,,,,
Big One“-Erdbeben,,,,,,
Nanyang,,,,,,
Wasserflaschen,,,,,,
Segway,,,,,,
Chinas Region,,,,,,
Apex 300,,,,,,
Nanyang People's Park,,,,,,
Helfenberg,,,,,,
Fischsterben,,,,,,
Teufel,,,,,,
E-Bike-Gebiet,,,,,,
Ise Überschwemmungen,,,,,,
Umfrage-Fall,,,,,,
Sanctuary,,,,,,
Labour-Regierung,,,,,,
Tepenin,,,,,,
Aditya Assarats,,,,,,
Polizei-Schmuggler,,,,,,
Erdbeben im Rahmen,,,,,,
T'way,,,,,,
‚Vorfreude,,,,,,
Sulur,,,,,,
Warner,,,,,,
El-Nino-Wettermuster,,,,,,
Walt Disney World…,,,,,,
EPCOT,,,,,,
Italien-Pavillons,,,,,,
Wolfsbrand,,,,,,
Illinois am Samstagabend,,,,,,
Süd-Kansas,,,,,,
Lavafontänen-Rekord,,,,,,
Ernteversicherungen,,,,,,
First Nations-Gemeinde Chateh,,,,,,
Apfelgürtel,,,,,,
Watson-Laubfrosches,,,,,,
Hochwassergefahrenschwelle,,,,,,
nasser Straße,,,,,,
Nepals Stromerzeugungskapazität,,,,,,
Balkanhalbinsel,,,,,,
Lavafontänen-Episoden,,,,,,
Gewitterband,,,,,,
Schruns,,,,,,
Klimahain,,,,,,
Ouellette Park,,,,,,
Stadtpark,,,,,,
LaSalle,,,,,,
Australiens Regierung,,,,,,
Tropensturm Jangmi,,,,,,
Sakatani,,,,,,
Obersten Gerichtshof Kavanaugh,,,,,,
Antarktis schmilzt von unten,,,,,,
Miyazaki,,,,,,
Landes Saba,,,,,,
Hafens,,,,,,
Prada 2,,,,,,
Mokkakaffee,,,,,,
Lawinen-Superstars,,,,,,
Hiroto,,,,,,
Wurzelfäule,,,,,,
Notfall-Updates,,,,,,
Seniorenwohnungen,,,,,,
Dulzura-Gebiet,,,,,,
Roaring Springs,,,,,,
Versicherungskommissar,,,,,,
Qinba-Gebirge,,,,,,
Pazifischen Ozeanseite,,,,,,
Shaanxi,,,,,,
Löss-Plateaus,,,,,,
Provinz Shaanxi,,,,,,
abgelegener indonesischer Insel,,,,,,
Dyatlov-Passes,,,,,,
Singapurs,,,,,,
Szenario,,,,,,
Victorian Property Due Diligence,,,,,,
⁠von Honshu,,,,,,
Spuren…,,,,,,
Labour-Partei,,,,,,
Deutschlandweit,,,,,,
Urlaubs-Hotspots,,,,,,
Na…,,,,,,
Ise,,,,,,
Wasserspeier,,,,,,
Bay North,,,,,,
Khumbu-Eisbruchs,,,,,,
Seniorenimmobilienboom,,,,,,
Lembach,,,,,,
Wiesn,,,,,,
Regierung des Bundesstaates Oyo,,,,,,
Steinmeißeln,,,,,,
Go-Ahead-Homerun,,,,,,
Zentralanatoliens,,,,,,
Erciyes,,,,,,
Unterholz,,,,,,
Mühlkreis,,,,,,
Tam,,,,,,
Stuttgart/Heidenheim,,,,,,
Torquay,,,,,,
Flughafen Inyokern,,,,,,
Wielenbach,,,,,,
Online-Inhalte,,,,,,
Sakic,,,,,,
Abendschauer,,,,,,
Panathur,,,,,,
Bellandur,,,,,,
Commonwealth of Virginia,,,,,,
Strömen,,,,,,
VietnamYahoo,,,,,,
Nalupani,,,,,,
Golf vor Texas,,,,,,
Outdoor-Marke Snow Peak,,,,,,
Coldcard-Exploit,,,,,,
Arbeitsmarkt,,,,,,
Gießen im Garten,,,,,,
Traun,,,,,,
Bezirk Linz-Land,,,,,,
Milchbauern,,,,,,
Erdbeben-Apokalypse,,,,,,
Erdbeben Kalifornien,,,,,,
Top-Modelle,,,,,,
Vorstadtvierteln,,,,,,
Rohit Monserrate,,,,,,
Atomreaktor,,,,,,
Patrick County,,,,,,
Lobby-Rekord,,,,,,
Bundesstaats Washington,,,,,,
Baffininsel,,,,,,
Hitzekuppel Rekorde,,,,,,
Outdoor-Schuhen,,,,,,
Teppich,,,,,,
Bose-Audio,,,,,,
Erdbeben betroffenen Einkaufszentrum,,,,,,
Dunedin,,,,,,
Den Niederlanden,,,,,,
Land der Grachten,,,,,,
Weimarer Land,,,,,,
Weimarer Land“,,,,,,
Volcán de Fuego Lava,,,,,,
Cervinia,,,,,,
Brand am Berg,,,,,,
Connacht,,,,,,
Waldbrandrisikos,,,,,,
Pikes Peak,,,,,,
Tapi,,,,,,
Niere,,,,,,
Stadt Kumamoto,,,,,,
Hitze Rekordwerte,,,,,,
Heideflächen,,,,,,
Hausgärten,,,,,,
Nests,,,,,,
weinschwarzes Meer,,,,,,
Sommer-Blockbuster,,,,,,
Mount Ruapehu,,,,,,
Erdbeben in Ägypten,,,,,,
Suezkanal,,,,,,
Singha Durbar,,,,,,
"Kumamoto 40,3 Grad Celsius",,,,,,
Erdbeben betroffene Einkaufszentrum,,,,,,
Herz,,,,,,
Hirn,,,,,,
Wasserstands,,,,,,
Ocado,,,,,,
Straße bei Baisari,,,,,,
Raghuganga-2,,,,,,
Wetterwarnstufe Rot,,,,,,
Burma-Pythons,,,,,,
Roboterkaninchen,,,,,,
Washington Waldbrände,,,,,,
Billionenhöhe,,,,,,
Loquito,,,,,,
KI-Schrott,,,,,,
Farm-Klicks,,,,,,
Chase Mountains,,,,,,
Gelendschik,,,,,,
Niedrige Wasserstände,,,,,,
Ulster,,,,,,
Erdbeben Ende Juni,,,,,,
mittelamerikanischen Land,,,,,,
südjemenitische Stadt,,,,,,
Tinubu,,,,,,
indischen Assam,,,,,,
Eindämmungslinien,,,,,,
Alberta Forestry and Parks,,,,,,
Metro Vancouver Regional District,,,,,,
Arniko,,,,,,
Beni-Jomsom,,,,,,
Sierra Oeste,,,,,,
Mainstream-Medienwelt,,,,,,
Polizeisprecher,,,,,,
Sarangani,,,,,,
Stadt Harburg,,,,,,
Schleichwegen,,,,,,
Jemens,,,,,,
IoT,,,,,,
Bezirks Pierrefonds-Roxboro,,,,,,
KREM,,,,,,
Melilla,,,,,,
Nordwestufers,,,,,,
Hitzerekorden,,,,,,
Große Sorge,,,,,,
Dürre bei …,,,,,,
West Village,,,,,,
schleudert Asche,,,,,,
Bready,,,,,,
Astronaut Anil Menon,,,,,,
Landwirtschaftsministerium,,,,,,
Mini-TORNADO,,,,,,
Leichtathletik-Besprechung,,,,,,
Slush-Eis,,,,,,
Guatemalasbbc.com Vulkanausbruch,,,,,,
Coldcard,,,,,,
FT,,,,,,
Guetamala,,,,,,
Gewitterzelle,,,,,,
Thangelstedt,,,,,,
Blankenhain,,,,,,
Kühen,,,,,,
Erdbeben bei Pisa,,,,,,
Malnad-Bauern,,,,,,
PMK-Führer,,,,,,
Temperatur-Rekord,,,,,,
Allzeit-Österreich-Rekord,,,,,,
Hitzerekord für Wien,,,,,,
Schiefer Turm,,,,,,
Repubblica Ceca,,,,,,
Karlsbrücke,,,,,,
UN-Angaben,,,,,,
Welternährungsprogramm,,,,,,
Ostafrikas,,,,,,
Dürrejahr,,,,,,
Wasserpegel,,,,,,
Conred,,,,,,
krankheitsübertragenden,,,,,,
Bezirk Tulln,,,,,,
Assam CM,,,,,,
Flutopfer,,,,,,
Wissenschaftler,,,,,,
Escuintla,,,,,,
Chimaltenango,,,,,,
Sacatepéquez,,,,,,
Sioux,,,,,,
Sioux Falls,,,,,,
Obusse,,,,,,
Kalu,,,,,,
Mahaweli,,,,,,
Ernakulam,,,,,,
Jerusalemer Café Basimta,,,,,,
jüdischen Sabbattag,,,,,,
Royal Marines,,,,,,
Rekordbergsteiger,,,,,,
Gilgit-Baltist-Gebirge,,,,,,
Polavaram-Bewässerungsprojekt,,,,,,
Amaravati,,,,,,
Wanderunternehmen,,,,,,
Harangi-Zufluss,,,,,,
Pakistans Broad Peak,,,,,,
Landes im Jahr 2026,,,,,,
Rettungszonen,,,,,,
Erattupetta,,,,,,
Meenachil,,,,,,
Dammfensterläden,,,,,,
Monsunwut,,,,,,
Dauerproblem,,,,,,
Koyna-Staudamm,,,,,,
Nagpur-Ratnagiri,,,,,,
Straßenrissen,,,,,,
Koyna-Staudamms,,,,,,
Wiener Neudorf,,,,,,
Bezirk Mödling,,,,,,
Purja w…,,,,,,
Ponmudi,,,,,,
Ponmudi-Ökotourismuszentrum,,,,,,
Straße Kallar-Ponmudi,,,,,,
Neyyar,,,,,,
Peppara,,,,,,
Karakorum,,,,,,
Nims,,,,,,
Pak,,,,,,
Rekordzeit,,,,,,
Manitoba-Gemeinde,,,,,,
Dang,,,,,,
Lieblings-Regenponcho,,,,,,
Erdbeben-Schock,,,,,,
Mächtiger El Niño,,,,,,
zwölfthöchsten Berg,,,,,,
Waldbrandfläche,,,,,,
Cape Fear“-Schöpfer,,,,,,
Kurort,,,,,,
Miramar Air Station,,,,,,
RAPiDGATOR,,,,,,
Kerala-Wetter-Update,,,,,,
Feiertage,,,,,,
Bildungseinrichtungen,,,,,,
Küstengebiet,,,,,,
DALIAN,,,,,,
Halbinsel Peloponnes,,,,,,
Hotspot-Land Brandenburg,,,,,,
Porto Deutschland…,,,,,,
Haus von,,,,,,
Tierklinik,,,,,,
Hunden,,,,,,
Erdbeben in Italien,,,,,,
"Erdbeben der Stärke 4,7 schreckt die Menschen bei Neapel",,,,,,
Wirtschaftskiller,,,,,,
Klimaschmutzminister,,,,,,
Vorwürfe,,,,,,
Bowlingbahn-Video,,,,,,
Omanische Legende,,,,,,
US-Neuling,,,,,,
Bahnhof Acher AMTS,,,,,,
Chhota,,,,,,
Namsi-Brücke,,,,,,
Land Rover Range Rover Supercharged,,,,,,
Mars-Analogon,,,,,,
Broad-Peak-Lawine,,,,,,
WashingtonCNN,,,,,,
WashingtonForbes,,,,,,
Heizkörper,,,,,,
Cloud-Gaming,,,,,,
Dante's Peak,,,,,,
evakuiertThe Guardian Griechenland,,,,,,
Kabbala,,,,,,
Uhr Patrouillen,,,,,,
Monsun-Aquaplaning,,,,,,
Geschwindigkeitsüberschreitungen,,,,,,
Tilari-Rakaskop,,,,,,
Land Rover Range Rover,,,,,,
Kundl,,,,,,
Hadaf-Staudamm,,,,,,
Jenbach,,,,,,
Gujarats,,,,,,
Kim-Fluss,,,,,,
Hansot,,,,,,
Olpad,,,,,,
Mangrol,,,,,,
Borasara,,,,,,
Northern Railway,,,,,,
Kunststoffbetrieb,,,,,,
Rheinhessen,,,,,,
Bluefield,,,,,,
Getreidemühlen,,,,,,
Allgemeinen Temperaturen …,,,,,,
Suez,,,,,,
Marsmissionen,,,,,,
Bezirk Korneuburg,,,,,,
Steinabrunn,,,,,,
Trauer,,,,,,
Haustieren,,,,,,
Pilzinfektionen der Haut,,,,,,
Divisionen Udaipur,,,,,,
Jodhpur,,,,,,
zukunftstauglich,,,,,,
Var,,,,,,
Kalgoorlie-Boulder,,,,,,
Lagos Müll,,,,,,
Lagos Abfall,,,,,,
Konzerne,,,,,,
Alarmliste,,,,,,
Staupe,,,,,,
Achttausender,,,,,,
Glut-Walze,,,,,,
Innerkremser Straße,,,,,,
L19,,,,,,
Kremsbrücke,,,,,,
Bezirk Spittal/Drau,,,,,,
ü…,,,,,,
Rupal-Flanke,,,,,,
Humanressourcen,,,,,,
Asien-Tour,,,,,,
Lawinen-Unglück,,,,,,
Spannungsfeld,,,,,,
Lager II,,,,,,
Erdbeben: Risse,,,,,,
Cauvery-Wasser,,,,,,
Kabini-Stausee,,,,,,
Leiche von Netflix-Bergsteiger,,,,,,
Wasserkraftkunden,,,,,,
Radium Hot Springs,,,,,,
Athalmer,,,,,,
Niwaru Road,,,,,,
Sembalun Resort-Gebiet,,,,,,
Mount Rinjani Nationalparks,,,,,,
Nationale Meteorologische Zentrum Chinas,,,,,,
Okanagan-See,,,,,,
Munster,,,,,,
Bromo-Tengger-Semeru-Nationalpark,,,,,,
Ostja…,,,,,,
Overwatch-Hersteller,,,,,,
Gewitterschauern,,,,,,
Ujh-Projekt,,,,,,
Erdbeben japanisches Krankenhaus,,,,,,
Mount Bromo-Gebiet,,,,,,
Cave Creek,,,,,,
Sandmeer“-Caldera,,,,,,
Semmancheri,,,,,,
Burgos …,,,,,,
Semmancheri-Arasankazhani-Kanal,,,,,,
Buckingham-Kanal,,,,,,
Selenskij,,,,,,
Huntly,,,,,,
Himalaya-Berg,,,,,,
National Interagency Fire Center,,,,,,
https://punchng.com/lagos-isnt-drowning-for-lack-of-roads/,,,,,,
OstchinaYahoo Tropical Cyclone Dolphin,,,,,,
ErnteBloomberg.com Flughafen,,,,,,
Okinawa…,,,,,,
Wetter-Ausblick,,,,,,
Sri Lanka-Aufwärmspiel,,,,,,
Schlagloch,,,,,,
Princes Highway,,,,,,
Waldbrand am Berg Rinjani,,,,,,
Sadullapur,,,,,,
Wasserschloss trocknet,,,,,,
Grasfresser,,,,,,
Predigerordens,,,,,,
Stadt Hiroshima,,,,,,
Atomwaffen,,,,,,
Schnee gefroren,,,,,,
Upstate New York,,,,,,
Woot Lawn & Garden Sale,,,,,,
Litheli,,,,,,
Rheinkorrektur,,,,,,
Lagerhaus von Boyle Heights,,,,,,
Richfie,,,,,,
Ankünfte,,,,,,
Ankünften,,,,,,
Ausstellungsstücken,,,,,,
Gefrierbrand,,,,,,
Himalaya-Gebirges,,,,,,
Bezirk British Columbia,,,,,,
flugmedizinische Luftbrücke,,,,,,
Highway 96,,,,,,
Hoopa,,,,,,
Rudrapur,,,,,,
Piru,,,,,,
Holser Canyon,,,,,,
Lake Piru,,,,,,
Holser-Feuer,,,,,,
Strenge,,,,,,
Harvard Road,,,,,,
Feuer-Katastrophen,,,,,,
westkanadischen Provinz,,,,,,
Serengeti-Büffel essen,,,,,,
Bunyip,,,,,,
Stadt Shanghai,,,,,,
Dolgensee,,,,,,
Yen,,,,,,
Yeola,,,,,,
Oberer See,,,,,,
Monsunflut,,,,,,
Jonathan,,,,,,
Diri,,,,,,
Ogbuku,,,,,,
Bedarfs,,,,,,
Regenwassernutzungs- und Dachberegnungssysteme,,,,,,
Ibarra,,,,,,
Imbabura,,,,,,
Helados de Paila,,,,,,
Löschhilfe,,,,,,
Güllefässern,,,,,,
Lebensunterhalts von Katastrophenopfern,,,,,,
Kleinen Antillen,,,,,,
Taifun Dolphin,,,,,,
Bay of Plenty-Fotograf,,,,,,
Kat,,,,,,
Erdbeben um 7:34 Uhr Ortszeit,,,,,,
Wetter/Klima rational,,,,,,
Puracé-Vulkan,,,,,,
Marvels,,,,,,
Myrtenholz,,,,,,
Erdbeben in der Kaffeeregion,,,,,,
Flughäfen Hongqiao,,,,,,
Pudong,,,,,,
Erdbeben in Kolumbien Militärkasernen,,,,,,
gleichmacht,,,,,,
Erdbeben der letzten Jahre,,,,,,
Erdbeben des Landes,,,,,,
Manjarpada,,,,,,
Philippi-Gebirge,,,,,,
Klagenfurt-Viktring,,,,,,
Treimischer Teich,,,,,,
El Niño-System,,,,,,
Schifffahrtsstopp,,,,,,
Taifun Dolphin Chinas Ostküste,,,,,,
Spokane-Brandstiftungsfall,,,,,,
Juni-Quartal,,,,,,
Tiroler Waldes,,,,,,
Wiener Donaustadt,,,,,,
Henan,,,,,,
Gesamtschaden,,,,,,
Plagende,,,,,,
Nazi-Motorrad,,,,,,
Wessex-Strecke,,,,,,
Londoner Park,,,,,,
Greenwich Park,,,,,,
Chinas Wirtschaftsmetropole Shanghai,,,,,,
Google Cloud,,,,,,
U-Bahn-Betrieb,,,,,,
Erdbeben im Nordwesten Kolumbiens,,,,,,
Hitzewellen-Tipps,,,,,,
Regenfälle Rekorde,,,,,,
pazifischen Departement,,,,,,
Departamento Chocó,,,,,,
San José del…,,,,,,
Haus des Geistes,,,,,,
Villarrica,,,,,,
"Erdbeben der Stärke 7,4 in Kolumbien",,,,,,
Erdbeben Kolumbien,,,,,,
Erdbeben in Ecuador,,,,,,
Donau Rekordtiefstände,,,,,,
Strandungszonen,,,,,,
Gussower Erlebniscamp,,,,,,
Fairmont Hot Springs,,,,,,
Nahrungsmittelgetreide,,,,,,
Tejon-Passes,,,,,,
Stimmzetteln,,,,,,
hinweggeschwemmt,,,,,,
Vormorgen,,,,,,
Pflegeheim,,,,,,
Landeshauptstädten verfielfacht,,,,,,
Plattenstart,,,,,,
Martinique Volcanological and Seismological Observatory,,,,,,
Landwirtschaftskammer NÖ,,,,,,
Bezirk Upper Siang,,,,,,
Kressbronn,,,,,,
US-Reisende,,,,,,
Orange Unwetterwarnung für Unterland,,,,,,
heuer am Kreischberg,,,,,,
T-Rex-Weltmeisterschaftsrennen tosen,,,,,,
Sanierungen,,,,,,
Niedrigwasserkrise,,,,,,
Rhein-Pegelstand,,,,,,
https://www.amazon.com/dp/B001B8U4XI,,,,,,
Allergien,,,,,,
Yen-Interventionen,,,,,,
Luminous Landscape,,,,,,
Merlotrot,,,,,,
Schienenwegen,,,,,,
Banater Sandwüste,,,,,,
Karstgebieten,,,,,,
Straße Hindustan-Tibet,,,,,,
Nass Valley,,,,,,
Jetski,,,,,,
Ski,,,,,,
El-Tejon-Pass,,,,,,
Gopika,,,,,,
Pettimudy,,,,,,
Vulkans FuegoKSL,,,,,,
Canal Flats,,,,,,
Handtasche,,,,,,
Arznei,,,,,,
Lavafontäne des Vulkans,,,,,,
Deutschlands Kernindustrien,,,,,,
Autors,,,,,,
TREM2,,,,,,
Deep-Learning-Framework,,,,,,
Stromwandler,,,,,,
Hitze-Extremwert,,,,,,
koreanischen Halbinsel,,,,,,
Assam CM Himanta,,,,,,
Charaideo,,,,,,
Santak,,,,,,
Nazira,,,,,,
Regenfälle am Mittwoch,,,,,,
Geheimnisses,,,,,,
Hitzewende,,,,,,
Bundesstaat Plateau,,,,,,
Rekordtemperatur,,,,,,
Wil…,,,,,,
Großraum Spokane,,,,,,
Kethikal,,,,,,
Kethikal-Hügel,,,,,,
NH 169,,,,,,
Mangaluru,,,,,,
Erwachsenenalter,,,,,,
Hill Highway,,,,,,
Kuttikkanam-Kattappana Hill Highway,,,,,,
Schlangenbader Straße,,,,,,
Cyclospora,,,,,,
Plöger,,,,,,
Cherthala,,,,,,
Vancouvers,,,,,,
Schwimm-Europameisterschaften,,,,,,
Basteiweg,,,,,,
Volkswagens,,,,,,
Ortsweiler Au,,,,,,
Roten Pyramide Ägyptens,,,,,,
D.Mon,,,,,,
Top-Picks,,,,,,
Atomkraftwerks Paks,,,,,,
Hahntennjochstraße,,,,,,
L246 Hahntennjochstraße,,,,,,
Republik…,,,,,,
Sozialbehörden,,,,,,
Pamba-Flusses,,,,,,
Grenzdurchbruch,,,,,,
Repentigny,,,,,,
Menschenrechtler,,,,,,
Ceuta-Ansturm,,,,,,
Northern Tablelands,,,,,,
Camping-Katzenelternteil,,,,,,
Reiseversicherungen,,,,,,
Evakuierungsanordnungen,,,,,,
Rückerstattungsrichtlinien,,,,,,
KUOW,,,,,,
SpokaneNonStop L…,,,,,,
Toledo,,,,,,
Cross River-Gemeinde,,,,,,
Formentera zu…,,,,,,
Schlimmer,,,,,,
NMEO-OP,,,,,,
Neues Rekord-Tief,,,,,,
Loire,,,,,,
Niedrigwasser von,,,,,,
Hundefleischsuppe,,,,,,
Satara,,,,,,
Medha-Bhilar,,,,,,
Dammabflüsse,,,,,,
Flutkatastrophe in Kuttanad,,,,,,
Jagatpur,,,,,,
Niagara-Region,,,,,,
Schneeleopardenkunde,,,,,,
Linux-Distribution,,,,,,
Telefon-Updates,,,,,,
Snow Leopard-Releases,,,,,,
Gann Fire,,,,,,
Calaveras County,,,,,,
Ansicht von Umweltschützern,,,,,,
Bergspalten,,,,,,
Dora Fire,,,,,,
Transsportler-Dramas,,,,,,
Golaghat,,,,,,
Wirtschaftsleben,,,,,,
Höchstwerte,,,,,,
Fifa-Chef,,,,,,
Laterns,,,,,,
Lastkahn,,,,,,
kanadische Stadt,,,,,,
Richtlinien,,,,,,
Prioritäten,,,,,,
Bad Gastein,,,,,,
Schifffahrtswege,,,,,,
Gesundheitsministeriums,,,,,,
Hilfspakets,,,,,,
Valsad,,,,,,
Bezirk Surat,,,,,,
Aktienhandels,,,,,,
Vilappil,,,,,,
Sommerferien,,,,,,
Tipperary County Council,,,,,,
County Tipperary,,,,,,
Wasserentnahme,,,,,,
Liverpool Barcola Chase,,,,,,
Paris Saint-Germain,,,,,,
Guerilla-Regen,,,,,,
Hotel Cecil,,,,,,
Long Time Ago,,,,,,
Wildtierfotografie,,,,,,
Landes am J…,,,,,,
Oberste Gericht von Kalkutta,,,,,,
Aadhaar/PAN,,,,,,
Pässen,,,,,,
herankrochen,,,,,,
Edersee-Tourismus,,,,,,
Straße von West Hollywood,,,,,,
Südchinas,,,,,,
Loon Lake Road,,,,,,
Chasm Road,,,,,,
80 Hektar Land,,,,,,
Bezirk Nashik,,,,,,
Khet Talab“-Programm,,,,,,
Khet Talab Yojana,,,,,,
Subventionen in Höhe,,,,,,
schottischen Regierung,,,,,,
Süd- und Zentral-Qld,,,,,,
Perseverance Valley,,,,,,
Kassen,,,,,,
Star-Point-Guard,,,,,,
Pinghai,,,,,,
Nasarawa,,,,,,
Diamantplatten-Seitenspiegeln …,,,,,,
Blaenavon,,,,,,
Sonnenwinkeln,,,,,,
Landverlust,,,,,,
Männermannschaft Maresca,,,,,,
Guinness-Weltrekord,,,,,,
MET-Büro,,,,,,
Frankreich/MADRID,,,,,,
Slievenamon-Gebirge,,,,,,
Manises,,,,,,
Jayakwadi-Staudamm,,,,,,
Nathsagar,,,,,,
Stausee,,,,,,
50-Prozent-Marke,,,,,,
Spielregeln,,,,,,
Rhinogydd-Bergen,,,,,,
Kharif-Saison,,,,,,
Gold …,,,,,,
Kharif-Aussaat,,,,,,
Anbaufläche,,,,,,
Paddy,,,,,,
Sehore,,,,,,
Zone Ramnagar,,,,,,
Hitzewolke,,,,,,
Wandgemälde,,,,,,
Hakenkreuzen,,,,,,
Uninco,,,,,,
Jahrhunderten,,,,,,
Kavrepala,,,,,,
Wechselwähler,,,,,,
Alltagsbechern,,,,,,
ARTE-Doku,,,,,,
Wassernotlagen,,,,,,
Dinosaurierfossilien,,,,,,
Frankreichs rü…,,,,,,
Furggeli,,,,,,
Broadway-Previews,,,,,,
Majestic Theatre,,,,,,
Waldbrandschutzdienstes,,,,,,
Überschwemmungskanälen,,,,,,
Abriss von Gebäuden,,,,,,
Appleton-Gebiet,,,,,,
Lake Winnebago,,,,,,
Winnebago County,,,,,,
Mittagshimmel,,,,,,
Bürokeller,,,,,,
Indiens Assam,,,,,,
Mangelware,,,,,,
Goldküste am Zürichsee,,,,,,
Gummen,,,,,,
Butzli,,,,,,
Geruchsbeschwerden,,,,,,
Lawrence-Brüder,,,,,,
Washougal,,,,,,
Jed Beaton,,,,,,
Bhatbesi,,,,,,
Bezirk Nr.,,,,,,
Ostwisconsin,,,,,,
Winnebago County …,,,,,,
Zell Mitterwinkel,,,,,,
Mugling-Basars,,,,,,
Ichchhakamana-5,,,,,,
Römerzeit,,,,,,
Superjupitern,,,,,,
Pyrocumulonimbus-Wolkenbildung,,,,,,
Unteren Main,,,,,,
Thakla,,,,,,
Aamkhet,,,,,,
Ilulissat-Eisfjords,,,,,,
Küstenstadt,,,,,,
Wetterseite Tornadoliste,,,,,,
Regenwassernutzungsanlagen,,,,,,
tvN.,,,,,,
Hamzat,,,,,,
Departement,,,,,,
Nordostwind,,,,,,
Anlandungsstandort,,,,,,
Eigentum …,,,,,,
Seattle Center,,,,,,
Ukraine Russlands,,,,,,
Plateau-Wunder,,,,,,
Kontinent Rekordhöhen,,,,,,
Daliang-Bergen,,,,,,
Sandwiches,,,,,,
Steine ​​herabstürzten,,,,,,
Provinz Limburg,,,,,,
Colorado River pro Jahr,,,,,,
Powerstation-Deals,,,,,,
New York City Regen,,,,,,
Pfizer-Hauptquartiers,,,,,,
hessen,,,,,,
Le Temple,,,,,,
Maisanbauflächen,,,,,,
Okanagan-Tal,,,,,,
Unterwasserkuppeln,,,,,,
Berthas Restniederschlag,,,,,,
Meter-Grenze,,,,,,
Firmennamens,,,,,,
PARIS,,,,,,
Wolkenbedeckungsprozentsätzen,,,,,,
Landschaftsfotografie,,,,,,
Matthew Creek,,,,,,
Erliegen,,,,,,
biohybride,,,,,,
Frank…,,,,,,
Landkreis Aschaffenburg Bußgelder,,,,,,
Gatlinburg,,,,,,
großen Erdbeben,,,,,,
Bridger,,,,,,
Distrikt Valsad,,,,,,
Dadra,,,,,,
Southern,,,,,,
South East,,,,,,
Cambridge,,,,,,
Anglian Water,,,,,,
Chrissy Snow,,,,,,
Three's Company,,,,,,
Geschäfte,,,,,,
Batam City,,,,,,
Koteshwor,,,,,,
Flussflüsse,,,,,,
"Erdbeben der Stärke 5,0",,,,,,
Weltbank,,,,,,
Venezuela-Beben,,,,,,
Arcachon,,,,,,
Venezuela Schäden,,,,,,
Berg Tipperary,,,,,,
Dürreproblem,,,,,,
Sturmstärken,,,,,,
Eisige Böen,,,,,,
Häuptling Olusola Oke,,,,,,
Dragonfly,,,,,,
Batam,,,,,,
Bio-Netzwerk,,,,,,
Ageyou,,,,,,
Weltmeisterschaftsturnier,,,,,,
Rio Grande,,,,,,
Vulkanversteck,,,,,,
Pendants,,,,,,
Baby-Mama,,,,,,
Erewhon,,,,,,
Wintersaisonen,,,,,,
Mönichkirchen,,,,,,
Sommergäste,,,,,,
Snow Crash,,,,,,
Cryptonomicon,,,,,,
Barockzyklus,,,,,,
Volusia County Fire,,,,,,
's Office,,,,,,
Benefiz-Softballspiel,,,,,,
Volusia County,,,,,,
Ernteeinbußen,,,,,,
SAUMOS,,,,,,
Hitzeindextemperaturen,,,,,,
Louisi…,,,,,,
Flammen-Alarm,,,,,,
Urlaubs-Hotspot,,,,,,
New York 52,,,,,,
Ted Lasso“-Star,,,,,,
Emmy-nominierte Ted-Lasso-Star Toheeb Jimoh,,,,,,
Schneewittchen-Star Dujonna Gift,,,,,,
Lège Cap-Ferret,,,,,,
Weißen Elster,,,,,,
Weißen Elster“,,,,,,
Anti-Migrationsbojen,,,,,,
Antimigrationsbojen,,,,,,
Tanjung Sengkuang,,,,,,
Erdbeben im Juni im Stich,,,,,,
Szlachtowa,,,,,,
SVPI-Flughafen,,,,,,
Landstraßen,,,,,,
Lügen,,,,,,
Whisker-Stimulation,,,,,,
Leberschäden,,,,,,
Zentrum des Betrugsskandals,,,,,,
Fthiotida,,,,,,
Magnesia,,,,,,
Hitzewellen Europas,,,,,,
BootAP News,,,,,,
mergeDW.com Wildfire…,,,,,,
Süd-Oklahoma,,,,,,
Xenon-Scheinwerfern,,,,,,
Andra-Pipeline-Projekt,,,,,,
Flughafens Ahmedabad,,,,,,
Ambli,,,,,,
Sabarmati,,,,,,
Versicherungspolice,,,,,,
Coillte-Wälder,,,,,,
Seearchiven,,,,,,
https://punchng.com/i-lost-four-brilliant-kids-to-landslide-in-one-night-criver-mother/,,,,,,
Rettungseseln,,,,,,
Chinchillahaare,,,,,,
Chinchilla-Haare,,,,,,
Erling Haaland,,,,,,
Zeckenstichen,,,,,,
Grafschaft Wicklow,,,,,,
Flammschutzmittel,,,,,,
Weinbaustadt Bordeaux,,,,,,
heranzudrängen,,,,,,
Neuland,,,,,,
Kozhikode,,,,,,
Himachals,,,,,,
Purchoudi-3,,,,,,
Baltje-Dorf Nwadeu,,,,,,
Monsun-Elend,,,,,,
Diamond City,,,,,,
Vorzeige-Kampfflugzeug,,,,,,
Mücken,,,,,,
Taxipreise,,,,,,
Pendler,,,,,,
Nachjupitermond Io,,,,,,
Britisch-Kolumbien,,,,,,
Wicklow-Nationalpark,,,,,,
George,,,,,,
Wasserbombenflugzeugen,,,,,,
Ti West,,,,,,
Autobahn Jammu-Srinagar,,,,,,
Dewal,,,,,,
NH-44,,,,,,
Bray-Greystones-Klippenweg,,,,,,
Illner,,,,,,
Eisbades,,,,,,
Online-Shopping,,,,,,
Doku-Serie „Pompeji,,,,,,
Nachbarstädte,,,,,,
Spiegeleier,,,,,,
"Mount Fuji

",,,,,,
Flughafen Alaska,,,,,,
Kamtschatka herüberweht,,,,,,
Brahmaputra,,,,,,
Cross-River-Nationalparks,,,,,,
Purchoudi,,,,,,
Maispflanzen,,,,,,
Brandbedingungen,,,,,,
Atlantiks …,,,,,,
Kühlregal,,,,,,
Modernisierungen,,,,,,
Boutique-Fitnessstudios,,,,,,
Workouts,,,,,,
Infrarot-Heizpaneelen,,,,,,
NH,,,,,,
NH-169-Baustelle,,,,,,
Groß-Mekong-Subregion,,,,,,
Kambodscha …,,,,,,
Waldbrandbeamte,,,,,,
Kreide,,,,,,
Friseursalon,,,,,,
Landkreises für rauchige Tage,,,,,,
Meeresreptiliens,,,,,,
Energieriesen,,,,,,
Calabasas,,,,,,
Appetitveränderungen,,,,,,
Zentrum von Fukuoka,,,,,,
Landsuche,,,,,,
Käufer,,,,,,
Feldbach,,,,,,
Bernburg an der Saale,,,,,,
The Gateway Pundit,,,,,,
geheimen Area 51,,,,,,
Quail Springs,,,,,,
Region Waldbrände,,,,,,
Möhnesee,,,,,,
nasse Bedingungen,,,,,,
Cauvery-Befugnis,,,,,,
Rechtstechnologie,,,,,,
Straße zur französischen Stadt,,,,,,
Seenot,,,,,,
Yoga-Studios,,,,,,
Ost-Wisconsin,,,,,,
Hochwasserschutzprojekt,,,,,,
Schloss,,,,,,
Rekordtief an der Donau,,,,,,
Rekordtiefständen an der Donau,,,,,,
Uki,,,,,,
Zecken,,,,,,
Gelsen,,,,,,
Indoor-Safrananbau,,,,,,
Dampfbadbesuche,,,,,,
Robert-Koch-Institut,,,,,,
Gärtner,,,,,,
Chiemgauer Alpen,,,,,,
deutschen Alpen,,,,,,
Wetter-App,,,,,,
Ferienortes,,,,,,
Navaluenga,,,,,,
Avila,,,,,,
Große Temperaturunterschiede,,,,,,
griechische Insel,,,,,,
Varese,,,,,,
Hurrikan-Genevieve-Spaghetti-Modelle,,,,,,
Cat 5 Peak,,,,,,
Flächenbrands,,,,,,
Doppelsturmproblem des Mars,,,,,,
Hitzschlaggefahr,,,,,,
Wacken Open Air,,,,,,
Inflationsschub,,,,,,
Österreichs Betriebe,,,,,,
Feuergefahr,,,,,,
Datenschutzgründen,,,,,,
Xbox-Konsole,,,,,,
Pocken Amerika,,,,,,
Kego-Verwerfungszone,,,,,,
Cricket-Sturm,,,,,,
Weyer,,,,,,
US-Bootsangriffskampagne,,,,,,
Barcelonas,,,,,,
El Raval,,,,,,
Abkühlorte,,,,,,
Hitze-Kurzarbeitergeld,,,,,,
Surflehrern,,,,,,
Pfalz,,,,,,
Vineta-Festspielen,,,,,,
West Virginias,,,,,,
Zentral-West Virginia,,,,,,
Agios Vasileios,,,,,,
Rungholt,,,,,,
Kontrollen,,,,,,
Gwaelod-y-Garth am Stadtrand,,,,,,
Bezirk Steyr-Land,,,,,,
Queen's Park,,,,,,
Radarkameras,,,,,,
Tunesiens,,,,,,
Heezen-Tharp-Weltozeanbodenkarte,,,,,,
Unaufhörlicher Regen,,,,,,
Ramkund,,,,,,
Kopa,,,,,,
Haripura-Stausee,,,,,,
Jazeera Nirmal,,,,,,
Himalaya-TragödieNational Ge…,,,,,,
West-Ahmedabad,,,,,,
festsaßen,,,,,,
Unterführungen,,,,,,
Ribadu,,,,,,
Sicherheitsgewinne,,,,,,
Parkinson-Auslöser,,,,,,
Kommunikationskorridor,,,,,,
Unterwasservulkane,,,,,,
US-Rentner,,,,,,
Erdbeben am späten Dienstag,,,,,,
Karakorum…,,,,,,
S. Hübner,,,,,,
Hitze ebbt,,,,,,
Arc’teryx Norvan LD 4 GTX,,,,,,
Kara-Gebirge,,,,,,
Kyushu-Shinkansen-Verkehr,,,,,,
Hakata,,,,,,
Abschnitts,,,,,,
Kagoshima-Chuo,,,,,,
PoK,,,,,,
Sees Genezareth,,,,,,
Jordantal,,,,,,
Geschäftsquartal,,,,,,
pakistanischen Berg,,,,,,
Erdbeben im Süden Japans,,,,,,
Netflix-Doku,,,,,,
Superstar-Bergsteiger,,,,,,
Bergsteigens,,,,,,
Tatopani,,,,,,
Koh Samui,,,,,,
Kreativitätsblockaden,,,,,,
Fledermäusen,,,,,,
Queen’s Park,,,,,,
Salzkammergut-Klinikum,,,,,,
Vöcklabruck,,,,,,
Dunwich Heath,,,,,,
Leiston,,,,,,
Japans so…,,,,,,
Zentrum der Betrugsvorwürfe,,,,,,
Dikhow-Fluss,,,,,,
JMA,,,,,,
Feriendörfern,,,,,,
Stadt Kahima,,,,,,
Dadahup,,,,,,
Einkaufscenter,,,,,,
West Highlands,,,,,,
Lochaber,,,,,,
Stockwerks,,,,,,
Grenzregionen,,,,,,
Kambi,,,,,,
anwiesen,,,,,,
Aliki,,,,,,
Kamari,,,,,,
S,,,,,,
JAPAN,,,,,,
CNN-Feuer,,,,,,
Touristenresidenzen,,,,,,
Niagara-on-the-Lake,,,,,,
Surf-Hotspot Lacanau,,,,,,
Erdbeben am Dienstag Japan,,,,,,
frankfurt,,,,,,
Urselbach,,,,,,
Heddernheim,,,,,,
Speicher,,,,,,
Almatti,,,,,,
Narayanpur,,,,,,
Kreis Offenbach,,,,,,
Land Rover Range Rover Sport Supercharged,,,,,,
Krankenwagen,,,,,,
Zwillingsvulkane,,,,,,
Vermonts,,,,,,
Erdbeben beschädigte Einkaufszentrum,,,,,,
Erdbeben in Einkaufszentrum,,,,,,
iranischen Staat,,,,,,
Erdbeben in Südwestjapan,,,,,,
Dienstag Japan,,,,,,
Kumamoto“,,,,,,
BridgeHead-Tunneling-Tools,,,,,,
Ariake-Meeres,,,,,,
Yatsushiro-Meeres herausgaben,,,,,,
WLUK,,,,,,
Ill,,,,,,
Ill im Walgau,,,,,,
Tausenden von Häusern,,,,,,
Erdbeben vor der Insel Kyushu,,,,,,
Kyūshū,,,,,,
Arbeitsgruppe,,,,,,
Bad Nauheim,,,,,,
Witterungseinflüssen,,,,,,
Krisen-Arbeitsgruppe,,,,,,
Ariake-See,,,,,,
Yatsushiro-See,,,,,,
Sturzflutalarm,,,,,,
Lower Hudson Valley,,,,,,
Staatenwelt,,,,,,
Klimatrends,,,,,,
Libyens,,,,,,
Präfektur Gironde,,,,,,
Touristenattraktionen,,,,,,
Shoppingmall,,,,,,
Falckensteinstraße,,,,,,
Ontario Aviation,,,,,,
Wisconsin-Nachbarschaften,,,,,,
Twister,,,,,,
Nordkorea im Jahr 2016,,,,,,
Präfektur Kumamoto …,,,,,,
Nachtsturm,,,,,,
Distrikt Sivasagar,,,,,,
Baja California,,,,,,
Superfund,,,,,,
Alaskas Gebirgsstraße,,,,,,
Nordalaska,,,,,,
Mokokchung,,,,,,
Erdbeben in JapanKIRO 7,,,,,,
Rowe Creek-Komplexes,,,,,,
Bradshaw,,,,,,
Aeon-Einkaufszentrum,,,,,,
Hitzeindizes für Florida,,,,,,
Atomkraftwerks Cernavodă,,,,,,
Custer,,,,,,
Lemhi,,,,,,
Krya Vrysi,,,,,,
PG&E-Meteorologen,,,,,,
Nea Krya Vrysi,,,,,,
spanische Villa,,,,,,
Chaos,,,,,,
zumabeach,,,,,,
tsunami,,,,,,
Venice Pier,,,,,,
Cernavoda,,,,,,
Dschibuti,,,,,,
Ärztinnen,,,,,,
Stadtführerinnen,,,,,,
Alaknanda,,,,,,
Warnstufe …,,,,,,
Kärntner Seen,,,,,,
Schifffahrt-Unternehmen,,,,,,
Dauerhitze,,,,,,
Hiloni Nepali Khuti,,,,,,
Waldbewirtschaftungspläne,,,,,,
München-Schwabing,,,,,,
Äußeren Hebriden dunkel,,,,,,
Lebensräume,,,,,,
Fuente del Albarico,,,,,,
Malaga,,,,,,
Downers Grove,,,,,,
"Erdbeben der Stärke 7,1 Japan",,,,,,
Aeon,,,,,,
Kashima Town,,,,,,
Resorts,,,,,,
Tipps von Hitze-Arbeitsplätzen,,,,,,
Landkreis Waldshut,,,,,,
Landkreis Waldshut“,,,,,,
Lavendel-Begleitpflanzen,,,,,,
East Midlands,,,,,,
Handkes,,,,,,
Menschenhand,,,,,,
Zentrum der wütenden Waldbrände,,,,,,
Kyushu des Landes,,,,,,
Chipkonzern Renesas,,,,,,
Benue-Binnenvertriebene,,,,,,
Benue-Binnenvertriebenen,,,,,,
Fujifilm,,,,,,
Infrastrukturausfälle,,,,,,
Internetzugangs,,,,,,
Erdbeben-Nachbeben,,,,,,
Naturschützer,,,,,,
Wasserstand im Rhein,,,,,,
Wasser-Notstand,,,,,,
Treibhausgas-Melderegel,,,,,,
Belagavis,,,,,,
Tilari-Einzugsgebiet,,,,,,
Yuhuan,,,,,,
Taifuns Dolphin,,,,,,
XIANGYANG,,,,,,
Nepal-Tib,,,,,,
Klimaschützer,,,,,,
Nepals Himalaya,,,,,,
Bhotekoshi-Flusses,,,,,,
chinesisch-nepalesischen Grenze,,,,,,
Erdbeben-Link,,,,,,
Khola,,,,,,
Tibet-Region,,,,,,
Himalaya-Grenze,,,,,,
Crypto B…,,,,,,
Disneyland Paris,,,,,,
Frankreichs V…,,,,,,
Botanische Garten,,,,,,
Thredbo,,,,,,
hawaiianische Insel,,,,,,
Zentralregion,,,,,,
Umweltgründen,,,,,,
Importregeln,,,,,,
Berau,,,,,,
Ost-Kalimantan,,,,,,
Social-Media-Sucht bei Kindern,,,,,,
Gletschersees,,,,,,
GLOF,,,,,,
Kölnbreinsperre,,,,,,
Hitzeaktionsplan,,,,,,
Vereinigte Königreich Moskau,,,,,,
Zeitsteuer,,,,,,
Diskretion,,,,,,
Himalaya-Grenzgebiet,,,,,,
Hötting,,,,,,
Chinas Super-Staudamm,,,,,,
Pinpet,,,,,,
US-Reservoirs,,,,,,
Obon-Reisen,,,,,,
Homestead,,,,,,
Minderheitsführer,,,,,,
Landkreis im Allgemeinen bewölkt sei …,,,,,,
Streckenschutz am Arlberg,,,,,,
Naturgefahren,,,,,,
Muaro Jambi,,,,,,
Vox,,,,,,
Super-El-Niño-Stürme Großbritannien,,,,,,
Süd-Sumatra Waldbrände,,,,,,
Südsumatra,,,,,,
Hagel-Chaos,,,,,,
Mont-Louis,,,,,,
Tropensturm Iselle,,,,,,
Carcassonne,,,,,,
Isländer,,,,,,
Westen bedrohen,,,,,,
Ungemach,,,,,,
Monmouth County,,,,,,
Shackleton-Kraters,,,,,,
Shackleton,,,,,,
Walmart-Regalen,,,,,,
Trump-Schildern,,,,,,
Atlantiksturm,,,,,,
Finanzhilfen,,,,,,
Monsun-Sicherheitsrichtlinien,,,,,,
Straßenzustand,,,,,,
Rettung im Toten Gebirge,,,,,,
Offensee,,,,,,
Dienstagnachmittag,,,,,,
Großen Scheiblingkogel,,,,,,
Dove-Stone-Stausee,,,,,,
Wasserbombe,,,,,,
Hohlhandzauber 三个版本的歌词整理,,,,,,
Zwillingsbäume,,,,,,
Lawinenzone,,,,,,
"HD
",,,,,,
"HD
Joe",,,,,,
aufstaute,,,,,,
Nordwestschweiz,,,,,,
Weiße Wüste,,,,,,
Nepal-Tibe,,,,,,
Hilfsteams,,,,,,
Turtle Mountain,,,,,,
Stadt Frank,,,,,,
Gesichtserkennungsalarm,,,,,,
Hausfassaden,,,,,,
Schaffhausen,,,,,,
New York im Jahr 2024,,,,,,
Haus in Sonapur,,,,,,
NRSC,,,,,,
Geissens,,,,,,
Langtang-Lirung-Gletschers,,,,,,
Bundesliga-Saison,,,,,,
Stance,,,,,,
No-Show-Socken,,,,,,
knöchelhohe,,,,,,
Bidur,,,,,,
Skigebiete Lech,,,,,,
ullrs-secret,,,,,,
Backcountry-Skigebiet,,,,,,
Sur…,,,,,,
Blutbad,,,,,,
Himalaya-Dörfern,,,,,,
Tee-Anbau,,,,,,
Schweröl,,,,,,
3347.HK,,,,,,
300347.SZ,,,,,,
HANGZHOU,,,,,,
getretenCNN,,,,,,
Pro-Trump-Schildern,,,,,,
Neuhardenberg,,,,,,
El Niños,,,,,,
El Niño-Ereignisse,,,,,,
Sturzflutkatastrophe,,,,,,
Lida,,,,,,
Echo,,,,,,
Marina,,,,,,
Oceanogràfic,,,,,,
Erdbeben im August,,,,,,
Kaffee-Website Sprudge,,,,,,
Autonomen Gebiet Tibet,,,,,,
Überschwemmungssee,,,,,,
Kyushu Shinkansen,,,,,,
Ne…,,,,,,
Sarnia-Tornados,,,,,,
Port Huron,,,,,,
Rasuwa-Distrikt,,,,,,
Si…,,,,,,
nepalesischen Grenze,,,,,,
Shigatse,,,,,,
China-Nepal,,,,,,
Kerry County Council,,,,,,
Tal des Lhende-Flusses,,,,,,
englischen Küste,,,,,,
Pokhara-Busparks,,,,,,
Grenzsee,,,,,,
Schaumstoff,,,,,,
Bergsturz,,,,,,
Trump-Anhängern,,,,,,
Platja de s'Arenal,,,,,,
Kraftwerksteams,,,,,,
Speicherverluste,,,,,,
Arbeitsaufsichtsbehörden,,,,,,
Gátova,,,,,,
Provinz Valencia,,,,,,
Schädlinge,,,,,,
Klay,,,,,,
South Beach,,,,,,
Leopardgeckos,,,,,,
Cozeware,,,,,,
SEER2,,,,,,
Thermo-Unterpfanne,,,,,,
halten</li,,,,,,
aufwachen</li,,,,,,
Sturm Moke,,,,,,
Bewässerungsbedarf,,,,,,
Südburgenland,,,,,,
Canal,,,,,,
Erdbeben vom 10,,,,,,
El Campin-Stadion,,,,,,
Klosters-Lawine,,,,,,
Erdmikroben,,,,,,
Blaenavon-Lauffeuers,,,,,,
Rückschritte,,,,,,
Gandun Sarki,,,,,,
Jahrtausendflut,,,,,,
Bad Boy,,,,,,
Offseason-Steals,,,,,,
Zivilschutzteams,,,,,,
Miami Beach,,,,,,
Bhokraha Narsingh Rural Municipality-4,,,,,,
Bezirk Sunsari,,,,,,
Ganga-Sperrstufen,,,,,,
Santa Barbara County,,,,,,
Point Conception,,,,,,
Land hinaufzieht,,,,,,
GÁRDONY,,,,,,
Velence-See,,,,,,
Bezirk Neusiedl am See,,,,,,
St. Matthew Island,,,,,,
Kuipergürtel-Welttriton,,,,,,
Larissa,,,,,,
Galatea,,,,,,
Prinzeninseln,,,,,,
Sommerpause,,,,,,
Andenstaat Peru,,,,,,
Abflusskanal,,,,,,
Ayacucho,,,,,,
Long I,,,,,,
St. Koloman,,,,,,
PLTR,,,,,,
Föhrenwald,,,,,,
Freitag Brand,,,,,,
Bergamo,,,,,,
New Yorks Long Island,,,,,,
Stürme Tornados,,,,,,
Tegernsee,,,,,,
Strandclub,,,,,,
Datenplattformunternehmens,,,,,,
Tropensturm-Moke,,,,,,
Coiled Isle,,,,,,
Ramgarh-Minen,,,,,,
Muncie,,,,,,
Cambridge City,,,,,,
GREENWOOD,,,,,,
Tarakarama Lift,,,,,,
Hinweis,,,,,,
Vuelta,,,,,,
Verbrannte Erde -,,,,,,
Las Vegas Aces,,,,,,
Goûter Couloir,,,,,,
Berliner Wein,,,,,,
Hamsterley Forest,,,,,,
Bergell,,,,,,
Pontresina,,,,,,
Balkan anheizt,,,,,,
Lehmboden ausgetrocknet,,,,,,
Hitzeschwerpunkt Frankfurt,,,,,,
Milliardeneinbußen,,,,,,
Baznas,,,,,,
B111,,,,,,
Copernicus,,,,,,
Existenznöte,,,,,,
Mietschulden,,,,,,
Hawaii Regen,,,,,,
ICE-Razzien,,,,,,
Lehm,,,,,,
Dürre ausgetrocknet,,,,,,
c2c-Strecke,,,,,,
Shoeburyness,,,,,,
Wildpark,,,,,,
Dürrehilfen,,,,,,
Stadt Nevada,,,,,,
Stadtteilen,,,,,,
Vuelta-Etappe,,,,,,
Erdbeben vor zehn Jahren,,,,,,
Unterirdisches Magma,,,,,,
Stadtstraßen,,,,,,
Hochgeschwindigkeitsstraßen,,,,,,
Reno zustürmt,,,,,,
Adilet,,,,,,
Zandvoort,,,,,,
Zugzwang,,,,,,
Moke,,,,,,
Angebotspreises,,,,,,
Installationsbedingungen,,,,,,
Pear Lake-Lauffeuers,,,,,,
Stücks,,,,,,
Hawaii Island,,,,,,
Nimrod,,,,,,
Olopade,,,,,,
Hirsche,,,,,,
normal,,,,,,
Erdbeben in Kolumbien und Indonesien,,,,,,
Atemnot,,,,,,
Plünderern,,,,,,
Social-Media-Buzz,,,,,,
Nass,,,,,,
Puertoricanern,,,,,,
Hawaii News Now,,,,,,
Hawaiis Hurrikan-Kraftfeld,,,,,,
Jacke,,,,,,
gefrorene Wüste,,,,,,
Lettland,,,,,,
Way Kambas,,,,,,
Regionalpolizei Lampung,,,,,,
Way-Kambas-Nationalparks,,,,,,
TNWK,,,,,,
Landes“ – Selenskyj,,,,,,
Neuwahlen,,,,,,
Tarragona,,,,,,
Washoe County,,,,,,
Drohungen Rettungseinsätze,,,,,,
Hygieneniveau,,,,,,
Naturschützern,,,,,,
Bert Ogden Arena,,,,,,
Moskauer,,,,,,
Schneegürtel,,,,,,
Säntis,,,,,,
Kanton Appenzell Ausserrhoden,,,,,,
Oak Ridge National Laboratory,,,,,,
Phasenwechselmaterialien,,,,,,
Havant Thicket,,,,,,
Thicket,,,,,,
Herbstsaison,,,,,,
Gründach,,,,,,
Gründachoberfläche,,,,,,
Southside Virginia,,,,,,
Freisprüche,,,,,,
Piz Cengalo,,,,,,
Edinburg,,,,,,
Serian,,,,,,
Nahrungsmittel,,,,,,
Winteratmosphäre des Mars,,,,,,
Marsatmosphäre,,,,,,
Essex County,,,,,,
Tennessee State,,,,,,
September-Hitzerekord,,,,,,
Langener Waldsee,,,,,,
Marie,,,,,,
Nährstoffschub,,,,,,
☕❄️ Paris,,,,,,
Rajahmundry,,,,,,
Herbstregenfront,,,,,,
Haighs,,,,,,
the Mountains,,,,,,
Du-weißt-schon-wer,,,,,,
Porto Alegre,,,,,,
High-School-Footballs,,,,,,
Moncler,,,,,,
"fort

",,,,,,
Grand Canyon Ersthelfer,,,,,,
Insel Borneo,,,,,,
Elephant Butte Reservoir,,,,,,
New Mexicos,,,,,,
Rio …,,,,,,
Südlichen Sandwichinseln,,,,,,
Labor-Day-Wochenendes,,,,,,
Franke,,,,,,
Ostchinas,,,,,,
Forsa-Umfrage,,,,,,
Friedens,,,,,,
Fuzhou,,,,,,
Küste von Fujian,,,,,,
Bäche,,,,,,
Fiordland,,,,,,
Shiba Inu,,,,,,
Unwetter im Metnitztal,,,,,,
St. Veit/Glan,,,,,,
Langenleba…,,,,,,
Unicredit-Chef,,,,,,
Fußballverein,,,,,,
Rockenberg,,,,,,
Mieterprotest,,,,,,
Nordend,,,,,,
Khumbu-Gletscher,,,,,,
Pawo Choyning Dorji,,,,,,
Telluride Bow,,,,,,
Stadt tornadostarke,,,,,,
Amag,,,,,,
Flugportal,,,,,,
deutsche Wald,,,,,,
Schifffa…,,,,,,
Santa Eulària des Riu,,,,,,
Blackpool-Fans,,,,,,
Hurrikan-Beobachtung,,,,,,
Steine ​​über,,,,,,
Iwaki,,,,,,
AfD-Tsunami,,,,,,
Pandu-Fluss,,,,,,
Kanpur Dehat,,,,,,
Liter Urin,,,,,,
Gletscher- und Bergkollaps,,,,,,
Widerstandsfähigkeit,,,,,,
Salina,,,,,,
Muellers Farm,,,,,,
Griesgletscher,,,,,,
Kabardino-Balkarien,,,,,,
Wasserknappheit,,,,,,
September Platz,,,,,,
Esti,,,,,,
Fachkräften,,,,,,
Banjarbaru,,,,,,
Purchaudi,,,,,,
Meeresalgen,,,,,,
Miramar Beach,,,,,,
Muz-Taw-Gletscher,,,,,,
Kheri,,,,,,
Las Vegas-Flugplan,,,,,,
Ikorodu-Brücke,,,,,,
Agric-Isawo-Straße,,,,,,
INdonesien,,,,,,
westafrikanischen Landes,,,,,,
Flughafen Indonesiens,,,,,,
Rechenzentrums,,,,,,
Satya Niketan,,,,,,
East Sussex,,,,,,
Stahlseil,,,,,,
Outdoorverein,,,,,,
Hurrikan Kalifornien,,,,,,
hawaiianische Inseln,,,,,,
großen hawaiianischen Inseln,,,,,,
Frauenmordes,,,,,,
Lt,,,,,,
Pottawatomie County,,,,,,
Shawnee,,,,,,
Kanton Zürich,,,,,,
Schadenszentrum,,,,,,
Provinz Jiangxi,,,,,,
Flughafen Anak Kraka…,,,,,,
Asche weht,,,,,,
Provinz Lampung,,,,,,
Bürgerwillen,,,,,,
Vulkanaschewolke,,,,,,
Seal Beach,,,,,,
Labor-Day-Wochenende,,,,,,
Indoniesen,,,,,,
Sonntag Warnungen,,,,,,
Tropenstürmen,,,,,,
Dengue-Malaria,,,,,,
Maha-Opfern,,,,,,
Panjagutta,,,,,,
Punjagutta-Offizierskolonie,,,,,,
Al-Quboor-Moschee,,,,,,
Bewohnern Hawaiis,,,,,,
Uckfield,,,,,,
Rao Inderjit,,,,,,
Tyler,,,,,,
Great Firewall of China,,,,,,
Callisto 32,,,,,,
Jijel,,,,,,
Béjaïa,,,,,,
Tizi Ouzou,,,,,,
Surf-Meisterschaften,,,,,,
Asche kilometerhoch,,,,,,
Hokuriku,,,,,,
Wettersatelliten,,,,,,
Drittanbietern,,,,,,
Breezy,,,,,,
Kärntner Bergen,,,,,,
Land grünen Wasserstoff,,,,,,
Berg Sinabung,,,,,,
Südkalifornien Besorgnis,,,,,,
Sturms …,,,,,,
Callisto,,,,,,
Kalifornien-Hurrikan,,,,,,
Dissoziation,,,,,,
St. Goarshausen,,,,,,
Ramsey,,,,,,
Grand Canyon Village,,,,,,
Schlangen,,,,,,
WoW-Patch,,,,,,
Augenblicken,,,,,,
Katastrophe …,,,,,,
Bright Angel Creek,,,,,,
Kuruvai-Reis,,,,,,
Wasserkraftarbeitern,,,,,,
Port Bolivar,,,,,,
Vermilion,,,,,,
Cameron Parish,,,,,,
Schussbahn,,,,,,
Spätsommerliche Temperaturen,,,,,,
Langtang Lirung-Gebirges,,,,,,
Lhende,,,,,,
Abflüsse,,,,,,
Allapur,,,,,,
Sohbatia Bagh,,,,,,
Betonpflastersteine,,,,,,
Puja,,,,,,
Doppeldecker-Marvel,,,,,,
Ikon Pass Country,,,,,,
Regionalbezirk Thompson-Nicola,,,,,,
Abwärme,,,,,,
Weddellmeer,,,,,,
Innenmaße,,,,,,
Cascadia-Megabeben,,,,,,
Juan-de-Fuca-Platte,,,,,,
Grenzhafens,,,,,,
Aufklärungskampagne,,,,,,
Felsklippe,,,,,,
Falke,,,,,,
Berry Head,,,,,,
Krankenanstalten,,,,,,
Alpenland,,,,,,
Pani Wala Bend,,,,,,
Kelso,,,,,,
Sturzfluten an der Grenze,,,,,,
Wild Hunt,,,,,,
Blizzards Battle.net,,,,,,
U.S.,,,,,,
Wasserkrafttunneln,,,,,,
Ärmelkanals,,,,,,
Langtang-Lirung-Gebiet,,,,,,
Morgan City,,,,,,
Chloe,,,,,,
Hardin,,,,,,
Gemeinde Salamina,,,,,,
Ginostra,,,,,,
Stromboli,,,,,,
Sanitär-Rätsels,,,,,,
Nature Health-Studie,,,,,,
Colorado Fire,,,,,,
Colorado Road,,,,,,
Himalaja-Tsunami,,,,,,
Nepalis,,,,,,
Ebreichsdorf,,,,,,
Bezirk Baden,,,,,,
Uludağ,,,,,,
Salamina,,,,,,
Hafenbehörde von Piräus,,,,,,
PPA,,,,,,
"…
",,,,,,
Dano,,,,,,
Arizona hitzebedingte Todesfälle,,,,,,
Nepals Grenze,,,,,,
Bhotekoshi-Fluss,,,,,,
Rückschlag,,,,,,
Mytikas,,,,,,
Theben,,,,,,
Solarparks,,,,,,
Mytikas-Gebiet,,,,,,
Gemeinde Theben,,,,,,
Amerikas Lichter,,,,,,
Dragonwilds,,,,,,
Beaumont,,,,,,
Köflach,,,,,,
Maria Lankowitz,,,,,,
Aysha,,,,,,
Aborigine-Gemeinde,,,,,,
Hanglagen,,,,,,
Berghängen,,,,,,
Evelyn,,,,,,
Finn,,,,,,
Land zu Land,,,,,,
Naturkatastrophenschäden,,,,,,
Udyuda,,,,,,
Metnitztal,,,,,,
Wartburgkreis,,,,,,
Observatorien,,,,,,
Newsoms,,,,,,
Mount Lindesay,,,,,,
Oxley,,,,,,
Clyde Mountain,,,,,,
Bonang,,,,,,
Rollschuhen,,,,,,
Haus der Familie,,,,,,
Hollis,,,,,,
Hochdruck,,,,,,
Nep…,,,,,,
Lehrplans,,,,,,
Warnsystemen,,,,,,
Tropischer Sturm Edouard Graphics,,,,,,
Tropensturm Edouard dem Land,,,,,,
Geländes,,,,,,
Tropischer Sturm Edouard,,,,,,
wochenlang im Dunkeln,,,,,,
Fursan Al Emarat-Teams,,,,,,
Bundesprognostiker,,,,,,
Hauseinsturz,,,,,,
Guwahati Mathgharia,,,,,,
Spielzeugbälle,,,,,,
Strandurlaub,,,,,,
Füllstand,,,,,,
HVAC-Verkabelung,,,,,,
Sonntag hochsommerlich,,,,,,
Lavaströmen,,,,,,
Kanti,,,,,,
Zuckerrüben,,,,,,
Erdbeben die Bergungs- und Aufräumarbeiten,,,,,,
Erdrutschwarnungen,,,,,,
Alteneinrichtungen,,,,,,
Golfplatzes,,,,,,
Raiffeisenverband,,,,,,
Bierbranche leiden,,,,,,
Kurilen-Spucke,,,,,,
Baum-Streifen,,,,,,
Anwesenheitssensoren,,,,,,
Einrichtungsaufwand,,,,,,
Software-Support,,,,,,
Großen …,,,,,,
NDRF,,,,,,
Chamoli-Tunnels,,,,,,
Berg Aso,,,,,,
Kompaktlader,,,,,,
Rolpa-Gesetzgeber,,,,,,
Hauptferienwoche,,,,,,
OKX,,,,,,
Weather Channel-Tropensturm Lala,,,,,,
Wirtschaftsministerin Reiche,,,,,,
Pushpalal,,,,,,
Mid-Hill,,,,,,
Powerball-Dürre,,,,,,
Quincy,,,,,,
Powerball,,,,,,
Windschäden,,,,,,
Standorts,,,,,,
Äquatorialpazifik,,,,,,
Wechseljahrsbeschwerden,,,,,,
Hollywoods,,,,,,
Mawgan Porth Golf Club,,,,,,
Paks,,,,,,
Ost-Indiana,,,,,,
Erdbeben von 2024,,,,,,
West Des Moi …,,,,,,
Völker,,,,,,
Berliner Landgericht,,,,,,
Gurkha-Bergsteiger,,,,,,
Mineralwasser,,,,,,
Restrisiko,,,,,,
Hurrikanbedingungen,,,,,,
Preises,,,,,,
Bergbaudorfes,,,,,,
Corpus Christi,,,,,,
Feriendorf,,,,,,
Erdbeben im Jahr 2026,,,,,,
Tropischer Sturm Lala,,,,,,
Hawaii bedeutetKHON2 Tropensturm Lala,,,,,,
Hurrikan-Warnung,,,,,,
Cloud-Dienste,,,,,,
Malware,,,,,,
Datenschutzverletzungen,,,,,,
GW Orionis,,,,,,
Schock …,,,,,,
Jhansi,,,,,,
Erdbeben die Hoffnung,,,,,,
Spa,,,,,,
Cajon Pass,,,,,,
STOURBRIDGE,,,,,,
Deep Cove,,,,,,
Kotlabara,,,,,,
Greenpeace-Aktion,,,,,,
Unterwasserbeben,,,,,,
Pazifische Feuerring,,,,,,
Tauchtouristen,,,,,,
Chiba,,,,,,
Zuckerstoffwechsel,,,,,,
Weimar,,,,,,
Flores-Insel,,,,,,
Erdbeben erschüttert Andalusien – Epizentrum,,,,,,
Granadas,,,,,,
Social-Media-Altersgrenze,,,,,,
Ausmaß,,,,,,
Gey,,,,,,
Dibang-Tal,,,,,,
Upper Subansiri,,,,,,
Sikka,,,,,,
Mount Seymour Park,,,,,,
West Manggarai,,,,,,
Flughafens von Catania,,,,,,
Maui County,,,,,,
Erdbeben in Nord-Sumatra,,,,,,
Erdbeben vor Ostindonesien,,,,,,
Dürre-Schock am Rhein,,,,,,
KI-Revolution,,,,,,
Erdbeben trifft Kolumbien,,,,,,
Machtwechsel,,,,,,
Leipziger Flughafen,,,,,,
Ätna-Warnstufe,,,,,,
Thawang,,,,,,
Kotalbara,,,,,,
Thawang-5,,,,,,
Ende,,,,,,
Crossing Region,,,,,,
Erdbeben vor der Insel Flores,,,,,,
indonesischen Küste,,,,,,
Region Landes,,,,,,
Nikon,,,,,,
Gouter,,,,,,
Tête Rousse,,,,,,
Stadt Malibu,,,,,,
Mäßiger Regen,,,,,,
Saryu,,,,,,
Kapkot-Bageshwar,,,,,,
Brückenniveau,,,,,,
Osteuropas,,,,,,
Tornado-Hilfsmaßnahmen,,,,,,
Wisconsin Timber Rattlers,,,,,,
Pyli,,,,,,
Kloster San Juan de la Pena,,,,,,
Aragón,,,,,,
Wellhorn,,,,,,
Meiringen bei Bern,,,,,,
Ashok Nagar,,,,,,
Landes im Jahr 2015,,,,,,
Krankenhausgebäude,,,,,,
D23,,,,,,
Omis,,,,,,
Das National Hurricane Center,,,,,,
Trout Creek,,,,,,
Lala Big Island,,,,,,
Sage,,,,,,
"Erdbeben der Stärke 7,8 erschüttert die Küste Indonesiens",,,,,,
"Erdbeben der Stärke 7,7 vor der Insel Flores",,,,,,
"Erdbeben der Stärke 7,7 heimgesucht:",,,,,,
Halsschmerzen,,,,,,
Landgericht Berlin,,,,,,
Hüttenberg,,,,,,
DM-Büro,,,,,,
Cardrona Alpine Resort,,,,,,
Sihl,,,,,,
Flughafen Noida,,,,,,
Online-Sticheleien,,,,,,
Noida International Airport,,,,,,
Ni,,,,,,
Diletta,,,,,,
Cristobal,,,,,,
Kaliforniens.nytimes.com Holz-Lauffeuer,,,,,,
Weilrod im Taunus,,,,,,
Appelle,,,,,,
Landes von Dürre,,,,,,
De…,,,,,,
Ningbo,,,,,,
Schulstraße,,,,,,
Japanischen Meer,,,,,,
Kraft um …,,,,,,
Nacht Trockeneis,,,,,,
KSBW,,,,,,
Holzbrand,,,,,,
Big SurKSBW,,,,,,
Großraum Chicago,,,,,,
Großen Roten Fleck,,,,,,
Chinook-Lachse,,,,,,
Kurla-Gebiet,,,,,,
Kurla,,,,,,
Chirag Nagar,,,,,,
Erdbeben am Montag,,,,,,
verheerendste Erdbeben,,,,,,
Schutzhütte,,,,,,
Pegelstände am Rhein,,,,,,
Fußstapfen von Phoebe Snow,,,,,,
Regenperiode,,,,,,
Füllhorn,,,,,,
Narita,,,,,,
Joban-Linie,,,,,,
Beschwichtigungen,,,,,,
Einladungen,,,,,,
Weißen Haus im Jahr 2025,,,,,,
Hauptstädteverband,,,,,,
Asocapitales,,,,,,
Chinas Zentrum,,,,,,
Erdbeben des Jahrhunderts,,,,,,
Flughafen Siziliens,,,,,,
Telegrafenleitungen,,,,,,
Isaac,,,,,,
türkisch,,,,,,
Zyperns,,,,,,
Outdoor-Masters-1000-Events,,,,,,
Casey Hall,,,,,,
Mozarteums,,,,,,
Besucheranstrum,,,,,,
Alpen-Berghütte,,,,,,
Lagerkonsum,,,,,,
Notstrom,,,,,,
Reparaturen am Kai,,,,,,
Meer Herz- und Atemprobleme,,,,,,
Castle Peak-Lawine,,,,,,
West Bay,,,,,,
UN-Organisationen,,,,,,
Ätna Asche,,,,,,
Spätsaison schneit,,,,,,
Krisensituationen,,,,,,
Trümmerberge,,,,,,
Flugchaos,,,,,,
Kühlmatten,,,,,,
Öko-Dogma,,,,,,
Ghats,,,,,,
Rekord-Meeresspiegeln an der Küste,,,,,,
Bindemittel,,,,,,
US-Gefängnis,,,,,,
Regierungsbehörden,,,,,,
Versicherungsunternehmen,,,,,,
Anwälten,,,,,,
Verbrauchergruppen,,,,,,
Große Sal…,,,,,,
Reims,,,,,,
U-Bahn-,,,,,,
Shiroro,,,,,,
Krim-Stadt,,,,,,
Hubschrauberabsturz,,,,,,
Texas Field,,,,,,
Victorian Alps,,,,,,
Besuchermassen,,,,,,
Sandalen,,,,,,
Grosse Isle,,,,,,
Ätna-Aschewolke,,,,,,
Mount Hood,,,,,,
Pegel im Rhein,,,,,,
z…,,,,,,
Flughafen von Catania,,,,,,
Anomalien,,,,,,
Zhu et al.,,,,,,
Durban,,,,,,
Niedrige Donau,,,,,,
Graubünden,,,,,,
Bänken,,,,,,
Poladpur,,,,,,
Dürre am Rhein,,,,,,
Geneva Township,,,,,,
Jennings County,,,,,,
Müllproblem,,,,,,
Unrat,,,,,,
Wett-App,,,,,,
Catering-Loge,,,,,,
C+,,,,,,
Heat Dome,,,,,,
Bahnhof Moodie,,,,,,
Sturzflutschäden,,,,,,
Stadtbahnbahnhof Moodie,,,,,,
West-Ottawa,,,,,,
Wasserreiche Lebensmittel,,,,,,
uigurische Volk,,,,,,
Qualleninvasion,,,,,,
Hemisph…,,,,,,
Netzwerkkonnektivität,,,,,,
Datenaufladungen,,,,,,
Rechnungsgutschriften,,,,,,
Sterblichkeitslast,,,,,,
Chengdu im Jahr 2022,,,,,,
Gemeinsame Krisenvorsorge,,,,,,
Renaturierung,,,,,,
Spaziergänger,,,,,,
Kathedrale Unserer Lieben Frau vom Rosenkranz,,,,,,
Stadt Manizales,,,,,,
"Erdbeben der Stärke 7,4 Colorado",,,,,,
Chiltern Railways,,,,,,
East Midlands Railway,,,,,,
Senatoren,,,,,,
Sturm-Cristobal-Grafiken,,,,,,
Diemelstadt,,,,,,
Minister für Information und Kommunikation,,,,,,
Litern,,,,,,
KATHMANDU,,,,,,
Kia K900 Luxus,,,,,,
Snow White Pearl,,,,,,
Chuuk-Inseln,,,,,,
Marianen-Inseln,,,,,,
Nagoya,,,,,,
Topfes,,,,,,
Erdbeben heimgesuchten Indonesien,,,,,,
Klimadebatte,,,,,,
Wohnort,,,,,,
Leugner,,,,,,
Hampstead,,,,,,
Staubschüsseln,,,,,,
Notstandshöhe,,,,,,
klimagefährdeten,,,,,,
Leitfaden Quarzsand,,,,,,
BoxHouse Duplex,,,,,,
h…,,,,,,
Enklave Los Angeles,,,,,,
Birstein,,,,,,
Wärmeres Wasser,,,,,,
Erdbeben im Osten,,,,,,
Mount Maunganui:,,,,,,
St. Margaret's-at-Cliffe,,,,,,
Mote Park,,,,,,
Maidstone,,,,,,
Zittern,,,,,,
Österreichs Alpin-Stars,,,,,,
Ostschottland,,,,,,
Schutzpläne,,,,,,
Anleihensturm,,,,,,
Vishnugad-Pipalkoti,,,,,,
Chamoli-Wasserkrafttunnel,,,,,,
Wohnungssuche,,,,,,
ei…,,,,,,
Quibdo,,,,,,
Departements,,,,,,
HoR,,,,,,
Teesta,,,,,,
Alnmouth,,,,,,
Whitestand First Nation,,,,,,
Bauernhof im Tennengau,,,,,,
Vollbrand,,,,,,
Bezirk Hallein,,,,,,
Nischni Nowgorod,,,,,,
Äpfel,,,,,,
Hyde Park,,,,,,
Winterweizen,,,,,,
Winterraps,,,,,,
Gras,,,,,,
Silomais,,,,,,
Kurdistan,,,,,,
Bohrübungen,,,,,,
Erdbeben in Granada“,,,,,,
Quibdó,,,,,,
Staatshilfe,,,,,,
Sondervorführungen,,,,,,
Lush,,,,,,
Pai Skincare,,,,,,
Wälzer,,,,,,
heult,,,,,,
Menschenrechtsanwalt Deji Adeyanju,,,,,,
Deji Adeyanju,,,,,,
Hohe Ausfälle,,,,,,
Seismographen,,,,,,
Gewerbeparkplätze,,,,,,
Indonesiens Borneo,,,,,,
Unwetterereignissen,,,,,,
Dikko Radda,,,,,,
Säcken Getreide,,,,,,
Brandflächen,,,,,,
Brandmanagement,,,,,,
S. Peyk,,,,,,
Tekken,,,,,,
Windhosen,,,,,,
Waldbrandfläche in Europa,,,,,,
Batman-Teil-II-Set-Video,,,,,,
Batmobil,,,,,,
Gotham Donuts,,,,,,
Stadt…,,,,,,
Brisante Geheimnisse der Donau,,,,,,
Narino,,,,,,
Premiere-Termin,,,,,,
Autohäuser,,,,,,
Supermarkt,,,,,,
Leichen bergen,,,,,,
Einwanderern,,,,,,
Festivalstart,,,,,,
Lewes,,,,,,
leerstehendem,,,,,,
Kronberg,,,,,,
Homecrest,,,,,,
Coracora,,,,,,
Familie Maccanico,,,,,,
Retirement Retreat,,,,,,
Backcountry Tiny Homes,,,,,,
Upahuacho,,,,,,
Geburtsergebnisse,,,,,,
Schwalbach,,,,,,
Save,,,,,,
Skimmer,,,,,,
Küstenseeschwalbe,,,,,,
Poole Quay,,,,,,
Bournemouth Beach,,,,,,
Laufstegshows,,,,,,
Kalka-Shimla,,,,,,
Koti,,,,,,
Kalka,,,,,,
P.E.,,,,,,
Stadtmuseum Wiesbaden,,,,,,
Haustier Erdbeben,,,,,,
Kasiya,,,,,,
Minenunglück in Zentralafrika,,,,,,
Weinviertler,,,,,,
Arena,,,,,,
Ultrahelle Lichter,,,,,,
Offroad-Rennsports,,,,,,
Kalksteinmine,,,,,,
Tilordhar,,,,,,
Huntington Bank Field,,,,,,
Zamboi,,,,,,
Präfektur Nana-Mambéré,,,,,,
Tagebaus…,,,,,,
Greenpeace-Studie,,,,,,
Erdbeben betroffenen Kumamoto,,,,,,
Sturmböen hinweggezogen,,,,,,
Dobropolye,,,,,,
300-mm-Raketen,,,,,,
Hormuz,,,,,,
Vorjahr,,,,,,
Fürstenwalde/Spree,,,,,,
Erdbeben-Gebiet,,,,,,
El Niño-Brände,,,,,,
Distrikt Nuwakot,,,,,,
Notarnicola,,,,,,
Wesjegonsk,,,,,,
Erdbeben in INdonesien,,,,,,
White River Rekordwerte,,,,,,
Cianjur,,,,,,
Kalakaua Avenue,,,,,,
Waikiki,,,,,,
SPD-Bundestagsfraktion,,,,,,
Erdbebenopfer,,,,,,
wegfegtFOX-Wettersturm Lala,,,,,,
Haw…,,,,,,
snowpack-elevation-warming-utac,,,,,,
Pepin et,,,,,,
Schneehöhentrends,,,,,,
europäischen Alpen,,,,,,
Karakorum-Anomalie,,,,,,
Google-Schwester,,,,,,
"Erdbeben der Stärke 7,7 Gebäude",,,,,,
Tamsu,,,,,,
Austernbänken,,,,,,
Regenbogenbrücke,,,,,,
Perrysburg,,,,,,
Dead Pool,,,,,,
Sricola/Ableger,,,,,,
Klimaresiliente,,,,,,
Gunjur,,,,,,
Millionärsstraße,,,,,,
Racecourse Lane,,,,,,
griechischen Insel,,,,,,
Indonesien-Beben,,,,,,
Grünen-Chef,,,,,,
Erdbebenhilfsgüter,,,,,,
Erdbeben 14-tägigen Notstand,,,,,,
Steffen Kopetzky,,,,,,
Lala Stromausfälle,,,,,,
Bezirk Upper Subansiri,,,,,,
Sturm Lala,,,,,,
Provinz Lüttich,,,,,,
Voice-Typer-Server,,,,,,
Angst,,,,,,
Provinz Granada,,,,,,
Safari-Reservat,,,,,,
großen Park,,,,,,
Flugzeugsystemen,,,,,,
Hawaii County,,,,,,
verschlimmernFOX19,,,,,,
Erdbeben um Zoll-Aussetzung,,,,,,
Kolonne,,,,,,
Toter,,,,,,
Bücher-Podcast,,,,,,
Erdbeben in Flores,,,,,,
Erdbeben am Samstag,,,,,,
Hoteltrümmern,,,,,,
Infobae,,,,,,
Sonntag Gewitter,,,,,,
Bheri,,,,,,
Nothilfe,,,,,,
Reis,,,,,,
Medienberichten,,,,,,
Kolumbien-Erdbeben,,,,,,
Bheri-2,,,,,,
Lungri Rural Municipality 5,,,,,,
Hawaii-Archipels,,,,,,
Big Island …,,,,,,
Drewitz,,,,,,
Millionen-Soforthilfen,,,,,,
Valle del Bove,,,,,,
Waldbrandgebieten,,,,,,
Versorger Badenova,,,,,,
Kantonsrat,,,,,,
Snowflakes,,,,,,
Trinkwasser-Engpässen,,,,,,
Stromnetz,,,,,,
Dummkopf,,,,,,
große Regen,,,,,,
Hauptinseln Hawaiis,,,,,,
Pajaro,,,,,,
Ihr Haus,,,,,,
Lower Pajaro River Valley,,,,,,
Siziliens Ätna,,,,,,
Stärke,,,,,,
Schaulustige,,,,,,
brdagriai,,,,,,
Python-Framework,,,,,,
herabfallender,,,,,,
East River-Tunnel,,,,,,
Penn Station,,,,,,
Baumschneider,,,,,,
Hilfspersonal,,,,,,
Unabhängigkeitstages,,,,,,
Erdbeben im Osten und drohenden Unruhen,,,,,,
Rekord-Waldbrand,,,,,,
Ulan-Bator,,,,,,
Fadenkreuz,,,,,,
Mikroexplosion am Caddy Lake,,,,,,
Caddy Lake,,,,,,
US-Stauseen,,,,,,
Capra-Gebiet,,,,,,
Ost-Nusa,,,,,,
"Erdbeben der Stärke 7,7 NTT",,,,,,
Arnold,,,,,,
Haupt-Ravi-Kanal,,,,,,
Lala Hawaii,,,,,,
Franziskischlössl,,,,,,
Matrei am Brenner,,,,,,
St. Louis“,,,,,,
Stadt St. Louis,,,,,,
Erdbeben betroffenen Ost-Nusa Tenggara,,,,,,
Gyeongsang,,,,,,
Hurrikan-Niveau,,,,,,
Sizilien Asche,,,,,,
Flughafen Catania Ruhe,,,,,,
Nahrungsmittelpreise,,,,,,
Winterstraßen,,,,,,
Unabhängigkeitstagnbcnews.com Erdbeben in Indonesien,,,,,,
Isolationsprobleme,,,,,,
Sperrgebiet,,,,,,
Tierfutter,,,,,,
Dampek,,,,,,
Erdbebens in Indonesien,,,,,,
PC-Spielen,,,,,,
Survival-Horror,,,,,,
Kaiju-Chaos,,,,,,
Old-School-GTA-Vibes,,,,,,
Videospiele,,,,,,
Salamis,,,,,,
Vulkan-Drama auf Sizilien,,,,,,
Italien-Abenteuer,,,,,,
Regierungsbezirk Schwaben,,,,,,
Wärmepumpe,,,,,,
Glutnestern,,,,,,
Dienstag Tornados,,,,,,
Allzeittief,,,,,,
Volumen,,,,,,
Pushyamitra Bhargav,,,,,,
Backsteinbauernhaus,,,,,,
Wetterphänomen,,,,,,
Rodenbach,,,,,,
Agenturebene,,,,,,
Springbrunnen,,,,,,
Proberäume,,,,,,
"Lagos f

",,,,,,
Bäder,,,,,,
HOLLYWOOD,,,,,,
Gräser,,,,,,
Tilloloy,,,,,,
La Guaira-Gebäude,,,,,,
Catia la Mer,,,,,,
Erdbeben der Vorwoche,,,,,,
Kreuzungen,,,,,,
Treuhandfonds,,,,,,
Projekte,,,,,,
Erdbeben izwischen 1.719 Tote,,,,,,
Hügelstraße,,,,,,
Felsbrocken,,,,,,
Point-Hotels,,,,,,
Yoasobi,,,,,,
Neon-Musical-Kollaboration,,,,,,
Spendenbetrug,,,,,,
Detroit-Tigers-Anwärters,,,,,,
Brunswick Creek,,,,,,
US-Touristen,,,,,,
Drei-Zimmer-Haus,,,,,,
Erdbeben-Vorsorgeausrüstungen,,,,,,
oben/unten,,,,,,
N.W.T.,,,,,,
VIDEO,,,,,,
TMC,,,,,,
Rajduwali,,,,,,
Hüttau,,,,,,
Werfenweng,,,,,,
Waldbrand-Einsätzen,,,,,,
M.M.,,,,,,
Mitteleuropas,,,,,,
Courteney Cox,,,,,,
Fermi-Meer,,,,,,
Blitzreiches Wochenende,,,,,,
Erdbeben in Imst,,,,,,
Bezirk Imst,,,,,,
Zentrum der Milchstraße,,,,,,
Homerun-Wetten,,,,,,
Montag Gewitter,,,,,,
Deutsche Wetterdienst,,,,,,
Rekordsturz,,,,,,
Dehcho,,,,,,
Autobahn 8,,,,,,
H/t Don Healy,,,,,,
Tauernradweg-Sperre,,,,,,
Bundesstraße neu,,,,,,
Erdbebenkatastrophe,,,,,,
Hitzewelle in Europa,,,,,,
Lincoln Memorial Reflecting Pool,,,,,,
Brockzetel,,,,,,
Neues Erdbeben am Montag,,,,,,
Sputnik,,,,,,
Wendisch-Rietz,,,,,,
Gletscherstraße,,,,,,
Hitzegewittern,,,,,,
Exponat-Hauses,,,,,,
Shikaras,,,,,,
Silichong-1,,,,,,
Giant J.T.,,,,,,
Dürre-Wiedervernässungs-Zyklen,,,,,,
Pöggstall,,,,,,
Kritik-Lawine,,,,,,
Dürrenbachs,,,,,,
Oberhaus,,,,,,
Extremtemperaturen,,,,,,
Erdbeben der letzten Woche,,,,,,
Erdbeben vor der Nordküste Venezuelas,,,,,,
venezolanischen Regierung,,,,,,
Zentralafrikanische Republik,,,,,,
Reiches Land,,,,,,
Dehcho-Gemeinden,,,,,,
Marica,,,,,,
Pedra do Macaco,,,,,,
Algen,,,,,,
Tsunami-Höhenvergleichssimulation,,,,,,
Bryant Field,,,,,,
Warme Luft,,,,,,
Austern,,,,,,
Bauausfälle,,,,,,
Schlüsselfaktoren,,,,,,
brennenden Haus,,,,,,
Knaken,,,,,,
Kryptomärkte,,,,,,
Wasserfleck,,,,,,
Kalt,,,,,,
Holzkanus,,,,,,
Krankenhausausfällen,,,,,,
Iba,,,,,,
Iba Local Council Development Area,,,,,,
LCDA,,,,,,
Bed Stuy,,,,,,
Alltagsgegenständen,,,,,,
Sommerurlaub,,,,,,
US-Staaten,,,,,,
Marysville,,,,,,
Modesto,,,,,,
San Francisco Giant,,,,,,
California Angel J.T.,,,,,,
Limmat,,,,,,
Ross Island,,,,,,
Antarktis…,,,,,,
Erdbeben in der Pflicht,,,,,,
Hitzewoche,,,,,,
Sonntag Waldbrände,,,,,,
Regierungsvertretern,,,,,,
Höchstwert,,,,,,
Frankfurt an der Belastungsgrenze +++ Neuer Kelten-Fund,,,,,,
Bhimphedi-8,,,,,,
Passau,,,,,,
Jademine,,,,,,
Myanmars,,,,,,
Trasimeno-See,,,,,,
Lago Trasimeno,,,,,,
Umbrien,,,,,,
Leo,,,,,,
Yaracuy,,,,,,
Erdbeben: Frust und Verwesungsgeruch,,,,,,
Erdbeben eingestürzten Häusern,,,,,,
Unwetter-Walze,,,,,,
Lindwurmstraße,,,,,,
Kleinkind,,,,,,
Totenschein,,,,,,
Bürokratie,,,,,,
klingen,,,,,,
Eventsommer,,,,,,
La Guira,,,,,,
Wood,,,,,,
Mysuru,,,,,,
Achseln,,,,,,
Stadt Köln,,,,,,
Projekts,,,,,,
Amit Shah,,,,,,
Gandhinagar,,,,,,
Tateyama,,,,,,
Stürme Mekkhala,,,,,,
Higos,,,,,,
Impulskontrolle,,,,,,
Möckern-Drewitz,,,,,,
Dänemark Rekordhöhen,,,,,,
Tankern,,,,,,
Erdbeben im Hindukusch,,,,,,
Kuhstall,,,,,,
Herz-Kreislauf-Erkrankungen,,,,,,
Temperaturrekord für Brandenburg,,,,,,
Buch,,,,,,
Berlin-Buch,,,,,,
Waghäusel-Kirrlach,,,,,,
Kreis Karlsruhe,,,,,,
Torgau,,,,,,
Rekordhalter,,,,,,
Hitzerekord für Thüringen,,,,,,
Chhindwara,,,,,,
Anklam,,,,,,
Sturm Sonbhadra,,,,,,
Motihari,,,,,,
Softballgröße,,,,,,
VenezuelaAl Jazeera,,,,,,
Flirrender,,,,,,
Jajpur,,,,,,
All India Rank 760,,,,,,
Token-Pokalypse,,,,,,
Schnellstudie World Weather Attribution,,,,,,
Android-Smartphones,,,,,,
North Coast,,,,,,
Inverness Castle,,,,,,
Pflegeeinrichtungen,,,,,,
El Niño-Effekts,,,,,,
UN-Nothilfekoordinator,,,,,,
Kühltechnologien,,,,,,
Birsa,,,,,,
North…,,,,,,
Bikini-Foto,,,,,,
Soho Farmhouse,,,,,,
Cotswolds,,,,,,
Gräben,,,,,,
Cottonwood-Feuer,,,,,,
Beehive State,,,,,,
Rekordtag,,,,,,
Stadt/Land,,,,,,
Militärkontrolle,,,,,,
Feuerwerksverboten,,,,,,
Erdbeben die Küste Venezuelas,,,,,,
Erdbeben die Küste von La Guaira,,,,,,
Sümela-Kloster,,,,,,
Trabzon,,,,,,
Utah Red,,,,,,
Orkan-Gewitter,,,,,,
Catia del Mar an der Karibikküste,,,,,,
La Canicule,,,,,,
Feuerwerksbeschränkungen,,,,,,
Erdbeben das südamerikanische Land,,,,,,
Erdbeben verwüsteten Gebieten,,,,,,
Wochenendpläne,,,,,,
Rettungskette Schweiz,,,,,,
Keyi Panyor,,,,,,
Bezirk La…,,,,,,
Fjorde Islands,,,,,,
Assam…,,,,,,
Süd-Saskatchewan,,,,,,
Mankota,,,,,,
Vala-Wurzeln,,,,,,
Zentren,,,,,,
Taifun-Überschwemmung,,,,,,
Burg Hikone,,,,,,
Grenzstadt Slubice,,,,,,
Grenzstadt Slubice“,,,,,,
Post-Gazette,,,,,,
Utah…,,,,,,
STYROFOAM,,,,,,
Trümmern bergen,,,,,,
Instagram-Aufnahmen,,,,,,
From,,,,,,
West-Colorado,,,,,,
Wildland…,,,,,,
Regenwalddorf,,,,,,
Paluma,,,,,,
Townsville,,,,,,
Centennial,,,,,,
Draft-Picks,,,,,,
Family Sports Center,,,,,,
Avs Clubhouse,,,,,,
Visa-Heuchelei,,,,,,
La Guaira …,,,,,,
Insel Aruba,,,,,,
Papum Pare,,,,,,
Neißemünde,,,,,,
Bad Muskau,,,,,,
Fujikawaguchiko,,,,,,
Katastrophenprovinz La Guaira,,,,,,
Bausünden,,,,,,
Golakharka-Rajduwali,,,,,,
Maikhola,,,,,,
Gemeinde Ilam-9,,,,,,
Musakhail,,,,,,
Wettlauf Venezuelas,,,,,,
Abidjan,,,,,,
Elfjähriger,,,,,,
Schreikranich-Nester,,,,,,
Wood-Buffalo-Nationalpark,,,,,,
Place Glacier,,,,,,
Reetdachhaus,,,,,,
Partenen,,,,,,
Snyder,,,,,,
Brand bei Munitionslagern,,,,,,
Baumkerne,,,,,,
Kreis Rendsburg-Eckernförde,,,,,,
Erdbeben-Überlebenden,,,,,,
Waymos,,,,,,
Historisches Freilichtmuseum in Flammen,,,,,,
Museum Molfsee,,,,,,
Snyder-Waldbrand,,,,,,
Kaduna-Bauern,,,,,,
Tschirgant-Massiv,,,,,,
Haiming,,,,,,
Vereinigte Königreich Hausbesitzern,,,,,,
TOPAN,,,,,,
Yamanashi-Beben,,,,,,
E-Rikscha,,,,,,
Boissevain-Morton,,,,,,
Kiriko,,,,,,
Elektroinspektor,,,,,,
Ost-Seram,,,,,,
Tropensturm Maysak,,,,,,
Biscoff-Keks,,,,,,
Finnen,,,,,,
Great American State Fair am Tag,,,,,,
Sinhagad-Fort,,,,,,
Varandha Ghat,,,,,,
Eingangs,,,,,,
Straße Varandha Ghat,,,,,,
Bhor-Mahad,,,,,,
Buchhandlungen,,,,,,
Comic-Läden,,,,,,
Online-Händlern,,,,,,
Tag von Regengüssen,,,,,,
Nagpur,,,,,,
Indie-Künstlerin,,,,,,
Vouzela,,,,,,
Zentralportugal,,,,,,
Lincoln Financial Field,,,,,,
Acres Fire,,,,,,
Freien vom Mount Rushmore,,,,,,
Manitobas Parkland-Region,,,,,,
Parkland-Gebiet,,,,,,
Miler-Team 40 Jahre,,,,,,
Rodeo-Menge,,,,,,
Erdbebenkliniken,,,,,,
Schwäne,,,,,,
Wiener Währinger Straße,,,,,,
Wisconsin-See,,,,,,
Lower Siang,,,,,,
Expertengremium von road.cc,,,,,,
Nilgiri-Gebirge,,,,,,
Kotagiri,,,,,,
Riverdale,,,,,,
Humankapital,,,,,,
Token-Kapital,,,,,,
Outback Südaustraliens,,,,,,
"Hitze
 

",,,,,,
Flood Re,,,,,,
Flughafen Jaipur,,,,,,
Zo,,,,,,
Narbonne,,,,,,
Mandavi,,,,,,
Erdbeben in Pakistan,,,,,,
Propagandalabors,,,,,,
Freitag Ostindonesien,,,,,,
"Erdbeben der Stärke 6,4 in Miyakojima",,,,,,
Miyakojima,,,,,,
Erdbeben am…,,,,,,
Krypto-Handels,,,,,,
Gesundheitseinrichtungen,,,,,,
Parteitag,,,,,,
Fuax-Stein,,,,,,
Lowe,,,,,,
Wetterrückschlägen,,,,,,
Kirschen,,,,,,
Milders nac…,,,,,,
Weißer Kimono,,,,,,
Halbhundertjahrfeierlichkeiten,,,,,,
Haus in Eureka,,,,,,
Fast-Food-Restaurant,,,,,,
Bananas,,,,,,
Kinnick Stadium,,,,,,
Notnahrungsmitteln,,,,,,
Vogelgrippeanfällen,,,,,,
Stimmungsschwankungen,,,,,,
Regendefizits,,,,,,
Lagos Com,,,,,,
Todesfällen bei Kindern,,,,,,
Rivers-Gemeinden,,,,,,
Katastrophe…,,,,,,
Festmeile,,,,,,
Brunswick Creek-Lauffeuers,,,,,,
Fraser-Canyon-Region,,,,,,
Tier-Notfälle,,,,,,
Zohran Mamdani,,,,,,
Normalwer,,,,,,
Cardinals-Cubs,,,,,,
Hawk-Eye-Kameras,,,,,,
Selbstlob,,,,,,
Oreokastro,,,,,,
Odisha Alarmstufe Rot,,,,,,
Erdbeben Todesopfer forderten …,,,,,,
Odisha-Regen,,,,,,
Sturm Windgeschwindigkeiten,,,,,,
US-Pazifikinseln,,,,,,
Seedloom,,,,,,
Not-Evakuierungszentren,,,,,,
Windgeschwindigkeiten,,,,,,
Panchpakhadi,,,,,,
Betriebseinschränkungen,,,,,,
Cardinals,,,,,,
San-Andreas-Verwerfungssystem,,,,,,
Flughafen Catania“,,,,,,
SW19,,,,,,
pazifischen Inseln,,,,,,
Helena Bay,,,,,,
England-Spiels,,,,,,
Erde kühl,,,,,,
Rechenzentrums auf der Erde,,,,,,
Ureinwohnerstämme,,,,,,
Südwestbengalen,,,,,,
Niedergeschlagenheit,,,,,,
Herren-Fleecejacke,,,,,,
Wetterprobleme,,,,,,
Stadt Estancia,,,,,,
ICE-Anlage,,,,,,
Schein-Evakuierungsübung,,,,,,
Tatla-Sees,,,,,,
Williams Lake,,,,,,
Kalispell,,,,,,
Gastgebern,,,,,,
Wis,,,,,,
Ellis Island,,,,,,
südafrikanischen Küste,,,,,,
Port El…,,,,,,
Zuckermais,,,,,,
Kokosmilch,,,,,,
Miso,,,,,,
El-Nino-Himmel,,,,,,
El Niño-Ereignis,,,,,,
Minecraft-Builds,,,,,,
Tutorials,,,,,,
Rechenze…,,,,,,
Park-Modell,,,,,,
Cayman-Inseln,,,,,,
Medora,,,,,,
Ambenali-Ghat,,,,,,
Satara-Kolhapur,,,,,,
"Venezuela

",,,,,,
Viktorianischen Alpen,,,,,,
Bezirk Thane,,,,,,
Wunderwelpe,,,,,,
Parkland-Region,,,,,,
Walsh River,,,,,,
Wabush,,,,,,
Überlebender,,,,,,
Kanada-Tag,,,,,,
Mikroklima-Wunder,,,,,,
Land Steiermark,,,,,,
Wasser-Chef,,,,,,
SLIDELL,,,,,,
La,,,,,,
Portugal-Kroatien-Fans,,,,,,
Abriss von Baracken,,,,,,
Lagos-Badagry,,,,,,
Gulch-Route,,,,,,
hinuntergestürzt,,,,,,
Neudorf bei Landsee,,,,,,
Lyndhurst,,,,,,
Bezirk Oberpullendorf,,,,,,
Camp Sekani,,,,,,
Feuerschaden,,,,,,
Tulln,,,,,,
Nikotinbeutel-Startup Sesh,,,,,,
Marine Le Pen,,,,,,
ORO VALLEY,,,,,,
LeBreton Flats Park,,,,,,
Todeszahl,,,,,,
Steingrau-Metallic,,,,,,
CHESTER-LE-STREET,,,,,,
Dachpaneel,,,,,,
Forstminister,,,,,,
Nigerianer,,,,,,
Unwetter-Alarm,,,,,,
West-Zentral-Illinois,,,,,,
Allzeit-Höchstmarken,,,,,,
New York cool,,,,,,
Caraballeda,,,,,,
Coney Island,,,,,,
Clermont,,,,,,
Zentrum von Queensland,,,,,,
Insurtech-Markt,,,,,,
Investoren-Gelder,,,,,,
Loblolly-Kiefer,,,,,,
Dienstag Prognosen,,,,,,
Heilmitteln,,,,,,
Plasmamembran,,,,,,
Ozeaninsel,,,,,,
Fani Maoré,,,,,,
Komoren-Archipel,,,,,,
Apremdo-Chef,,,,,,
Flutkatastrophen,,,,,,
Falsch,,,,,,
Huh,,,,,,
Außenministerium,,,,,,
Juniwert,,,,,,
Mexiko-Party,,,,,,
Oranje-Coach,,,,,,
WM-Aus,,,,,,
Bahnhof,,,,,,
Unwetter-Folgen,,,,,,
Azteken-Hexenkessel,,,,,,
El Trí Ecuador,,,,,,
Landes Klieber Morán,,,,,,
Linkin Park,,,,,,
Shasta,,,,,,
Niederschlagsmuster,,,,,,
Charleston Lake Provincial Park,,,,,,
Dombivli-Frau,,,,,,
Mumbra,,,,,,
Smart-Home-Tricks,,,,,,
WKRN-TV,,,,,,
Nashville's Star-Spangled Bash“,,,,,,
Erdbeben auf den griechischen Inseln,,,,,,
Insel Karpathos,,,,,,
Bure,,,,,,
Womberma Woredas,,,,,,
Nordwestäthiopien,,,,,,
Ägäis-Küste,,,,,,
Karpathos,,,,,,
Kassos,,,,,,
Catia La Mar,,,,,,
Thrikkakara,,,,,,
Mumbra-Straße,,,,,,
Erdbebenüberlebender,,,,,,
Lansdowne,,,,,,
Wirtschaftskorridor Delhi-Dehradun,,,,,,
Projektleiter,,,,,,
Bigg Boss,,,,,,
Haus in Mumbai,,,,,,
Gujarat Bhavan,,,,,,
Rennstrecken,,,,,,
Flughafens Auckland,,,,,,
Reihenhaus,,,,,,
Plasmas,,,,,,
Regierung von Maharashtra,,,,,,
Deharji-Staudammprojekt,,,,,,
Zentral-Arizona,,,,,,
"Venezuela
Spencer Kaufman",,,,,,
Mumbra-Teenager,,,,,,
Gebiet Ottawa-Gatineau,,,,,,
Stadt Enerhodar,,,,,,
ZNPP,,,,,,
Kernkraftwerk Saporischschja,,,,,,
Mallorytown,,,,,,
Rockport,,,,,,
Mg-Basis,,,,,,
Hong Kong Observatory,,,,,,
Hitze-Flucht,,,,,,
Handels,,,,,,
Großen Australischen Bucht,,,,,,
Haupthauses,,,,,,
Dhemaji,,,,,,
Shivraj Singh Chouhan,,,,,,
Supermarktfans,,,,,,
Neuberg an der Mürz,,,,,,
Liu et al.,,,,,,
Ga Mantse,,,,,,
Ozeanen,,,,,,
Ansicht von Wissenschaftlern und Versicherern,,,,,,
Ashnoor Kaurs Haus,,,,,,
Ashnoor,,,,,,
Stadt La Guaira,,,,,,
Monsune,,,,,,
Funkenflug,,,,,,
Landkreis Bamberg,,,,,,
Datenzentren,,,,,,
Viehbestands,,,,,,
Schnee-Nacht,,,,,,
südgriechische Inseln,,,,,,
Dodekanes-Archipel,,,,,,
Cayma-Inseln,,,,,,
Picknick-Essen,,,,,,
Venezuelas…,,,,,,
Sommersonnenwende-Party,,,,,,
Jahrhunderthalle,,,,,,
Küste von Jersey,,,,,,
Dawki,,,,,,
Wohnhaus in Hönow,,,,,,
Kreis Märkisch-Oderland,,,,,,
Lehrerverbandes,,,,,,
Gluthitze,,,,,,
Iron Fire,,,,,,
Juab County,,,,,,
Huronsees,,,,,,
Mattuthavani,,,,,,
Mattuthavani-Blumenmarkt,,,,,,
Rampaging R,,,,,,
Kerala Kochi,,,,,,
A36,,,,,,
US-Ferienort,,,,,,
PowerFox-Browser,,,,,,
Langzeit-Raumflügen,,,,,,
Corvette-Museum,,,,,,
West-Zentral-Utah,,,,,,
Juab…,,,,,,
Erfolgskurs,,,,,,
Südpfalz,,,,,,
Stunden Regen,,,,,,
Berggipfels Rastl,,,,,,
Sachsenburg,,,,,,
Bezirk Spittal,,,,,,
Berggipfels,,,,,,
Asperg,,,,,,
Kreis Ludwigsburg,,,,,,
kanadische Grenze,,,,,,
Tanner,,,,,,
S-Bahnen,,,,,,
Alanya,,,,,,
WTA-Tour,,,,,,
Brennen in der Ukraine,,,,,,
Lubra,,,,,,
Bon-Dorf,,,,,,
Bühnenprogramm,,,,,,
Golfinseln,,,,,,
Batterielieferketten,,,,,,
Styra,,,,,,
Großer Waldbrand,,,,,,
Wein,,,,,,
Spirituosen,,,,,,
Weingütern,,,,,,
Huaraz,,,,,,
Beobachtens,,,,,,
Murchison,,,,,,
Staubkörner,,,,,,
Murchison-Meteorit,,,,,,
Goulburn Valley,,,,,,
Adoptionsprozess,,,,,,
Kätzchens,,,,,,
Gesetzlosen,,,,,,
Blessem,,,,,,
Streitkräfte,,,,,,
Hochhäusern,,,,,,
KUTV,,,,,,
Kärn…,,,,,,
tektonischen Plattengrenzen,,,,,,
Theater-Biennale,,,,,,
Verkehrsmittel,,,,,,
EU-Haushalt,,,,,,
Schrecken,,,,,,
Connor,,,,,,
Sachschäden,,,,,,
Heraklion,,,,,,
Hitzeschutzmaßnahmen am Arbeitsplatz,,,,,,
Vangunu,,,,,,
Kavachi,,,,,,
South Philly auswirkenNBC10 Philadelphia Philly,,,,,,
Hochzeitlich,,,,,,
Les Bleus,,,,,,
Hoopfest-Wetter,,,,,,
Bernburg,,,,,,
K.-o.-Phase,,,,,,
Haaland,,,,,,
Empfehlungen,,,,,,
Sumpfsee Naivasha,,,,,,
Unerbittliche Regenfälle,,,,,,
Großen Afrikanischen Grabenbruch,,,,,,
Urlaubsinseln,,,,,,
Teile Westeuropas,,,,,,
Tornadowarnungen,,,,,,
Lastkähne Diesel,,,,,,
WM-Spiel,,,,,,
Possession“-Teaser,,,,,,
Gugu Mbatha-Raw,,,,,,
Possession,,,,,,
Loki,,,,,,
Biodiesel,,,,,,
Jahreshoch,,,,,,
Dollard-des-Ormeaux,,,,,,
Hitzefrei-Regeln,,,,,,
Balance,,,,,,
Karrenseilbahn,,,,,,
Wembley-Stadion,,,,,,
FIFA-Regeln,,,,,,
Standardmodellen,,,,,,
Hammerhaie,,,,,,
Spielstatistiken,,,,,,
Textaktualisierungen,,,,,,
Mount Fuji,,,,,,
Hydro-Québec,,,,,,
Labour-Premierminister,,,,,,
Carrington-Ereignisses,,,,,,
Downing Street Nr. 10,,,,,,
Polymarket-Falschwerbung,,,,,,
Mini-Dust Bowl,,,,,,
Dachwohnungen,,,,,,
Kanadas Muslime,,,,,,
RACCN,,,,,,
AISI,,,,,,
Wertstoffhof,,,,,,
Smith County,,,,,,
Absage,,,,,,
Chatra,,,,,,
Norwegen-Senegal,,,,,,
Pynursla,,,,,,
Pynursla C&RD-Blocks,,,,,,
New York/New Jersey Stadium,,,,,,
Ex-Partner,,,,,,
Nickel Days,,,,,,
Nebelmaschinenflüssigkeiten,,,,,,
BCWS,,,,,,
Distrikt Barwani,,,,,,
Sendhwa,,,,,,
Maignan,,,,,,
Rabiot,,,,,,
Kone,,,,,,
Radiokommentare,,,,,,
wegschmelzende A1,,,,,,
Krisengesprächen,,,,,,
INCLINE VILLAGE,,,,,,
Greenpoint-Apartment,,,,,,
Hürden,,,,,,
Exoplanet WASP-121b,,,,,,
frühmorgendliche Nebel,,,,,,
Risiko von Auftragnehmerbetrug,,,,,,
Assam Drohnen,,,,,,
Erdbeben von 2011 Japan,,,,,,
Anwendungscode,,,,,,
Golfer,,,,,,
Gila River,,,,,,
French Quarter,,,,,,
Niagara County,,,,,,
River Wharfe,,,,,,
Burnsall,,,,,,
North Yorks,,,,,,
Cajon-Pass,,,,,,
Dalibagh,,,,,,
San Jacinto,,,,,,
schwarz-blaue Landesregierung,,,,,,
Oberpinzgau,,,,,,
Antheringer Au,,,,,,
Weltcup-Damen,,,,,,
Mattoon,,,,,,
Acht-Meilen-Oval,,,,,,
Tohoku-Erdbeben,,,,,,
Erdbeben in Japan im Jahr 2011,,,,,,
Jorge,,,,,,
Tohoku-Beben,,,,,,
Millimeter,,,,,,
Erdbeben den Boden,,,,,,
Haiderkanals,,,,,,
Randgruppen,,,,,,
Vizianagaram,,,,,,
Srikakulam,,,,,,
El Niño-Angst,,,,,,
Infrastrukturstress,,,,,,
Miamis,,,,,,
Northwood,,,,,,
Spokane Valley,,,,,,
Spo…,,,,,,
pazifischer,,,,,,
YSRCP-Minister,,,,,,
Sturm …,,,,,,
Atlantiksaison,,,,,,
Home-Wellness-Ressource,,,,,,
LNG-Exportlieferungen,,,,,,
Vorbereitungslücke,,,,,,
Sturm Arthur,,,,,,
Baseballspiele,,,,,,
Hurrikan-Befürchtungen,,,,,,
Hochwasser-Dämme,,,,,,
Kilometerlange Dämme,,,,,,
Helpfau-Uttendorf,,,,,,
Bezirk Braunau,,,,,,
Pass,,,,,,
Taarak,,,,,,
Queenstown,,,,,,
Wicklow-Mountains-Nationalpark,,,,,,
Sasgen et al.,,,,,,
Golf am Morgen,,,,,,
Amics de la Terra Eivissa,,,,,,
Bosnien und Herzegowina,,,,,,
Bárðarbunga,,,,,,
Normal,,,,,,
Haider-Kanals,,,,,,
Thermometer,,,,,,
Naturgefahrenmanagement,,,,,,
High…,,,,,,
Basedow,,,,,,
Dawninghome,,,,,,
Extremgewitter,,,,,,
Clueso,,,,,,
Blitzschlag,,,,,,
Aschenputtel,,,,,,
Lodge,,,,,,
Disney World Deluxe Resort,,,,,,
WM-Kühlmethoden,,,,,,
Maachi,,,,,,
Freitag Unwetter,,,,,,
Xiamen,,,,,,
Hitzewellenzeiten,,,,,,
Hitze-Spitzenreiter,,,,,,
Krumbach,,,,,,
Hitze-Rekordhalter,,,,,,
Bregenzerwälder,,,,,,
Bezirksmusikfest,,,,,,
Unwetter Deutschland,,,,,,
City-Zauber,,,,,,
Silva-Bescheidenheit,,,,,,
Etihad-Wärme,,,,,,
Peps Sprachnotizen,,,,,,
Parks“,,,,,,
Wyndham Clark,,,,,,
Ebola-Behandlungszentrum,,,,,,
Ebola-Verdachtspatienten,,,,,,
Murtaler,,,,,,
Weißkirchen,,,,,,
Lobmingtal,,,,,,
Dachstuhl,,,,,,
Delves,,,,,,
St. Veit,,,,,,
Wolfsberg,,,,,,
"Erdbeben der Stärke 3,4",,,,,,
Newmont Cadia,,,,,,
Kieler Kältebus,,,,,,
Maltesern,,,,,,
Manang,,,,,,
Kharkhare Bhir,,,,,,
Besisahar M…,,,,,,
Regenwolken,,,,,,
Dornbirner,,,,,,
Tropischer Sturm Arthur,,,,,,
Stadtzentren,,,,,,
TU,,,,,,
Bohnensoße,,,,,,
Schauplatzes der Spektakel,,,,,,
Grünanteil,,,,,,
Halbleiterbereich,,,,,,
Eindringlinge bedrohen,,,,,,
Küstenbewohnern,,,,,,
GolfküsteCNN,,,,,,
Tornado-Risiko,,,,,,
Berliner Besselpark,,,,,,
Drachenbootfest,,,,,,
Küstenhebung,,,,,,
Stadt hitzesicher,,,,,,
Wetterpeitschen,,,,,,
Back Market,,,,,,
Technik/Hardware,,,,,,
schmilzt,,,,,,
Peter-Thiel-Treffen,,,,,,
Tahoe-Truckee,,,,,,
Versicherungsträger,,,,,,
Breslauer,,,,,,
Bad Bergzabern,,,,,,
Louvre-Museum,,,,,,
Disney-Weihnachtsartikel,,,,,,
Ho-Ho-Feiertagen,,,,,,
Mama,,,,,,
Kältekammer,,,,,,
Steglitz-Zehlendorf,,,,,,
bayerische Landtag,,,,,,
Erdbeben am Supervulkan,,,,,,
Videoüberblick,,,,,,
Erdbeben betroffenen Präfektur Ishikawa,,,,,,
Wakura-Pokémon-Fußbad,,,,,,
Nanao City,,,,,,
Hitzewarnstufe Rot,,,,,,
Erdbeben um Gottes Hilfe,,,,,,
Talwind,,,,,,
Wochenen…,,,,,,
Heilbad,,,,,,
Pariser Gericht,,,,,,
Ölriesen,,,,,,
Familienauto,,,,,,
Laufevent,,,,,,
Deno,,,,,,
Ontarios Tornadowarnungen,,,,,,
Reichstagsgebäudes,,,,,,
Hagelschäden,,,,,,
Milliliter,,,,,,
Venezuela Jahren,,,,,,
Catia la Mar,,,,,,
Kharif,,,,,,
Telford,,,,,,
Fort Simpson am Mittwochabend,,,,,,
Prime-Day-Check,,,,,,
Cornersville,,,,,,
Therapien,,,,,,
Informationskampagnen,,,,,,
Schwammstadt-Prinzip,,,,,,
US-Behörde,,,,,,
San Felipe,,,,,,
Puerto Cabello,,,,,,
Wasserentnahmeverbot,,,,,,
Straße Beni-Jomsom,,,,,,
Nord-Myagdi,,,,,,
Veranstaltern,,,,,,
Laval,,,,,,
Regierung von Fréchette,,,,,,
Unser Land,,,,,,
Do…,,,,,,
Sonnenscheins,,,,,,
"Erdbeben der Stärken 7,2 und 7,5",,,,,,
Erdbeben befürchtet – Pistorius,,,,,,
Echtzeit-Webcam-Überwachung,,,,,,
Wetter-Apps,,,,,,
Große Schäden,,,,,,
Ventilatoren,,,,,,
Planschbecken,,,,,,
Gosport,,,,,,
"Erdbeben der Stärke 7,2 und 7,5 am Mittwochabend",,,,,,
Wohnungsbaugesetzes,,,,,,
Cottbuser,,,,,,
Parker Lake,,,,,,
Grazer Wegener Center,,,,,,
Venezuela Ausnahmezustand,,,,,,
PROVINZ JEOLLANAM-DO,,,,,,
Online-Lernen,,,,,,
Venzuela,,,,,,
Südtaiwan,,,,,,
Mini-Ventilator,,,,,,
Amerika-Gedenkbibliothek,,,,,,
Städtetag-Vize,,,,,,
97 °F,,,,,,
Zentral-Oregons,,,,,,
Erdbeben: Bundeswehr,,,,,,
Hannover/Caracas,,,,,,
Einbrechern,,,,,,
Terrassentür,,,,,,
Sommerhits,,,,,,
Sommernachtstraum,,,,,,
Badischen Staatstheater,,,,,,
Barbarossa,,,,,,
Ruins,,,,,,
Wunder-Rettung,,,,,,
Kühlkissen,,,,,,
Quecksilber,,,,,,
Roya,,,,,,
Schmerzschwelle,,,,,,
Nawrocki,,,,,,
Juni-Temperaturen,,,,,,
rekordverdächtiger Hitzewelle,,,,,,
Krankenhäusern des Landes,,,,,,
Straßenbelägen,,,,,,
Gendarmenmarkt,,,,,,
Alex,,,,,,
Land am Mittwochabend,,,,,,
Erdbeben: Regierung,,,,,,
Erdbeben im südamerikanischen Venezuela,,,,,,
Haus des Künstlers,,,,,,
Wels,,,,,,
Fitness-Influencer,,,,,,
Vororten,,,,,,
Eisdiele,,,,,,
Frankreichs Hitze,,,,,,
Alipore,,,,,,
Cumulonimbus-Wolken Gewitter,,,,,,
Wood Head Reservoirs,,,,,,
Haus in Loliem,,,,,,
Loliem,,,,,,
die Niederlande,,,,,,
Wettlauf,,,,,,
Valeri Nichushkins Lauf,,,,,,
Straße …,,,,,,
Hubble,,,,,,
Landes 32 °C,,,,,,
Kı̄lauea,,,,,,
Uniklinikum Gießen,,,,,,
Sekundenabstand,,,,,,
Rohmilchausbrüchen,,,,,,
Viereck,,,,,,
Turniersaison,,,,,,
Teile Nordtaiwans,,,,,,
Zwickau/Leipzig,,,,,,
Morón,,,,,,
Großbetrieb,,,,,,
Zentrum Venezuelas,,,,,,
Autobahn 2,,,,,,
Betondecke,,,,,,
Schlossbach,,,,,,
WaterNSW,,,,,,
Provinz La Guaira,,,,,,
Kansai-Region,,,,,,
Seika,,,,,,
Hitzeaktionspläne,,,,,,
Lebensmitteln,,,,,,
Süd-Großbritanniens,,,,,,
Hitze-Rekord,,,,,,
Seedance,,,,,,
Swimming-Pools,,,,,,
Mulde,,,,,,
Veryovkina,,,,,,
Veryovkina Cave,,,,,,
Blaenau,,,,,,
Bridgend,,,,,,
Südwes…,,,,,,
Kühlspray,,,,,,
Kühlpflastern,,,,,,
Dreiräder,,,,,,
Volksfest,,,,,,
Bahnprobleme,,,,,,
Woodwell Climate Research Center,,,,,,
Raumes Wels/Linz,,,,,,
Straße Chettalli-Madikeri,,,,,,
Echtzeit-Wassermanagement,,,,,,
Erdbeben von 2011,,,,,,
Schwarzmeer-Halbinsel,,,,,,
Innsbruck-Land,,,,,,
Schwaz,,,,,,
Allzeit-Höchstwerte,,,,,,
Islamischen Republik“,,,,,,
Schneckenwurms,,,,,,
Ex-Grenzschutzbeamter,,,,,,
Schneckenwürmern,,,,,,
Paris heißer,,,,,,
Charlottenburg-Wilmersdorf,,,,,,
Trockenstress,,,,,,
KI-gesteuerten,,,,,,
Knutsford,,,,,,
Pickmere Lake,,,,,,
Crewe,,,,,,
Corduroy Plants,,,,,,
Neuköllner,,,,,,
Columbiabad,,,,,,
Fusion-Festival,,,,,,
Philharmoniker-Konzert,,,,,,
Superhitze,,,,,,
Hitzenotfällen,,,,,,
Hurricane Creek,,,,,,
San Francisco-Skandal,,,,,,
Super“-El-Niño-Risiko,,,,,,
Anderson,,,,,,
Clear Space Force Station,,,,,,
Abkühlplätzen,,,,,,
Meghalaya CM,,,,,,
Vorbereitungspläne,,,,,,
Trinkwasserspender,,,,,,
Swerdlowsk,,,,,,
New Utah,,,,,,
Jerzens,,,,,,
Hanmer Springs,,,,,,
Schneeraum-Wellness-Retreat,,,,,,
Herbstroute,,,,,,
Murshidabad,,,,,,
Malda,,,,,,
Zentrum von Kol,,,,,,
Maidan,,,,,,
Kolkata,,,,,,
Nanak Nagar,,,,,,
Vasco,,,,,,
Höhepunkt,,,,,,
Chettalli-Madikeri-Straße,,,,,,
ernst,,,,,,
Inflationsstoß,,,,,,
Straßenschäden,,,,,,
Morón an der Küste,,,,,,
Staubwolken,,,,,,
Nord-Zentral-Venezuela,,,,,,
Erdbeben dieses Jahr,,,,,,
"Erdbeben der Stärke 7,2 westlich",,,,,,
Hochgeschwindigkeitszugverkehr,,,,,,
Messel,,,,,,
Müllwagen,,,,,,
Videos,,,,,,
Live-Erdbeben,,,,,,
Moron,,,,,,
Roopkund-See,,,,,,
Doppelbeben,,,,,,
Tsunami-Warnung für Inseln,,,,,,
National Center of Seismology,,,,,,
saudischen Wüste,,,,,,
"Erdbeben der Stärke 7,2 und ein Erdbeben der Stärke 7,5",,,,,,
US-Podcast,,,,,,
E5,,,,,,
Caracas …,,,,,,
Erdbeben an der Küste Venezuelas,,,,,,
Erdbeben zum Einsturz von Gebäuden,,,,,,
Geschiche,,,,,,
Sachen Hitze,,,,,,
Spielberg,,,,,,
Poolspaß,,,,,,
Erdbeben bei Supervulkan,,,,,,
Kampanien,,,,,,
Frankfurter Architekturmuseum,,,,,,
heruntergewirtschaftete Land,,,,,,
"Erdbeben der Stärke 6,9 ​​erschütterte",,,,,,
Flower Mound,,,,,,
Mendocino County,,,,,,
Erdbeben in Nordkalifornien,,,,,,
Lehrpersonal,,,,,,
Smartphone-Kamera,,,,,,
Wachwechsel-Zeremonie,,,,,,
September-Arabica-Kaffee,,,,,,
KCU26,,,,,,
Fahrrad-Pride,,,,,,
Redwood Valley-Gebiet,,,,,,
Land wegtreiben,,,,,,
Ghanaer,,,,,,
Ashwood Forest,,,,,,
Altoona,,,,,,
Mapusa,,,,,,
Kriminalität,,,,,,
n-tv,,,,,,
Amerikas e…,,,,,,
Idioten,,,,,,
Verfassungszusatzes,,,,,,
Westen Waldbrände,,,,,,
brennen …,,,,,,
Standardprozessen,,,,,,
Grand Canyon National Park,,,,,,
Crown Range Road,,,,,,
Central Otago,,,,,,
Arrowtown School,,,,,,
Crown Range,,,,,,
WEB.H264-NoRBiTMKV,,,,,,
Rezept,,,,,,
Mittwoch Venezuelas,,,,,,
Erdbeben der Stärke M6.9,,,,,,
Haveri,,,,,,
Bhadra- und Hemavathi-Staudamms,,,,,,
St. Bernard Parish,,,,,,
Onta,,,,,,
Squamish-Lillooet,,,,,,
Collins Road,,,,,,
One Mile Lake,,,,,,
Lillooet River,,,,,,
Cyclospora-Ausbrüchen,,,,,,
Proton,,,,,,
Outdoor-Ausrüstungsmarke Snow Peak,,,,,,
Debatten,,,,,,
Reiseballpolitik,,,,,,
Spalding,,,,,,
Lincolnshire,,,,,,
Gemeindepartnern,,,,,,
Erdbeben fordern freie Wahlen,,,,,,
Hoboken,,,,,,
Diamond K Gypsum,,,,,,
Risiko im Hochgebirge,,,,,,
Meine Haare,,,,,,
Unfallstelle,,,,,,
Naira,,,,,,
Atimbo-Gemeinden,,,,,,
Calabar Municipality,,,,,,
Yellowstone River,,,,,,
Wyoming Park,,,,,,
Yellowstone-Caldera,,,,,,
Frühjahr/Sommer,,,,,,
Funnel Runners,,,,,,
hochreißen,,,,,,
Trockenperiode,,,,,,
Crimson Red,,,,,,
Orkanböen fegen,,,,,,
Matterhorn,,,,,,
Landkreis Tübingen,,,,,,
KSNDMC,,,,,,
Erdbeben Tausende Menschen ums Leben,,,,,,
Belbagar,,,,,,
Jaimini-8,,,,,,
Regenwürmer,,,,,,
Maden,,,,,,
Parkbänken,,,,,,
Kulturspartipps,,,,,,
Einstreu,,,,,,
Waldbrand-Besorgnis,,,,,,
British Columbia Gewitter,,,,,,
Krisenvorsorge-Instrument,,,,,,
Bereitschaftsexperten,,,,,,
Millionenschäden,,,,,,
Lincoln Memorial,,,,,,
Wohlstands-Tsunamis,,,,,,
Russen-Urlaubsparadies,,,,,,
Altenpflege,,,,,,
Sotschi,,,,,,
Schifffahrtsbranche,,,,,,
Miesmuscheln,,,,,,
Te Anau,,,,,,
Puysegur Point,,,,,,
Energieausbeute,,,,,,
Ortes Te Anau,,,,,,
Touristenzielen,,,,,,
Wolkenriesen,,,,,,
Erdbeben in Neuseeland,,,,,,
Fließer,,,,,,
Fließerau,,,,,,
Saturns,,,,,,
Wassereis,,,,,,
Nordschottland,,,,,,
Erdbeben und Nachbeben,,,,,,
WM-Finalestadion,,,,,,
Brooklyn Bridge Park,,,,,,
Zentralchinas,,,,,,
Reisschüssel,,,,,,
Xiangyang,,,,,,
Ballungsräumen,,,,,,
Bodycam-Aufnahmen,,,,,,
Bezirk Uvalde,,,,,,
Wohngebäude,,,,,,
Regionalbehörden,,,,,,
Blindflug,,,,,,
Stränden an der Ostküste,,,,,,
Karditsa,,,,,,
Bingen,,,,,,
kastanienbrauner,,,,,,
Front-End-Code-Rangliste,,,,,,
Ribena,,,,,,
New York New Jersey Stadium,,,,,,
Drucks,,,,,,
Küste/Malnad,,,,,,
Tsunami-Befürchtungen,,,,,,
Waldbrand-Rauchereignissen,,,,,,
Erdbeben: Erdbeben erschüttert Mexiko,,,,,,
Uvalde,,,,,,
Erdbeben am Freitagmorgen,,,,,,
mexikanisch-guatemaltekischen Grenze,,,,,,
Schlossparks,,,,,,
"Erdbeben der Stärke 7,4 vor der Küste",,,,,,
Indiablooms,,,,,,
El Salvador Erschütterungen,,,,,,
Nachrichtenportal,,,,,,
mexikanische Küste,,,,,,
Quartal,,,,,,
Pegelstand des Rhein,,,,,,
Mäuseturm,,,,,,
Gaishorn,,,,,,
Halifax County,,,,,,
Jacket Lake,,,,,,
Bayview Port Huron to Mackinac Race,,,,,,
Echtzeit-Notfällen,,,,,,
Mittelw…,,,,,,
Comfort,,,,,,
Guadalupe River,,,,,,
Truk-Inseln,,,,,,
Gothic-Suspense,,,,,,
Dauerstress,,,,,,
Präs,,,,,,
Fahimi,,,,,,
Hochwasserschutz an Donau,,,,,,
Erdbeben in Te Anau,,,,,,
Narmada to Son basin,,,,,,
Wassertunnel,,,,,,
Sleemanabad-Tunnel,,,,,,
Narmada,,,,,,
Aquaplaning-Unfallserie,,,,,,
Geröll,,,,,,
Romance-Lesetipps,,,,,,
Bundeskanzlerin,,,,,,
Lewandowski-Müller-Duell,,,,,,
Unwetter-Nacht,,,,,,
US-Großstädten,,,,,,
Baden-Würrtemberg,,,,,,
flutartiger Regen,,,,,,
Bad Arolsen,,,,,,
Aldersgate Street,,,,,,
Landesinnere,,,,,,
Klimaveränderungen,,,,,,
DATALAND,,,,,,
Richdale,,,,,,
Tūroa,,,,,,
Landwirtschaftsministerium von Kerala,,,,,,
Kuba Stromengpässe,,,,,,
Hochwasser-Katastrophe,,,,,,
Regierungsprogramm von Ontario,,,,,,
Unwetterbedingungen,,,,,,
Erdbebenschäden,,,,,,
Katalysatorfreie,,,,,,
Disäuren,,,,,,
Weiße Zwerge,,,,,,
Wasserressourcen,,,,,,
Starland County,,,,,,
Delia,,,,,,
Hanna,,,,,,
Spondin,,,,,,
Osthessen,,,,,,
Burgenland Gewitter,,,,,,
Daunenjacken,,,,,,
Altersmedizin,,,,,,
Hitzelabor Schweiz,,,,,,
Wildland-Urban-Interface-Brände,,,,,,
Ried im Innkreis,,,,,,
Kremsmünster,,,,,,
Ahr-Flut,,,,,,
Sommernächten,,,,,,
Flughafen Es Codolar,,,,,,
Weströmische Reich,,,,,,
Mittelfrankens,,,,,,
Klima-Schleudertrauma,,,,,,
Faktor,,,,,,
Appellen,,,,,,
Schongau,,,,,,
Kasse ge…,,,,,,
schaut,,,,,,
Sterbefallzahlen,,,,,,
Rogbid,,,,,,
Unwetter-Risiko,,,,,,
Stendal–Magdeburg,,,,,,
Stendal,,,,,,
Narayangadh-Muglin,,,,,,
Indisch-Pakistan,,,,,,
Krisenw…,,,,,,
Santa Cruz‘ Kaltwasser-Klassiker,,,,,,
Leuchtturms,,,,,,
<em>tagesthemen</em>-Interview,,,,,,
Golling,,,,,,
Werfen,,,,,,
Tunneln,,,,,,
iOS,,,,,,
ölreiche Land,,,,,,
Hulaki Highway,,,,,,
Dhedhu Khol…,,,,,,
Hafen Schweiz,,,,,,
Haus vom Stromnetz,,,,,,
Rasens,,,,,,
Zentrum des Planeten,,,,,,
CONCORD,,,,,,
N.H.,,,,,,
Zentral-New Hampshire,,,,,,
Nordtansania,,,,,,
agropastoralem,,,,,,
Autors Tansania,,,,,,
Bewusstsein,,,,,,
Telefon-Erotik-Betrug,,,,,,
Ruß,,,,,,
Museum von LA,,,,,,
Flughafen Simon Bolivar,,,,,,
Schornsteine ​​und verbogenes,,,,,,
Proxima Centauri,,,,,,
Süd“,,,,,,
Schwebe,,,,,,
Uyo,,,,,,
Kirari,,,,,,
Waggon,,,,,,
Kolasib-Frau,,,,,,
Bezirk Kolasib,,,,,,
Raucherkennungskameras,,,,,,
Langenargen,,,,,,
Spiels Argentinien-England,,,,,,
ausbreitenDie Washington Post-Waldbrände,,,,,,
Lonavla,,,,,,
Zugtaxi,,,,,,
Ethan,,,,,,
Wildf…,,,,,,
Klima-Refugium,,,,,,
Phoenix-Staubsturm,,,,,,
Toffees,,,,,,
Waldbrandtrupps,,,,,,
Hochwasserwarnung,,,,,,
Tetrodotoxin,,,,,,
Snowbird,,,,,,
Land Cruiser Heritage Museum,,,,,,
Hidden Peak,,,,,,
Snowbird Ski Resort,,,,,,
Land Cruiser-Enthusiasten,,,,,,
Gophers,,,,,,
Rainforest,,,,,,
Süd-Zentral-Texas,,,,,,
Bryant Park,,,,,,
Six Flags Theme Park,,,,,,
Denkanikottai…,,,,,,
SS52,,,,,,
Trockenlaufen,,,,,,
Mitten,,,,,,
Hessenforst,,,,,,
Bahnstrecke“,,,,,,
Ministerin,,,,,,
Wasserverbote,,,,,,
Moab-Flüge,,,,,,
Canyonlands Field Airport,,,,,,
CNY,,,,,,
Moab,,,,,,
Arches-Nationalpark,,,,,,
Dopplerradare,,,,,,
Südkoreas,,,,,,
Unwetterchaos,,,,,,
Stadtgebiets,,,,,,
Bexar County,,,,,,
The Dominion,,,,,,
Shavano Park,,,,,,
The Rim,,,,,,
Northwest Side,,,,,,
I-10,,,,,,
The Rimnews4sanantonio.com,,,,,,
Naturschutzgebiet Highland,,,,,,
Loch Garten,,,,,,
Larkfield-Mark West-Gebiet,,,,,,
Grüner Veltliner,,,,,,
Rathäuser,,,,,,
Krishnagiri,,,,,,
Steine ​​entdeckt,,,,,,
Waldbrand-Rauch,,,,,,
Mixologie-Meister,,,,,,
Hurrikan Fausto,,,,,,
Nr. 2,,,,,,
Rettungseinsätze,,,,,,
Opioide,,,,,,
Derabassi,,,,,,
Straße Mubarakpur-Sundran,,,,,,
Broward County,,,,,,
Lake Mead-Stausees,,,,,,
Provinz Nuristan,,,,,,
Poolpartys,,,,,,
Grillabende,,,,,,
Prognostiker,,,,,,
Lal Chowk,,,,,,
Füssen,,,,,,
Chartres,,,,,,
Trump-Kürzungen,,,,,,
Thames Water,,,,,,
Schweizer Aktienmarkt,,,,,,
Müritz-Nationalpark,,,,,,
Nike Caitlin,,,,,,
GolfküsteFOX,,,,,,
Golf von MexikoYahoo,,,,,,
Plöckepass,,,,,,
Plöckenpasses,,,,,,
Evian-les-Bains,,,,,,
Quellwasser,,,,,,
Handri-Neeva Sujala Sravanthi-Projekt,,,,,,
The New York Times,,,,,,
Disney+,,,,,,
Pompeii,,,,,,
"Tropensturm Bertha
Bertha",,,,,,
"Golf
",,,,,,
Sturm Bertha,,,,,,
Gleisen,,,,,,
Lower Susquehanna Valley,,,,,,
Fisling am Prithvi Highway,,,,,,
Panidhara,,,,,,
Fisling,,,,,,
Ichchakamana Rural Municipality-2,,,,,,
US-Tornado,,,,,,
Panama City,,,,,,
Ponderosa-Kiefernwäldern,,,,,,
Kermanshah,,,,,,
Gebiet Kuzaran,,,,,,
Provinz Kermanshah,,,,,,
Präfektur Tochigi,,,,,,
Sechzigern,,,,,,
Erdbeben im Land,,,,,,
Wetterextremen,,,,,,
Home-Funktionen,,,,,,
Teufels,,,,,,
Erklärungsnot,,,,,,
Körperkameras,,,,,,
Egyptian Theatre,,,,,,
Hyperpop,,,,,,
Hopkinton,,,,,,
Emily,,,,,,
Hansestadt Hamburg,,,,,,
Golfballgröße,,,,,,
Verkehrsstau,,,,,,
Rath Yatra,,,,,,
Schlaglöchern,,,,,,
“ Garten,,,,,,
Hurrikan-Hilfe,,,,,,
Atacama-Region,,,,,,
Thames Valley,,,,,,
Hill-Laufbrand,,,,,,
Ölverkäufen,,,,,,
Wolverine,,,,,,
Aussterbens,,,,,,
Shelby County Speedway,,,,,,
Oakwood,,,,,,
Dual-Heat-Qualifikationsprogramm,,,,,,
"Erdbeben der Stärke M5,5",,,,,,
Bezirk Gayo Lues,,,,,,
Lehmwände,,,,,,
Saturnmond,,,,,,
Erdbeben gab der Welt die Geschichte,,,,,,
Ve…,,,,,,
Botanik-Kolumne,,,,,,
Kohlenstoffkreislaufmodellen sow…,,,,,,
südeuropäischen Landes,,,,,,
Geschmack,,,,,,
Heimatbezirken,,,,,,
Kanada global,,,,,,
Rekordtief bei,,,,,,
Luna Snow,,,,,,
Nord-Zentral-West Virginia,,,,,,
Teilausfällen,,,,,,
telemetry-sh/retry-storm-lab,,,,,,
North Alabama,,,,,,
Banchha-Brücke,,,,,,
Hatadihi-Block,,,,,,
Keonjhar,,,,,,
viadonau,,,,,,
Nadra Bus,,,,,,
Schieferblau,,,,,,
Ghodazari-Verteilungskanal,,,,,,
Bluegrass State,,,,,,
Erdbeben zerstörten Landes,,,,,,
Berthas,,,,,,
Marsstaubstürme,,,,,,
Rampe,,,,,,
Schwarzen Elster,,,,,,
Rovinj,,,,,,
Sonnensturmwächter,,,,,,
Sol…,,,,,,
Grünheide,,,,,,
Chino Valley,,,,,,
Notrettungen,,,,,,
North Yorkshire,,,,,,
Forstministerium,,,,,,
Nuristan,,,,,,
Tiermemes,,,,,,
Erdrutschreparaturen,,,,,,
Pani-Wala-Kurve,,,,,,
Teich,,,,,,
Kalwa-Eisenbahn,,,,,,
Kalwa,,,,,,
Mercy Island,,,,,,
Polarkratern,,,,,,
Wasserzufuhr,,,,,,
Bezirk 36,,,,,,
Ardley,,,,,,
Tropischer Sturm Bertha-Grafiken,,,,,,
Fogbow,,,,,,
Little Valley Road,,,,,,
Bezirk Bajhang,,,,,,
Kotdewal,,,,,,
Aktienkursen,,,,,,
Fraser Valley Regional District,,,,,,
Straße bei,,,,,,
Bevölkerungswachstum,,,,,,
Jeff Bezos,,,,,,
La …,,,,,,
Six Flags Great America,,,,,,
Drahteseln,,,,,,
Va…,,,,,,
Immobilienbestands,,,,,,
Fürther,,,,,,
Braunsbach,,,,,,
New Jersey/NY,,,,,,
Flusspferde,,,,,,
Nordafrikas,,,,,,
New Jersey-Stadion,,,,,,
Südnorwegen,,,,,,
Drammen,,,,,,
Hitzefrei-Tage,,,,,,
Stadt Chongqing,,,,,,
Wagenfarbe,,,,,,
Gunji,,,,,,
Cairngorm,,,,,,
Igarra,,,,,,
Akoko-Edo,,,,,,
Waldbrand an der Ostküste,,,,,,
Golf Sportwagen S 4MOTION,,,,,,
E-Autos,,,,,,
Spanien am Sonntag,,,,,,
Milchproduktion,,,,,,
Hoh…,,,,,,
Nashville“,,,,,,
Kailash-Mansarovar-Pilgern,,,,,,
Dharchula,,,,,,
Straße Dharchula-Lipulekh,,,,,,
Garbadhar,,,,,,
Negombo,,,,,,
große US-Städte,,,,,,
Wasserabfällen,,,,,,
Rebounds,,,,,,
Land Bar New York,,,,,,
USA Rekorde,,,,,,
N.J.,,,,,,
Trinkwasserbedarf,,,,,,
Koks,,,,,,
Flüsse,,,,,,
YETI,,,,,,
Stanley,,,,,,
Stuttgarter Flughafen,,,,,,
Urlaubsflieger,,,,,,
Tsunami-Warnzentrum,,,,,,
Ogun-Autofahrer,,,,,,
Kunnambetta,,,,,,
Sturms hineinrennt,,,,,,
Chikhali,,,,,,
Surat-Straßen,,,,,,
New City Light,,,,,,
Althan,,,,,,
Sachsen‑Anhalt,,,,,,
Tornado-Opfer,,,,,,
Videoaufnahmen,,,,,,
Telangana-Wetter,,,,,,
Telangana-Bezirk…,,,,,,
Bodelshausen,,,,,,
Big Bar Lake,,,,,,
Big Bar Lake-Gebiet,,,,,,
Cariboo,,,,,,
China*US-Luftqualitätswarnungen*Iran-Kriegsangriffe*China,,,,,,
Indiana Fever,,,,,,
Mansarovar-Charge,,,,,,
USA Today,,,,,,
Handelsstreiks,,,,,,
Landkreises West-Zentral-Alberta,,,,,,
Asnæs,,,,,,
dänischen Küste,,,,,,
Meerfelder Maars,,,,,,
O.J.,,,,,,
Erdbeben der Stärke M4.9,,,,,,
Betriebsgebiet,,,,,,
24/7 Wall St.,,,,,,
Sheohar,,,,,,
Belwa-Minapur-Verbindungskanal,,,,,,
Bagmati-Überschwemmungen,,,,,,
Burhi Gandak,,,,,,
Prithvi Highway am Sonntag,,,,,,
Pumpunya,,,,,,
AL91,,,,,,
Monsun-Regens,,,,,,
Co Cork,,,,,,
Chupaca,,,,,,
Andenregion Junín,,,,,,
Erdrutschsee,,,,,,
Ramganga,,,,,,
Erdbeben Mexiko,,,,,,
Provinz Huancayo,,,,,,
Regenfälle am Sonntag,,,,,,
TD 2,,,,,,
Kharghuli,,,,,,
Ochlockon,,,,,,
Junin,,,,,,
Privatjets,,,,,,
Luxus-Privatjets,,,,,,
Tate-Brüder,,,,,,
Kaufen,,,,,,
Washington National,,,,,,
Nordöstliches,,,,,,
Wasserversorgern,,,,,,
New York City Emergency Management,,,,,,
Endspiel am Sonntag,,,,,,
Messenien,,,,,,
North Wilkesboro,,,,,,
North Wilkesboro Speedway,,,,,,
Bad-Bunny-Konzert,,,,,,
Kanada von Küste zu Küste,,,,,,
Sturmjägern,,,,,,
Soho,,,,,,
Verhaltensstrategien,,,,,,
Six-E-Grafiken,,,,,,
Erdbeben-M,,,,,,
Shahrak-e Kūlūrī,,,,,,
MOAB,,,,,,
Katzhof,,,,,,
Rekordkurs,,,,,,
New York New York,,,,,,
New Jersey Sturmwarnungen,,,,,,
Mega-Dürre,,,,,,
Havdalah,,,,,,
Rauchereignissen,,,,,,
Bad Bunnys Konzert,,,,,,
Owerrinta Road,,,,,,
Gewittertierchen,,,,,,
Smartphones,,,,,,
Sensor Tower,,,,,,
Hilfsmaßnahmen,,,,,,
Devon & Somerset Fire & Rescue Service,,,,,,
Leros,,,,,,
Erhitzen von Plastikbehältern,,,,,,
Statistische Bundesamt,,,,,,
Honeywell,,,,,,
Baumchilis,,,,,,
Dachbefestigungen,,,,,,
Tomaten,,,,,,
Bezirk Villach,,,,,,
Alplgraben,,,,,,
Gemeinde Nötsch,,,,,,
Aufräumens,,,,,,
Nordostchina,,,,,,
Kostenloser Versand,,,,,,
Stürme …,,,,,,
Jakobsweg,,,,,,
Galizien,,,,,,
Energiereserven,,,,,,
Dezhou,,,,,,
frutescens,,,,,,
Wärmedetektive,,,,,,
Bayfield,,,,,,
Botox,,,,,,
Bezirk Dhar,,,,,,
Trans-Canada Highway,,,,,,
Isangel,,,,,,
Tafea,,,,,,
CCTV,,,,,,
Erdbeben zu meistern,,,,,,
Hitzerekord an der Ostküste im Jahr 2026,,,,,,
Nordostkrater,,,,,,
Insel Jeju,,,,,,
Nordwestbahnhof,,,,,,
Mädchenschule,,,,,,
Neubauvorhaben,,,,,,
Koka,,,,,,
Hausbefestigungen,,,,,,
Tipperary,,,,,,
Hügeln von,,,,,,
Schiedsrichter-Kontroversen,,,,,,
Kelleys Island,,,,,,
Eriesee-Insel,,,,,,
Tornados MISSISSAUGA,,,,,,
Wixom,,,,,,
Mount Tambora im Jahr,,,,,,
Bürourlaub,,,,,,
Unternehmensbüros,,,,,,
Autobahn Mumbai–Agra,,,,,,
Thathri,,,,,,
Fahrzeugen,,,,,,
NH-66 Mumbai-Goa,,,,,,
Pen-Roha,,,,,,
Valley Road,,,,,,
Neffsville,,,,,,
Greater Noida,,,,,,
Pune–Lonavla Karjat–Lonavla,,,,,,
Wisconsin-Sees,,,,,,
Meta-Rechenzentrums,,,,,,
Interstate …,,,,,,
KI-Modelle,,,,,,
Closed-Source-,,,,,,
Rifting-Ereignisses,,,,,,
Südostindischen Rückens,,,,,,
Vulkanbrand,,,,,,
La Cresta,,,,,,
"Erdbeben der Stärke 5,0 den Boden",,,,,,
Hütten,,,,,,
Erdbeben in China,,,,,,
Suchteams,,,,,,
Präfektur Shiga,,,,,,
Brown,,,,,,
FEMA-Hilfe,,,,,,
Rot-Rot-Grün,,,,,,
Boesemani-Regenbogenfische,,,,,,
Amt für Bevölkerungsschutz,,,,,,
Stockwerken,,,,,,
Kerzenwerk Kentucky,,,,,,
Hey München,,,,,,
Uni-Viertel,,,,,,
Sturzbäche,,,,,,
Westsyrien,,,,,,
Minderungsszenarien,,,,,,
Jin et al.,,,,,,
Düsen,,,,,,
Lyskamm,,,,,,
Lyskamms,,,,,,
Schwesig-Aufwind,,,,,,
Miethaus,,,,,,
Marathon,,,,,,
Kirschanbaus,,,,,,
Fränkische Schweiz,,,,,,
Anbauer,,,,,,
Äußeren Hebriden,,,,,,
US-Militärbasis,,,,,,
Provinz Schäden,,,,,,
Weltraums,,,,,,
Gasflaschen,,,,,,
Schrottplatz,,,,,,
Sheboygan,,,,,,
Minor-League-Baseballspiel,,,,,,
Radio im Zimmer nebenan …,,,,,,
Lautsprecher,,,,,,
Surat Creek,,,,,,
Syanachatti,,,,,,
Yamunotri National Highway,,,,,,
Gladstone,,,,,,
Yamunotri,,,,,,
Tornadozone,,,,,,
Delmar Boulevards,,,,,,
Bezirks Lohit,,,,,,
NH-75,,,,,,
Shiradi Ghat,,,,,,
Sakleshpur,,,,,,
Mittwoch Supersandsäcke,,,,,,
https://punchng.com/fg-condoles-china-over-gansu-landslide/,,,,,,
Superweiß,,,,,,
Graphite-Stoff,,,,,,
Division Western Railway Ahmedabad,,,,,,
El Sindicato Arquitectura,,,,,,
Vulkans Cayambe,,,,,,
gleichnamigen Stadt,,,,,,
Porto,,,,,,
Zone 0,,,,,,
Brunswick,,,,,,
Atlantische Meridion…,,,,,,
Adrenalin,,,,,,
Rohingya-Schule,,,,,,
Thunder Mountain,,,,,,
Erdbeben am 24,,,,,,
Paradise Valley,,,,,,
Lloydminster,,,,,,
Frankfurter Zeil,,,,,,
Kamp,,,,,,
Zwettl,,,,,,
Monatsmittel,,,,,,
Gangotri,,,,,,
Babajide Sanwo-Olu,,,,,,
Kaivopuisto Park,,,,,,
Neue Messdaten,,,,,,
Pacto Sumaco,,,,,,
US-Pazifikgebiete Guam,,,,,,
Großbritanniens Platz,,,,,,
Hurrikan Land,,,,,,
Sigonella Air Base,,,,,,
Dongying,,,,,,
Provinz Shandong,,,,,,
Bohai-Meer,,,,,,
Doral-Einrichtung,,,,,,
Erdbebenüberlebende,,,,,,
Makrophagen-Epithel-Crosstalk,,,,,,
Brustdrüsen,,,,,,
Stromversorgungssysteme,,,,,,
Meteorologische Amt für Dienstag,,,,,,
WildSumaco,,,,,,
Vulkans Sumaco,,,,,,
Goldberg,,,,,,
Nationalparks Sumaco Napo Galeras,,,,,,
Andenhang,,,,,,
Entenburg,,,,,,
Erdbeben-Katastrophe,,,,,,
Morbe-Staudamm,,,,,,
NH 85,,,,,,
Fußgängern,,,,,,
Stadt Downieville,,,,,,
Sturms Gebäude,,,,,,
Korruptionsvorwürfen,,,,,,
Krypto-Staatsanleihen,,,,,,
Crypto Bri…,,,,,,
Hitze-Gesundheitswarnungen,,,,,,
britischen Sommers,,,,,,
Kaunertaler,,,,,,
Tiroler Gletscherstraße,,,,,,
Missing-Link-Tunnels,,,,,,
Mai Khao Beach,,,,,,
Strecke Waldbrände,,,,,,
Grand Départ,,,,,,
Titans Atmosphäre,,,,,,
Shane-Wright-Glücksspiel,,,,,,
Mahuva,,,,,,
Cassini …,,,,,,
Kingston Schäden,,,,,,
England-Anpfiff,,,,,,
Gewitterprotokoll,,,,,,
Dodgers-Anwärters,,,,,,
US-Inselgebiete,,,,,,
Stadion …,,,,,,
Nebensaison,,,,,,
Computerchips,,,,,,
Karjat-Lonavala,,,,,,
Karjat-Lonavala Bhor Ghat,,,,,,
Gleisschäden,,,,,,
Bhor Ghat,,,,,,
Mexico City Stadium,,,,,,
alte Autobahn,,,,,,
Mumbai-Pune-Schnellstraße,,,,,,
Khalapur-Mautstelle,,,,,,
Guam auf Land,,,,,,
TV-Zuschauer,,,,,,
Insel Rota,,,,,,
Interimspräsidentin,,,,,,
Pune Expressway,,,,,,
Vorortstraßen,,,,,,
Etappenabsagen,,,,,,
Tennisballgroßer Hagel,,,,,,
Andromedas,,,,,,
Darude,,,,,,
Netzausfall,,,,,,
Ozonschicht,,,,,,
NDRF-Personal,,,,,,
Notrettungsmaßnahmen,,,,,,
Mananthavady,,,,,,
Vythiri Alarmstufe Rot,,,,,,
Pokémon-Universum,,,,,,
Noto-Halbinsel…,,,,,,
KI-Cashflow,,,,,,
KI-Reichtum …,,,,,,
Kalladi-Tunnelprojekts,,,,,,
Cox's Bazar,,,,,,
Monsunregens Hänge,,,,,,
Moar-Extremwetter,,,,,,
NATO-Freakout,,,,,,
Delta-Upgrade-Spielereien,,,,,,
Melaperungavoor,,,,,,
Podcasts,,,,,,
Magazinen,,,,,,
Wechseljahre si…,,,,,,
Manheim Twp,,,,,,
Gemeinde Manheim,,,,,,
Sumpter Township,,,,,,
Alipurduar,,,,,,
El Niño „Rekorde,,,,,,
Scharlatane,,,,,,
Kalladi-Tunnels,,,,,,
Notrufnummern,,,,,,
Airbnbs,,,,,,
Meenakshi-Brücke,,,,,,
Malap,,,,,,
Ezhou,,,,,,
Meppady,,,,,,
Tunnelprojektgelände,,,,,,
Modetrends,,,,,,
Ölreichtum Venezuelas,,,,,,
Flusses Indrayani,,,,,,
Talegaon,,,,,,
Autobahn Pune-Nashik,,,,,,
Midtown Manhattan,,,,,,
Menschenmengen,,,,,,
Einbaus von Isolierung und Wärmepumpen,,,,,,
Katastrophenrisiken,,,,,,
Gewaltverbrechen,,,,,,
Yogg-Saron,,,,,,
Marlborough,,,,,,
Cheviot,,,,,,
La Esper…,,,,,,
CNBCs The China Connection-Newsletter,,,,,,
Echtzeit-Sicherheitsanalyse,,,,,,
US-Männer,,,,,,
Jiangsu,,,,,,
Shandong,,,,,,
NH-244,,,,,,
Nordost-Hitzenotstand,,,,,,
Dammbruch,,,,,,
Grundwasservorkommen,,,,,,
Walmart,,,,,,
rekordhoher,,,,,,
Riesenkessel,,,,,,
Giant Cauldrons,,,,,,
Tabak Stream-Schlucht,,,,,,
Kranich-Konzern,,,,,,
Rückenwind,,,,,,
Creek,,,,,,
Mini-Eiswaffeln,,,,,,
IDF-Außenposten,,,,,,
dringen,,,,,,
Feldbrände,,,,,,
Loyalton,,,,,,
Sierra County,,,,,,
Madhya Pradesh CM Mohan Yadav,,,,,,
Microburst-Stürmen,,,,,,
Torrecardenas,,,,,,
(80+ Fotos,,,,,,
Gefährliche Hitzekuppel,,,,,,
Bezirk Baramulla,,,,,,
Landes festsaßen,,,,,,
Generationenflut,,,,,,
Distrikt Kamjong,,,,,,
Billings,,,,,,
Schlangen auf der Straße,,,,,,
Endkunden,,,,,,
Katastrophenmüdigkeit,,,,,,
Brandgefahr,,,,,,
Mechi-Highway,,,,,,
Bassey Otu,,,,,,
https://punchng.com/criver-gov-visits-flood-victims-pledges-govt-support/,,,,,,
Festivalsaison,,,,,,
Conwy Mountain,,,,,,
Sychnant Pass,,,,,,
Conwy County,,,,,,
Imperi,,,,,,
Chinas Ostküste,,,,,,
Mitverschulden,,,,,,
Hitzestau,,,,,,
Kavre,,,,,,
Ameisen,,,,,,
BBC-Sohn,,,,,,
Vernon Bridge,,,,,,
Tons River,,,,,,
Doon,,,,,,
Mödling,,,,,,
Rollkäfer,,,,,,
Kellerasseln,,,,,,
Insel Taiwan,,,,,,
Flutkatastrophe an der Ahr,,,,,,
Westdeutschland,,,,,,
Einhundertsechsundzwanzig,,,,,,
Kedarnath Highway,,,,,,
Haus im Ahrtal,,,,,,
Neuschwanstein-Mörder,,,,,,
Schloss Neuschwanstein,,,,,,
Bonusbereich,,,,,,
Fahrgeschäfte,,,,,,
Magic Kingdom Par…,,,,,,
Sahara-Glut,,,,,,
​​Yueqing,,,,,,
Beschlagfreie Milwaukee-Schutzbrille,,,,,,
Missouri-Lager,,,,,,
Dumka,,,,,,
Sachsenring,,,,,,
Zwei-Minuten-Spektakel,,,,,,
Sportplatzes,,,,,,
East Evans Creek,,,,,,
Jackson County,,,,,,
Ost-Uttar Pradesh,,,,,,
Vereinigten Königreich Waldbrände,,,,,,
Brandes,,,,,,
Conwy,,,,,,
Tortur,,,,,,
Metalle,,,,,,
Regierender,,,,,,
Jaisalmers Raimala,,,,,,
Isolationsmeisterwerks der Natur,,,,,,
16-Ventil-Reihenvierzylinders,,,,,,
Zubehörs,,,,,,
Peptide,,,,,,
Apfelrot,,,,,,
Sommeranfang,,,,,,
Nacht Mecklenburg-Vorpommern,,,,,,
Krankenhaus-Chef,,,,,,
Insolvenz-Tsunami,,,,,,
Polizeiauto,,,,,,
Versteckens,,,,,,
Raumschiff,,,,,,
Dienstag …,,,,,,
Taifun Nr. 11,,,,,,
Haishen,,,,,,
Heidenau,,,,,,
Peak District Waldbrände,,,,,,
Meck-Pomm,,,,,,
Philadelphia-Gebiet,,,,,,
Microburst-Stürme,,,,,,
Buras-Triumph,,,,,,
Trümmerfelder,,,,,,
Feuerwehren,,,,,,
Biergarten,,,,,,
Badesee,,,,,,
Lusail Museums,,,,,,
Insel Al Maha,,,,,,
Al Maha Island,,,,,,
Lusail,,,,,,
Yenagoa,,,,,,
Ikot Awatin,,,,,,
African American History Museum,,,,,,
Wittenburg,,,,,,
Parteivorsitz,,,,,,
Boyle Heights,,,,,,
Gartenanlage,,,,,,
Wiesbaden-Amöneburg,,,,,,
​Nach,,,,,,
Bezirk Hingoli,,,,,,
Kalte Sesamnudeln,,,,,,
Sriracha,,,,,,
Eigenheim,,,,,,
Chichester,,,,,,
Bognor Regis,,,,,,
West Sussex,,,,,,
Laghouat,,,,,,
Baulärm,,,,,,
Hundelärm,,,,,,
Narayangadh–Muglin Highway,,,,,,
Steine ​​herabfielen …,,,,,,
Lösungsansätze,,,,,,
Asturien,,,,,,
Tourismuszahlen,,,,,,
Johannesburg,,,,,,
Bakersfield,,,,,,
42nd Street,,,,,,
Erythrulose,,,,,,
Raja-Sitz,,,,,,
Madikeri,,,,,,
Madassery Hill,,,,,,
Echtzeit-Niederschlags-,,,,,,
Chico,,,,,,
CHICO,,,,,,
Änderungen,,,,,,
Raimala,,,,,,
Missouri…,,,,,,
Haupt-Todesursache,,,,,,
Telegrafenämtern Funken,,,,,,
Utah Trumps,,,,,,
Mumbais Hochwasserplan,,,,,,
Niedrigwasserregionen,,,,,,
Oberste Gericht von Kerala,,,,,,
Ja,,,,,,
Füchse,,,,,,
Teppich von Bayeux,,,,,,
Bahnstörung Mumbai-Pune,,,,,,
Lonavala,,,,,,
Brandemissionen,,,,,,
Tunnelprojekts,,,,,,
Konkan Railway,,,,,,
Konkan-Eisenbahn,,,,,,
Carrington-Sturm,,,,,,
Käfige,,,,,,
Pegelstand des Bodensees,,,,,,
Rechtsnachfolger,,,,,,
Exeter,,,,,,
Münsteraner,,,,,,
Kordun-Hügeln,,,,,,
Instagram-Chef,,,,,,
Klimaanlagenausfällen,,,,,,
STERLING,,,,,,
Keelung,,,,,,
Mahakali-Guide-Bunds,,,,,,
Betonbrückenleitdamm,,,,,,
Qualleninvasion an der Adria,,,,,,
Gibraltar,,,,,,
körpernahe Mikroklima,,,,,,
Wärmeb…,,,,,,
Tages Taiwan,,,,,,
Supertaifuns Bavi,,,,,,
Grünen-Politikerin Dröge,,,,,,
Almería Andalusien,,,,,,
Tropfleitungen,,,,,,
Hector,,,,,,
Zentralnervensystem,,,,,,
Fitness-Trackern,,,,,,
Donnergrollen,,,,,,
Serena,,,,,,
DeFi-Datenschutztools,,,,,,
Amerikas sicherstes Gefängnis,,,,,,
Mussoorie-Doon,,,,,,
Galogi,,,,,,
Shiv-Mandir-Brücke,,,,,,
Kleinbauern,,,,,,
Karur,,,,,,
Wasserflusses,,,,,,
Pfusch,,,,,,
Khalapur-Gebiet,,,,,,
Hussainabad,,,,,,
Brand New Day,,,,,,
Genova-See,,,,,,
Lindsay,,,,,,
Mein Überhitzungsrätsel,,,,,,
Little Falls,,,,,,
Eurostar,,,,,,
Haus in Dauphin,,,,,,
Yuko,,,,,,
Ladera Ranch,,,,,,
Orange County Fire Authority,,,,,,
Nimbin,,,,,,
Erdbeben im Juni 2026,,,,,,
Wildpferde,,,,,,
China Vorräte,,,,,,
Sommerlager,,,,,,
Baufirma,,,,,,
Juni-Hitze,,,,,,
Winterlebensraums für Frettchen Nein,,,,,,
Brandherde,,,,,,
Taiwan Stromausfälle,,,,,,
Wasserschlauchverbote,,,,,,
Permafrosts,,,,,,
Mo.,,,,,,
Intermountain West,,,,,,
Navalgunds MLA NH,,,,,,
Rauchwarnungen,,,,,,
Taifun Bavi,,,,,,
Taizhou,,,,,,
Strecke am Sonntag,,,,,,
Corrèze,,,,,,
Sierra de Los Filabres,,,,,,
Nutzungsbeschränkungen,,,,,,
Inflationstendenzen,,,,,,
Entscheidungsträger …,,,,,,
Nawada-Dörfern,,,,,,
Straße zum Phulwaria-Staudamm,,,,,,
Nawada,,,,,,
Missouri gerettetCBS,,,,,,
Santiago,,,,,,
Matterhorns,,,,,,
Landmark Heat-Fall,,,,,,
heißer,,,,,,
FOX,,,,,,
Missouri-Überschwemmungen,,,,,,
Missouris,,,,,,
Sommerlager bringenAP News Black Hawk Helicopters,,,,,,
CERN,,,,,,
Sarufutsu,,,,,,
Jakobsmuscheln,,,,,,
Hitzekeule,,,,,,
Ostengland,,,,,,
Sandbank,,,,,,
Loiretal,,,,,,
颱風巴威侵菲律賓釀土石流 至少15人喪生.,,,,,,
Supertaifun Inday,,,,,,
Lanao del Sur,,,,,,
Krisenmanagement bei Stromausfall,,,,,,
Hünfelden,,,,,,
Münchner Haus der Kunst,,,,,,
Myrtle-Holz,,,,,,
Hartkirchen,,,,,,
Bezirk Eferding,,,,,,
Osloblau,,,,,,
Brunswick-Waldbrandkomplex,,,,,,
Waldbrandkomplex Brunswick,,,,,,
Hitze Waldbrände,,,,,,
Talukas Peth,,,,,,
Trimbakeshwar,,,,,,
Peth Ashramshala,,,,,,
Op Amistad,,,,,,
Sunder Nagri,,,,,,
Google,,,,,,
Post-Quantum-Krypto-Zeitleiste,,,,,,
Großregion Grande Prairie,,,,,,
Sundarighat,,,,,,
Kirtipur-10,,,,,,
Ashburn,,,,,,
Dieselgeneratoren,,,,,,
Wetter-Experte,,,,,,
Plantagen,,,,,,
Salisbury,,,,,,
Carterton,,,,,,
"Sturm ""Bram",,,,,,
16th Street Mall,,,,,,
Barcelona-Verteidiger Hector,,,,,,
Wisconsin im Dunkeln,,,,,,
Cellcom-Kunden,,,,,,
Brooklyns,,,,,,
Shyok-Tunnel,,,,,,
Tagbautunnel,,,,,,
Shyok-Flussufers,,,,,,
Taxis,,,,,,
Mitfahrdiensten,,,,,,
selbstheilenden Beton,,,,,,
tsunamiAL.com Warum Japan,,,,,,
Selbsthass,,,,,,
Erdbeben im Süden Deutschlands,,,,,,
Gebiet Bulahdelah,,,,,,
Corowa,,,,,,
Blizzard-Bedingungen,,,,,,
Yakima,,,,,,
Kontroversen,,,,,,
Extraktions-Shooters,,,,,,
Schneesysteme,,,,,,
Ricki Lake,,,,,,
Moises Padilla,,,,,,
Rankweil,,,,,,
Feuerstürme,,,,,,
Pfas im Schnee,,,,,,
Industriechemikalien,,,,,,
M74,,,,,,
Abington,,,,,,
South Lanarkshire,,,,,,
hatAP News Japanische Regierung,,,,,,
Gaspreise vs.,,,,,,
Wirtschaftssorgen,,,,,,
BRICS-Zweifel,,,,,,
Mataur,,,,,,
N-Chowk,,,,,,
Flugdeck-Audio,,,,,,
Kugaaruk,,,,,,
"Erdbeben der Stärke 7,6 herausDie New York Times",,,,,,
Universität Akdeniz,,,,,,
Lawinen-Todesrisiko,,,,,,
Idaho Panhandle Aval,,,,,,
Staubteufeln des Mars,,,,,,
Erdbeben an der Nordostküste,,,,,,
Herbstsitzen,,,,,,
Aquarien,,,,,,
JapanCNN,,,,,,
Tsunami-Warnstufe,,,,,,
Cap-and-Invest,,,,,,
Erdbeben der Stärke M7.5,,,,,,
Eisenformations-Solebecken,,,,,,
gebänderten,,,,,,
Ostküste Tasmaniens,,,,,,
Zentralbanken,,,,,,
Tel,,,,,,
"Erdbeben der Stärke 7,5 aufReuters Evakuierungsbefehle",,,,,,
Japans KüsteNBC,,,,,,
Misawa,,,,,,
Byron,,,,,,
tasmanische Stadt,,,,,,
Sturm Bram Irland,,,,,,
"Erdbeben der Stärke 7,5 auf…",,,,,,
Wehrpflicht,,,,,,
Sturms Bram,,,,,,
Süd-Washington,,,,,,
Skitest,,,,,,
Lignan,,,,,,
Beauty-Favoriten,,,,,,
Wasserrettungsarbeiten,,,,,,
Bezirken von Hyderabad,,,,,,
Star-Wars-Universum,,,,,,
Interstate-95-Korridor,,,,,,
McLeod Center,,,,,,
Staat Washington,,,,,,
Römisches Reich,,,,,,
RAAF Pearce,,,,,,
Wattle Grove,,,,,,
Maddington,,,,,,
Beckenham,,,,,,
Grundsatzpapier,,,,,,
Rettungsdiensten,,,,,,
Großglockner-Fall,,,,,,
Führerrolle,,,,,,
Was-wäre-wenn,,,,,,
Bergen Après-Ski,,,,,,
Irische See,,,,,,
Großraum Tel Aviv,,,,,,
Carmel-Region,,,,,,
Colorados am Mittwoch,,,,,,
Sprinklerschläuche,,,,,,
Silberpreises,,,,,,
Wintermontur,,,,,,
Oldtimer,,,,,,
Cedarville,,,,,,
New York Times-Überschwemmung,,,,,,
Polizeiwache von Ontario,,,,,,
Schisandra,,,,,,
Sin A,,,,,,
Schnee-Kanonen,,,,,,
Truthahn,,,,,,
saarländischen Landtag,,,,,,
Whiteout-Situationen,,,,,,
Rogue-Meta,,,,,,
Nordkolumbien,,,,,,
Arktis,,,,,,
China-Route,,,,,,
Bezymianny,,,,,,
Bezymianny-Vulkans,,,,,,
Außendekorationen,,,,,,
Sumatra Notschulen,,,,,,
Tropenkrankheiten,,,,,,
Pahon-Höhle,,,,,,
Gabun,,,,,,
Royal Flush,,,,,,
Erdbeben im Vogtland“,,,,,,
Adventskalender-Geschenken,,,,,,
Kamelrennteams Al Haboob,,,,,,
Vulkanisches Erbe,,,,,,
Traumziel,,,,,,
Plastikplanen,,,,,,
Erholungsstatus,,,,,,
Südost-Michigans,,,,,,
Overwatch 2,,,,,,
Puyallup,,,,,,
Carbon,,,,,,
Polarwirbel-Episode,,,,,,
Chetwynd,,,,,,
Washingtonsking5.com Starker Regen,,,,,,
Netflix-Survival-Thriller,,,,,,
Dy,,,,,,
Hartsfield-Jackson Atlanta International Airport,,,,,,
Delta-Kunden,,,,,,
Mahagiridamba-Gebiet,,,,,,
Entwicklungsschatten,,,,,,
Marsstürmen,,,,,,
Amt der Bezirksstaatsanwältin,,,,,,
Alameda County,,,,,,
Erdbebenserie,,,,,,
Turmalinkeramik,,,,,,
Perpall-Tract-Gebiet,,,,,,
Wärmepumpen,,,,,,
Big-Ten-Meisterschaftsspiel,,,,,,
Ö3,,,,,,
Wintersportsaison,,,,,,
Tauplitz,,,,,,
Loser,,,,,,
Wintersporthandel,,,,,,
Ausrüstungen,,,,,,
Strahlende Wintersonne,,,,,,
Hunter Region,,,,,,
Hunter-Region,,,,,,
Pest-Katastrophe,,,,,,
Ehrwald,,,,,,
Bezirk Reutte,,,,,,
Eurovision-Streit,,,,,,
Hafenterminals,,,,,,
Terminal 5,,,,,,
Holyhead,,,,,,
Koffeinliebhaber,,,,,,
Süd-Minnesota,,,,,,
Nord-Iowa,,,,,,
Insel Juist,,,,,,
Sri Pada,,,,,,
Sri Pada-Pilgersaison,,,,,,
Eagle-Kampagne,,,,,,
Sri Pada-Anhänger,,,,,,
Innere …,,,,,,
Küstenstürmen,,,,,,
Büroarbeiten,,,,,,
Vorgehens,,,,,,
Senfgelb,,,,,,
Katastrophe im Indischen Ozean,,,,,,
Ammoniak,,,,,,
Wilma,,,,,,
Georgia Red,,,,,,
Marktteilnehmern,,,,,,
militärisch-industrielle Infrastruktur,,,,,,
Beni-Feuer,,,,,,
Dubbo,,,,,,
Eishockey-Arena,,,,,,
DBLR,,,,,,
Coastal Regulation Zone,,,,,,
Dahisar Creek,,,,,,
Salzpfannengebiet,,,,,,
Cristofer Sundberg,,,,,,
Dernau,,,,,,
Alten…,,,,,,
Falschparkens,,,,,,
Praktikant,,,,,,
Neurology,,,,,,
Gombak,,,,,,
Orang Asli Batu,,,,,,
Kinosessel,,,,,,
Freitag Schneegestöber,,,,,,
asiatischen Landes am …,,,,,,
National League-Spitzenreiter Rochdale,,,,,,
"Erdbeben der Stärke 7,0 Alaska",,,,,,
Betonbrücken,,,,,,
H264-AESop,,,,,,
HäusernBBC-Feuerwehrmann,,,,,,
Australien brennenDie New York Times,,,,,,
Berg…,,,,,,
Regenausfällen,,,,,,
israelischen Küste,,,,,,
Thanksgiving Day,,,,,,
"Erdbeben der Stärke 2,1 – im Grunde",,,,,,
EU-Solidaritätsfonds,,,,,,
Albtraumhafter Obelisk,,,,,,
Spielveröffentlichungstheorien,,,,,,
Blaubeeren,,,,,,
Meteorologischen Behörde des Landes,,,,,,
Küste Japans,,,,,,
"Erdbeben der Stärke 7,2 erschüttert Japan",,,,,,
Insel Honshu,,,,,,
Hallmark-Filmen,,,,,,
Hallmark-Weihnachtsfilme,,,,,,
Montagabend vor der Küste,,,,,,
Titisee,,,,,,
Dresdens Sportchef-Suche stockt,,,,,,
Salzburger Landes,,,,,,
Erdbeben vor der Küste Nordjapans,,,,,,
North Shore,,,,,,
Salmon Cove Community Center,,,,,,
"Erdbeben der Stärke 7,2 …",,,,,,
Starkes Erdbeben vor der Küste,,,,,,
Starkes Erdbeben vor der Küste Japans,,,,,,
Erdbeben vor Hokkaido,,,,,,
Japan</p><p,,,,,,
Wettenberg,,,,,,
Streaming-Partner,,,,,,
Port Hedland,,,,,,
Wann,,,,,,
Erdbeben im Yukon am Samstag,,,,,,
KanadaDer,,,,,,
Brückeneinsturz-Bild,,,,,,
Fisches,,,,,,
Klimameilensteine,,,,,,
Ost-Aceh,,,,,,
Las,,,,,,
Kavrepalanchowk,,,,,,
District Agricultural Development Office,,,,,,
Abständen,,,,,,
Schmalwassertalsperre,,,,,,
Wohnbeihilfe,,,,,,
Balee Panah,,,,,,
Distrikt Bireuen,,,,,,
B42,,,,,,
Marsoberfläche,,,,,,
Perseverance-Beobachtungen,,,,,,
Sonntag Hilfsgelder,,,,,,
KI-Lauffeuer,,,,,,
Kaltflecken,,,,,,
Umsatzdürre,,,,,,
Erde & UmweltNatur,,,,,,
Frühwarnsystemen,,,,,,
Hawaii Lava,,,,,,
Sonntag Yakutat,,,,,,
Buschfeuer-Kommunikation,,,,,,
Ljubljana,,,,,,
Green Deal,,,,,,
Mieming,,,,,,
Land FEMA-Hilfe,,,,,,
Survival-Extraction-Spiel,,,,,,
Donnerstag Gaza,,,,,,
Disney-Wasserpark,,,,,,
Belohnungen,,,,,,
Anforderungen,,,,,,
Reportageshow,,,,,,
Nationalparks im Jahr 2026,,,,,,
Desierto de Los Leones,,,,,,
Nationalpark Desierto de los Leones,,,,,,
CDMX-Reisende,,,,,,
Gletscher-Sterben,,,,,,
Niedrige Schneedecke,,,,,,
Popcorn,,,,,,
Fresno-Autobahn,,,,,,
Xcel,,,,,,
Finals-Outfit,,,,,,
Laden,,,,,,
Pierce County,,,,,,
Endau,,,,,,
Japans Berg Zao,,,,,,
Monstern,,,,,,
IndiGo-Flügen,,,,,,
Straße im Winter,,,,,,
Kältehilfe,,,,,,
Barnala,,,,,,
Anu,,,,,,
Ladezustand,,,,,,
Pond,,,,,,
Po…,,,,,,
Oregon Hospital,,,,,,
Michelhausen,,,,,,
Tullnerfeld,,,,,,
Pulverfass,,,,,,
Seasonal Park Pass,,,,,,
Einspruch Podcast,,,,,,
Kartenbedingungen,,,,,,
Alpenrand die Sonne,,,,,,
Chilliwack River,,,,,,
Eastern Express Highway,,,,,,
Extremfall,,,,,,
Mintlify-Dokumentation,,,,,,
Nankai-Trogs,,,,,,
Palästinensern,,,,,,
Burnout,,,,,,
Niki Savva,,,,,,
Giant Neopixel,,,,,,
North Carolina Christmas Jam,,,,,,
Washington Evakuierungen,,,,,,
West Central King County,,,,,,
Mesopotamier,,,,,,
China News,,,,,,
Frieda,,,,,,
Sommerhitze kühl,,,,,,
Flughafen Bengaluru,,,,,,
Kast,,,,,,
Portalen des Raumhafens funkeln,,,,,,
Delhi International Airport Limited,,,,,,
Jakutsk,,,,,,
Best-of-Three-Sets-Einzelspielen,,,,,,
Los Angeles i…,,,,,,
Kuantan,,,,,,
Maran,,,,,,
Sachschadens,,,,,,
Erdbeben in San Francisco im Jahr 1906,,,,,,
Raider-Deck,,,,,,
Rust,,,,,,
Weihnachtspause,,,,,,
Cold Snap-Event,,,,,,
Visby,,,,,,
Hausratversicherungsschutz,,,,,,
Easton,,,,,,
Erdbeben im Februar 2023,,,,,,
Bowling Green,,,,,,
Western Kentucky,,,,,,
großen Skigebieten,,,,,,
Bosnien-Herzegowina,,,,,,
Çıldır-Sees,,,,,,
Hualien,,,,,,
Outdoor-Aktivitäten,,,,,,
Bozeman,,,,,,
Heizungs-Hacks,,,,,,
Feuchtigkeitsfahne,,,,,,
Tillamook County…,,,,,,
Arc Raiders-Blaupausen,,,,,,
Bristol,,,,,,
Zentrum von Aceh,,,,,,
Bad Bullpens,,,,,,
Hunnasgiriya-Gebiet,,,,,,
Udu Dumbara,,,,,,
Indigo,,,,,,
Kampfmods,,,,,,
kleine Haus,,,,,,
Mattighofen,,,,,,
Paläogenomik,,,,,,
Beb…,,,,,,
Colorado Front Range,,,,,,
Great Plains Waldbrände,,,,,,
Jim Carreys Weihnachtsklassiker,,,,,,
Baby Mohammed,,,,,,
venezianische Reich,,,,,,
Upcountry-Eisenbahnlinie,,,,,,
Social-Media-Beiträge,,,,,,
Shayla Love,,,,,,
Lichtbereich,,,,,,
Raumhafen,,,,,,
Kreis Rottweil,,,,,,
Sonntag…,,,,,,
Bedrohungen,,,,,,
Kundendruck,,,,,,
Minneapolis Street,,,,,,
Puget Sound/Seattle,,,,,,
India,,,,,,
Erdbeben in Zeitlupe,,,,,,
UBS Arena,,,,,,
Belmont Park,,,,,,
Tourismus-Hochsaison,,,,,,
Saint Laurent,,,,,,
Airdrie,,,,,,
Extraktions-Shooter,,,,,,
Bad Boy Mowers Pinstripe Bowl Vorhersage,,,,,,
Bad Boy Mowers Pinstripe Bowl,,,,,,
Milana Vayntrub,,,,,,
Planet,,,,,,
Wechseljahren,,,,,,
Kontinentalkruste,,,,,,
Bokurdak,,,,,,
Karakum-Wüste,,,,,,
Bezirk Bareilly,,,,,,
Shimla Himachal Pradesh,,,,,,
Schulbusse,,,,,,
Autobahn Kharar–Kurali,,,,,,
Paraquat,,,,,,
Budgets,,,,,,
West-New South Wales,,,,,,
Rekordregenfälle Autobahnen,,,,,,
Plissee,,,,,,
Kernville,,,,,,
Gespräche,,,,,,
Verbrenner-Aus,,,,,,
CSU-Chef,,,,,,
Ski-Looks,,,,,,
RCMP,,,,,,
Stadt Roebourne,,,,,,
Snohomish,,,,,,
King,,,,,,
glutenfreier,,,,,,
Gluten,,,,,,
Erlebnissen,,,,,,
Kegalle,,,,,,
Ratnapura,,,,,,
Nuwara …,,,,,,
Schwarze Meer,,,,,,
Penguin Island,,,,,,
Abalone-Saison,,,,,,
Abalone-Angeln,,,,,,
Lichtblick am Sonntag,,,,,,
Bluegrass,,,,,,
Sturm Byron Gaza,,,,,,
Ditwah,,,,,,
Narayani-Signaturbrücke,,,,,,
Weihnachtsbaumbauern,,,,,,
Vorwarnstufe hera…,,,,,,
Bloomington,,,,,,
Perschling,,,,,,
34.2.2 Patchnotizen – Standard- und Schlachtfeld-Balance-Änderungen,,,,,,
KlimasKUOW,,,,,,
Risikogebieten,,,,,,
Hawkins,,,,,,
Ride-Hail-Markt,,,,,,
St. Helens District High School,,,,,,
Stieglitz-Buschfeuer,,,,,,
Buccaneers,,,,,,
Flut-Angst,,,,,,
Blizzard-Spielen,,,,,,
US-Nordwesten,,,,,,
Stärke M6.7,,,,,,
Hochnebel,,,,,,
Inselreiches,,,,,,
Tsunami-Warnung ausgegebenAl Jazeera,,,,,,
Mercosur,,,,,,
Pyrenäenbäume,,,,,,
Stanley-Cup-Sieger,,,,,,
AT&T-Model Milana Vayntrub,,,,,,
NKY am Freitag,,,,,,
Nacht Schnee,,,,,,
Starkbebenarchiv,,,,,,
Lichter…,,,,,,
CBS News,,,,,,
Bindloss Dawes,,,,,,
Shed,,,,,,
Somerset-Architekten Bindloss Dawes,,,,,,
JapansCBS News Tsunami-Warnung,,,,,,
Annona squamosa,,,,,,
Provinz Yunnan,,,,,,
Dürrerisiko,,,,,,
Quests,,,,,,
Nancy,,,,,,
Metropolregion Louisville,,,,,,
Haus eines „freundlichen,,,,,,
Rohren,,,,,,
Temu,,,,,,
Hamilton County,,,,,,
Keyser,,,,,,
BW,,,,,,
Vihar,,,,,,
Akshardham,,,,,,
Steine ​​verursachen,,,,,,
Lismore Forest,,,,,,
Asphaltschindeln,,,,,,
Bohrkerne,,,,,,
Berannawa,,,,,,
Thennawatta,,,,,,
Yatiyanthota,,,,,,
Coimbatore,,,,,,
Fusarium-Infektionen,,,,,,
Nebelrekord,,,,,,
türkischen Stadt Istanbul,,,,,,
Nationale Krisenzentrum,,,,,,
Klima-Hitzerekord,,,,,,
Online-Shops,,,,,,
Vojvodina,,,,,,
Flugstörungen,,,,,,
Snapscope,,,,,,
Pandas,,,,,,
Pingpong,,,,,,
Funksignal,,,,,,
Aurorastürme,,,,,,
szn-sklik-imp-tornado,,,,,,
Zn,,,,,,
Stat-Wipes,,,,,,
Yoon Myat Su Lin,,,,,,
Isle of Thunder,,,,,,
Nicht-Konferenz-Zeitplans,,,,,,
"New York City
 

Prognostiker",,,,,,
seismisch,,,,,,
W. Richland,,,,,,
Richland,,,,,,
West Richland,,,,,,
Originalgröße,,,,,,
Männer-Basketball,,,,,,
Laufs,,,,,,
Purace-Vulkans,,,,,,
OR 229,,,,,,
KOIN,,,,,,
Erholungsmodus,,,,,,
Tri-State,,,,,,
Nordwest-Montana,,,,,,
Thomas Assembly Center,,,,,,
Dayton Flyer,,,,,,
Nukleargerät,,,,,,
Hut,,,,,,
Galloway Hills,,,,,,
Miri,,,,,,
Enns,,,,,,
South Carolina Tieffrost,,,,,,
West-Neufundlands,,,,,,
Bay of Exploits,,,,,,
Sturm Lancaster County,,,,,,
Indus,,,,,,
Uniklinken,,,,,,
Reich-Ranicki-Platz,,,,,,
Empower Field,,,,,,
Smiley,,,,,,
Systemverbesserungen,,,,,,
Grasbrand,,,,,,
AustralienBBC,,,,,,
Harris County Precinct 4 …,,,,,,
Steiermark …,,,,,,
Kreises Tulcea,,,,,,
Aso City,,,,,,
Mangels,,,,,,
Rekord-Reiseansturm,,,,,,
Fluglotsen,,,,,,
Gubbi,,,,,,
Afar-Region,,,,,,
Fernerkundungsbildern,,,,,,
Pflanzenwachstum,,,,,,
Texas-Tornados,,,,,,
aufgewirbe…,,,,,,
Baumzüchter,,,,,,
Thanksgiving Windböen,,,,,,
Lavafontänen,,,,,,
Nothilfelager,,,,,,
West-New Yorks,,,,,,
Nord-Michigans,,,,,,
Europa-League-Spiel,,,,,,
Flughafen Lelystad,,,,,,
Sturm Adel,,,,,,
Post-Sturm „Adel“,,,,,,
Ätolien,,,,,,
Polarweiß,,,,,,
Dachreling,,,,,,
Kalte Luft,,,,,,
Ballarat,,,,,,
Nocturne,,,,,,
Winterwetterperiode,,,,,,
West-Wisconsin,,,,,,
Westösterreich,,,,,,
Vaughan,,,,,,
D+,,,,,,
Thüringer Bergland,,,,,,
Lawinenprobleme,,,,,,
Schneedeckenaufbau,,,,,,
Ähthiopien,,,,,,
Blut,,,,,,
Cadillac,,,,,,
CadillacMLive.com Thanksgiving-Reisewettervorhersage,,,,,,
Küstenland,,,,,,
LaVell Edwards Stadium,,,,,,
Wildfire-Gruppen,,,,,,
Handelsgespräche,,,,,,
Hayli-Gubbi-Ausbruchs,,,,,,
TIA,,,,,,
Ompundja,,,,,,
Land Vorsicht,,,,,,
eritreischen Grenze,,,,,,
Zentrum der Nordinsel,,,,,,
Weihnachtseinkäufe,,,,,,
Gamer-Geschenke,,,,,,
Mindful,,,,,,
austrocknender See,,,,,,
Lake Turkana Rift,,,,,,
DOGE,,,,,,
Bundesbehörden,,,,,,
Kansas State,,,,,,
Assembly Hall,,,,,,
Pandanarum,,,,,,
Parvo,,,,,,
Asthmaanfällen,,,,,,
Nicht-Kollisionsschäden,,,,,,
Lumut,,,,,,
Schneeeulen,,,,,,
Schnee-Eulen-Population,,,,,,
Modellierungsansatzes,,,,,,
Negri,,,,,,
Kaduwela,,,,,,
Kolonnawa,,,,,,
Kelaniya,,,,,,
Eheliyagoda,,,,,,
Ruwanwella,,,,,,
Seethawaka,,,,,,
Dompe,,,,,,
Bewässerungsministerium,,,,,,
USGSABC,,,,,,
WillowAlaska Earthquake Center Frühmorgendliches Erdbeben an Thanksgiving,,,,,,
SouthcentralAlaskas Nachrichtenquelle,,,,,,
Glatteisrisiko,,,,,,
Hausbrände,,,,,,
Sturmböen an der Nordsee,,,,,,
"Westgriechenland
",,,,,,
Daunscharte,,,,,,
Himalaya-Bogen,,,,,,
VI,,,,,,
Zeuge,,,,,,
Old Railway Yard Road,,,,,,
Labradorsee,,,,,,
Karnali-Korridor,,,,,,
wellig-ungezähmte Haar,,,,,,
Hippie-Klamotten,,,,,,
Thanksgiving-ReisenAP News Post-Thanksgiving-Überland-Wintersturm,,,,,,
Rai…,,,,,,
Tanah Rata,,,,,,
Bödele,,,,,,
Hochspannungsleitungen,,,,,,
Sonnengrenzfläche,,,,,,
CANCUN,,,,,,
Alaska Earthquake Center,,,,,,
South Dakota State,,,,,,
Hard Rock Hotel Riviera Maya,,,,,,
Winterstau…,,,,,,
Weizen-Reis-Monokultur,,,,,,
Schutzes,,,,,,
Badulla,,,,,,
Sumatra-Beben,,,,,,
Barcelona-Legende,,,,,,
Erdrutschtrümmer,,,,,,
OstenThe Weather Channel Thanksgiving-Reisende,,,,,,
Erdbeben auf Sumatra,,,,,,
Verbena,,,,,,
みんなのきもち&WWW〈24-Stunden-Neujahrsparty〉、第１弾出演者発表,,,,,,
Park Babelsberg,,,,,,
Park Babelsberg“,,,,,,
Roten Zwergstern,,,,,,
Skipiste hinunterstürze,,,,,,
Pottuvil,,,,,,
Willow Alaska,,,,,,
Großes Erdbeben in Alaska,,,,,,
Whitefish Point,,,,,,
​Erdbeben Alaska,,,,,,
-Dies,,,,,,
Thanksgiving-Morgen,,,,,,
Anchorage-Gebiet,,,,,,
Sturmflutdaten,,,,,,
Küstenstreifens,,,,,,
Goolwa Beach,,,,,,
Ramsar-geschützten Feuchtgebiets,,,,,,
Gefahrenstufen,,,,,,
Vulkans Äthiopien,,,,,,
Thanksgiving Schnee,,,,,,
Distrikt Kaski,,,,,,
Unterkünften,,,,,,
Orang-Utan-Trekking,,,,,,
Thanksgiving-Sturm,,,,,,
Landkreis Heidenheim,,,,,,
Thanksgiving-Feiertagereisen,,,,,,
Cloud-Seed,,,,,,
Fußballstadien,,,,,,
College-Football-Stadien,,,,,,
Perlis-Straße…,,,,,,
NKVE-Benutzer,,,,,,
Shah-Alam-Leute,,,,,,
Steiermark Gewitter,,,,,,
Komorin,,,,,,
Covington,,,,,,
Magdeburg/Halle,,,,,,
Polarwirbeln,,,,,,
Schnee“,,,,,,
Jalan Sepadu 6,,,,,,
Taman United,,,,,,
Finnischen Meerbusen,,,,,,
Hamburger S-Bahn,,,,,,
Gefährliche Glätte,,,,,,
Obertshausen,,,,,,
Oldenburg/Bremen,,,,,,
Seputeh,,,,,,
Eibenstock,,,,,,
Amazonas-Urwald,,,,,,
Lama,,,,,,
Jugra Dalam,,,,,,
Orang Utan-Abenteuer,,,,,,
Annapurna-Region,,,,,,
Autobahn 93,,,,,,
Kaski,,,,,,
Kurzfilmfestival,,,,,,
Filmemachern,,,,,,
Krk-Brücke,,,,,,
Weltklimagipfel,,,,,,
Föderation,,,,,,
Los…,,,,,,
Hunter Mountain,,,,,,
Hunter Mountain Shiobara,,,,,,
Nasu-Shiobara,,,,,,
Klimagipfel,,,,,,
südaustralischen Stadt,,,,,,
Blockaden,,,,,,
Ranstadt,,,,,,
Eisregen-Walze,,,,,,
vietnamesische Regierung,,,,,,
Glatteis-Sturz,,,,,,
Leer,,,,,,
Provinz Đắk Lắk,,,,,,
Kelleraushub,,,,,,
Nachbar…,,,,,,
Black Sheep Market,,,,,,
Tonawanda,,,,,,
Bahngleise,,,,,,
Sprintlegende Usain Bolt,,,,,,
Betroffenen,,,,,,
Oberhausen,,,,,,
Handwerkern,,,,,,
Brandenburg auf Schnee,,,,,,
Kaski-Beben,,,,,,
Flughafen Bhogapuram,,,,,,
Clayton,,,,,,
Sg,,,,,,
Nordwest-Harris,,,,,,
Haldummulla,,,,,,
Pinery,,,,,,
Großraums Adelaide,,,,,,
schweren tropischen Wirbelsturms Fina,,,,,,
Wurrumiyanga,,,,,,
State Highway,,,,,,
Mautstraße,,,,,,
Tom,,,,,,
Energieversorgers Gasag,,,,,,
Resilient Recovery-Zuschüssen,,,,,,
Temperatur-Niederschlags-Kombination,,,,,,
Manitoba-Gebieten,,,,,,
Alkoholkonsum,,,,,,
Flint,,,,,,
Verdachtsfälle,,,,,,
Kettle Valley Railway Trail,,,,,,
bandeigenem Land,,,,,,
Whakaari,,,,,,
Akasa,,,,,,
Shillong-Dawki,,,,,,
Laitlyngkot-Lyngkyrdem,,,,,,
NH-6,,,,,,
Pomlum,,,,,,
Maradona,,,,,,
YouTube-Star,,,,,,
Sijil Pelajaran Malaysia,,,,,,
Heizölpreise,,,,,,
Sicherheitszauns,,,,,,
Hayli-Gubbi,,,,,,
Kadirashan-Durchlasses,,,,,,
Süd-Montgomery,,,,,,
Südontarios,,,,,,
Kaffees,,,,,,
VAAC,,,,,,
Youtube-Kanal,,,,,,
Bergs,,,,,,
Danakil,,,,,,
Arabien,,,,,,
Jahrtausen,,,,,,
Jetstreams,,,,,,
Luftströmungen,,,,,,
Klang-Tal,,,,,,
tiefwinterlich,,,,,,
Thanksgiving-Woche,,,,,,
Bar Italia,,,,,,
Youtube-Szene,,,,,,
Afar hinauszieht,,,,,,
Et…,,,,,,
UN-Klimagipfels,,,,,,
Gewitter-im-Kopf,,,,,,
OmanABC News Vulkan,,,,,,
Furkajochs,,,,,,
Furkajoch,,,,,,
Bad Laterns,,,,,,
Äthiopier,,,,,,
Fünf-Minuten-Weg,,,,,,
Orthopäden,,,,,,
Unfallchirurgen,,,,,,
Nachgefragt-Podcast,,,,,,
Provinz …,,,,,,
März-Arabica-Kaffee,,,,,,
KCH26,,,,,,
Hochhäderich,,,,,,
Sulzberg,,,,,,
Quadratfuß Land,,,,,,
Skigebiete Planai,,,,,,
Grundnahrungsmitteln,,,,,,
Vorratskammer,,,,,,
WoW-Spielern,,,,,,
Online-Spiel,,,,,,
Katsina-NEMA,,,,,,
US-Heimatschutzminister,,,,,,
vermisstAP News,,,,,,
Wintersports,,,,,,
Greater Cincinnati,,,,,,
Northern Kentucky,,,,,,
Schneenotfall,,,,,,
Erdbeerproduktion,,,,,,
Anthracnose-Fruchtfäule,,,,,,
Botrytis-Fruchtfäule,,,,,,
Schweinen,,,,,,
Oyam,,,,,,
Larvenstadium des Schweinebandwurms,,,,,,
Waldpark,,,,,,
Herperduin,,,,,,
Topeka,,,,,,
Mangrovenwald,,,,,,
Nebel im Rheintal,,,,,,
bringtNew York Post,,,,,,
Mittelatlantiks,,,,,,
Popcorn-Eimer,,,,,,
Stadt Wind,,,,,,
Menschenleben,,,,,,
Wirtschaftsreformen,,,,,,
Traumata,,,,,,
Hauser Kaibling,,,,,,
Schladming-Dachstein,,,,,,
Dienstag Aurora,,,,,,
Amtsgerichts München,,,,,,
I-495,,,,,,
Urlaubsreisenden,,,,,,
New Yo…,,,,,,
Taifunen,,,,,,
40-Jahres-Rekord,,,,,,
Winterstürme,,,,,,
Tag von GeeFi,,,,,,
St. Vincent und Grenadinen,,,,,,
Obsidian,,,,,,
Kamelleder,,,,,,
Hanguranketha,,,,,,
Ududumbara,,,,,,
Insel Erdrutsche,,,,,,
Thanksgiving-Feierwochenende zu Störungen,,,,,,
Block C,,,,,,
Puncak Arabella,,,,,,
"Amazonasgebiet
",,,,,,
Ucayali-Fluss,,,,,,
Ostens …,,,,,,
yearswfaa.com,,,,,,
Ranipet,,,,,,
Unwetterwelle,,,,,,
Millionenschaden,,,,,,
Lagerkomplex,,,,,,
Alpengebiet,,,,,,
Bayerischen Wald,,,,,,
Umleitungen,,,,,,
nachfüllt,,,,,,
Schmerzensgeld,,,,,,
Valeri-Nichushkin-Test,,,,,,
Lichter Mitte,,,,,,
Moonshine,,,,,,
Herndon,,,,,,
Nordwestenglands,,,,,,
Ruandas,,,,,,
Glenlusk,,,,,,
Sungai,,,,,,
SIBOLGA,,,,,,
Pangtara-Familien,,,,,,
Pangtara,,,,,,
Pindaya,,,,,,
Katastrophenhilfe-Toolkit,,,,,,
Skihosen,,,,,,
Denim,,,,,,
Lücke im Versicherungskonzept,,,,,,
Kajang,,,,,,
Arms Park,,,,,,
Cardiff Arms Park,,,,,,
Donnerstagnacht,,,,,,
Tennessee Valley,,,,,,
Nasa-Satellit,,,,,,
Lunar-Mond,,,,,,
Ubisoft+,,,,,,
Lawinen-Rucksack,,,,,,
Sicherheitsarmband,,,,,,
Anti-Erstickungspumpe,,,,,,
Luftlecks,,,,,,
Stoßzeiten,,,,,,
Nord-Tapanuli,,,,,,
Episodenplänen,,,,,,
Plots,,,,,,
durchnässen,,,,,,
Galaxien,,,,,,
Lernrahmens,,,,,,
Beträge für Hilfsmaßnahmen,,,,,,
Highway 93,,,,,,
alt,,,,,,
Familienausflug,,,,,,
West-Massachusetts,,,,,,
Montenegro,,,,,,
Balkans,,,,,,
Indonesien/COLOMBO,,,,,,
Hilfsorganisationen,,,,,,
Chennai-Wetter,,,,,,
Sächsischen Landtages,,,,,,
Tirupati,,,,,,
Markgräfler Land,,,,,,
Bergen bei Schnee und Eis,,,,,,
Kanchipuram,,,,,,
Kallakurichi,,,,,,
s…,,,,,,
Rote,,,,,,
Dragon-Bravo-Feuer,,,,,,
Grand-Canyon-Nationalparks,,,,,,
Geminiden-Meteorschauer,,,,,,
Speisesälen essen,,,,,,
Hydranten,,,,,,
Rafah,,,,,,
Quellterm,,,,,,
Pfadterm,,,,,,
Standortzustand,,,,,,
Eisdämme,,,,,,
Landslide,,,,,,
Bo Naylor,,,,,,
Autodach,,,,,,
Mass Pike,,,,,,
Dunkeln leuchtende Erd- und Mondanzeigen,,,,,,
Tri-State schneien,,,,,,
NTUA,,,,,,
Rajinder,,,,,,
Rohidas,,,,,,
Dilpreet,,,,,,
Weinbau im Rheingau,,,,,,
Rheingauer,,,,,,
Rüdesheimer Berg,,,,,,
Raceland,,,,,,
Pikeville,,,,,,
Zyklonregen Sumatra,,,,,,
Längengrad,,,,,,
Außenministerium am Samstag,,,,,,
Liften,,,,,,
NPRs Klima-„Tipping,,,,,,
Blockchain-Zahlungen,,,,,,
Wasserverband Hochwasserschutz Unteres Inntal,,,,,,
Werkstattbrand,,,,,,
Drachenwand,,,,,,
Sankt Lorenz,,,,,,
Mondsee,,,,,,
Tal zu locken,,,,,,
Ohio State Live-Updates,,,,,,
Spielstand,,,,,,
Nordwest-Ohio,,,,,,
Iron Mountain,,,,,,
Chicagoer,,,,,,
Chan,,,,,,
West Maui,,,,,,
herrschtABC News,,,,,,
Heatles,,,,,,
Preisschildern,,,,,,
Straße Kandy-Matale,,,,,,
Panjang,,,,,,
Unterzahl,,,,,,
Ersparnissen,,,,,,
Produktdetails,,,,,,
Sony Center,,,,,,
Winter-Wonderland,,,,,,
Eisfläche,,,,,,
Indoor-Schneefall,,,,,,
Riesen-Tanne,,,,,,
York County,,,,,,
Heizhilfe,,,,,,
Tory-Reform-Deal,,,,,,
heulender Wind,,,,,,
Saisonwechsel,,,,,,
Getränke,,,,,,
MOINES,,,,,,
Ost-Iowa,,,,,,
Premier-League-Meister,,,,,,
Schießplatzes Turkey Tracks,,,,,,
Schießstands,,,,,,
Forest Service Road 343,,,,,,
Landes Warnungen,,,,,,
Royal Darwin,,,,,,
Negri Sembilan,,,,,,
Kuala Lumpur International Airport,,,,,,
KLIA,,,,,,
Rekordregenmengen,,,,,,
Cameron Highlands,,,,,,
Kaprizovs,,,,,,
No…,,,,,,
Kultfilm,,,,,,
Großraum St. Louis,,,,,,
Disaster Management Centre,,,,,,
Biokeramik,,,,,,
Boston-Wetter,,,,,,
Ozon,,,,,,
Waldbrand-Notfall,,,,,,
Tälern,,,,,,
Gangekumbura,,,,,,
Erdhügel,,,,,,
Indonesiens Sumatra,,,,,,
Brookfield Zoo Chicago,,,,,,
Waffenproduzenten,,,,,,
PALEMBAYAN,,,,,,
Westindonesien,,,,,,
Polarpuppen,,,,,,
Frostfell-Flauschbällchen,,,,,,
Big Five-Verlage,,,,,,
Penguin-Random House,,,,,,
Hachette,,,,,,
Harper Collins,,,,,,
Wasserhähne,,,,,,
Wintersturm-Schneefall,,,,,,
Padang Panjang,,,,,,
Zillow,,,,,,
Tamil Nadu-Puducherry,,,,,,
Krimi-Bestsellers,,,,,,
Opferbilanz,,,,,,
Minimarg-Gebiet,,,,,,
Zojila-Passes,,,,,,
Sturm Darragh,,,,,,
Stiftung,,,,,,
US-Hausimmobilien,,,,,,
sibirischen See,,,,,,
Olympiasaison,,,,,,
Heimslaloms,,,,,,
Mitch Alboms,,,,,,
Oceana,,,,,,
Great LakesMLive.com,,,,,,
Straße Kandy – Matale,,,,,,
Waggrakine,,,,,,
Moresby,,,,,,
Poseck,,,,,,
GIeßen,,,,,,
Verbrennerverbot,,,,,,
Elektroauto,,,,,,
Bukit,,,,,,
Tauernautobahn heuer,,,,,,
49ers,,,,,,
Browns,,,,,,
Hu,,,,,,
Catskill Mountains,,,,,,
Peradeniya Sarasavigama,,,,,,
Peradeniya,,,,,,
Sarasavigama,,,,,,
Urlaubsreisepläne für …,,,,,,
O'Hare,,,,,,
Barista-Kaffeemaschine,,,,,,
Ausverkaufsmodus,,,,,,
Barista-Niveau,,,,,,
Des Moines International Airport,,,,,,
Bündnis,,,,,,
Insel Sumatra,,,,,,
O'Hare International Airport,,,,,,
Wintersturmwache,,,,,,
O’Hare,,,,,,
Muskegon,,,,,,
NASCAR-Champion Greg Biffle,,,,,,
Shell-Rechtsstreit,,,,,,
Hurrikan-Opfern,,,,,,
il maltempo ferma centinaia di voli,,,,,,
Harnbeschwerden,,,,,,
Verdauungsentzündungen,,,,,,
Ruanda,,,,,,
Truckee-Gebiet,,,,,,
Zentralprovinz Albay,,,,,,
Kokos-Keeling-Inseln,,,,,,
Bewohner der Inseln,,,,,,
Jenna,,,,,,
Kaninchenmantel,,,,,,
Pelze,,,,,,
Vorschein,,,,,,
Epifania,,,,,,
​​Spanien,,,,,,
Sturm Francis,,,,,,
Pastrnak,,,,,,
NASCAR-Fahrer,,,,,,
NHL-Torhüter,,,,,,
Cortina Mailand,,,,,,
Jordaan,,,,,,
Bergunfälle,,,,,,
Katzenmenschen,,,,,,
Maduro,,,,,,
Ölzöllen,,,,,,
EU-Grönland-Sorgen,,,,,,
King Tides,,,,,,
Fakten,,,,,,
Sahara-Staub,,,,,,
Code-White-Alarm,,,,,,
Mayon-Vulkan-Alarmstufe,,,,,,
US-Arbeiter,,,,,,
Furunkel,,,,,,
Akne,,,,,,
Infernos Los Angeles County,,,,,,
klimabedingter Naturkatastrophen,,,,,,
Dürrephasen,,,,,,
Hundekiefern,,,,,,
New York County,,,,,,
Content-Schocks,,,,,,
Mittelschwedens,,,,,,
Pichelsberg,,,,,,
Blizzard-Präsidenten,,,,,,
Bezirk İliç,,,,,,
Erzincan,,,,,,
Watch-Hauptquartier,,,,,,
Bezirk Morigaon,,,,,,
kalifornischen Versicherungsministeriums,,,,,,
Cumberland Gap,,,,,,
Küsten,,,,,,
New Yorker Gefängnis,,,,,,
Kontinentaleuropas,,,,,,
Panther Lake,,,,,,
Gorgon Point,,,,,,
Wärmewelle,,,,,,
ParaGuard,,,,,,
Mauna Loa,,,,,,
Erdbeben der Stärke M6.2,,,,,,
​…,,,,,,
Chugoku,,,,,,
Chugoku-Region Japans,,,,,,
Shi…,,,,,,
Regentropfen erosiver,,,,,,
Präfektur Tottori,,,,,,
Bremsweg-Unterschiede,,,,,,
Oy,,,,,,
Hameln,,,,,,
Landkreis Hameln-Pyrmont Mülltonnen,,,,,,
Oimjakon,,,,,,
Huntsville,,,,,,
Buhrufe,,,,,,
Lauf-Alternativen,,,,,,
Butler,,,,,,
Basilea,,,,,,
Allschwil,,,,,,
Emissionen,,,,,,
Bezirk Segamat,,,,,,
Flughafen Charles de Gaulle,,,,,,
Flughafen Orly,,,,,,
Gefahrenzone Mayon,,,,,,
Turbulenzen,,,,,,
Alten Donau,,,,,,
Wienern,,,,,,
Reisechaos,,,,,,
Antwerpen,,,,,,
Schneesturm Lancaster County,,,,,,
Wintertreffen,,,,,,
Hochwassergebiet,,,,,,
Palisades-Brandbericht,,,,,,
Feuerwehrchef von LA,,,,,,
Palisades-Brandanalyse,,,,,,
Oreo,,,,,,
Blizzards Science-Fiction-Franchise,,,,,,
Erdbeben in Tottori,,,,,,
Bergepanzer,,,,,,
Döner,,,,,,
Traum-Outdoor-Gadget,,,,,,
Palisaden,,,,,,
Homestand,,,,,,
Offensivschub,,,,,,
HEI,,,,,,
West-Beats,,,,,,
Aktionärsvergleich,,,,,,
Besuchen Sie phillymag.com,,,,,,
Insel Irland,,,,,,
CENC,,,,,,
Kashgar,,,,,,
Uigurischen Autonomen Gebiet,,,,,,
Rauch von Waldbränden,,,,,,
Tipps,,,,,,
Same-Game-Parlay,,,,,,
Amalie Arena,,,,,,
Leichtmetallräder,,,,,,
Stabilisatorstützen,,,,,,
Doppelhausbatterien,,,,,,
Getriebefach,,,,,,
Gesteinen,,,,,,
BOM,,,,,,
Hominin-Fossilien,,,,,,
Grotte à Hominidés,,,,,,
Casablanca,,,,,,
Nordpazifik polwärts,,,,,,
Temperaturschwankungen,,,,,,
Extremereignisse,,,,,,
Heimkameras,,,,,,
不僅有老舊大樓外牆磁磚大片剝落,,,,,,
屋內貨架劇烈撞擊、整片滑門不敵強震傾倒的驚險場面也隨之曝光,,,,,,
Japans…,,,,,,
Gesundheitsexperten,,,,,,
Erdbeben am 27,,,,,,
​die ​USA,,,,,,
Amazonas-Gebiet,,,,,,
Einstein,,,,,,
Montag,,,,,,
Reifendruck,,,,,,
Lake Mead-Gebiet,,,,,,
Bundeslands,,,,,,
Padas,,,,,,
Suasa,,,,,,
Selagon,,,,,,
Kältebus,,,,,,
Neujahrs-Schreck,,,,,,
Erdbeben in Sachsen,,,,,,
"Erdbeben der Stärke 6,5",,,,,,
Zentralmexikos,,,,,,
Pazifikküstenresorts Acapulco,,,,,,
Freitag Mexiko-Stadt,,,,,,
Nordostkaribik,,,,,,
Tecoanapa,,,,,,
Maira-Tal,,,,,,
Avengers,,,,,,
Gasleitungen,,,,,,
Sheinbaum,,,,,,
Viehweiden,,,,,,
Schwarmbeben im Vogtland,,,,,,
Ferienortes Acapulco,,,,,,
Anfield Road,,,,,,
Valle Maira,,,,,,
Piemont,,,,,,
Landes am Morgen,,,,,,
Old Ball,,,,,,
Ski-Tour,,,,,,
Schneemasse,,,,,,
MEXIKO-STADT >>,,,,,,
Grande Prairie,,,,,,
Landstraße,,,,,,
Heimweg,,,,,,
Grundwasser-Reserven,,,,,,
Neujahrstag,,,,,,
Vermarkter,,,,,,
Umfragemüdigkeit,,,,,,
Landes Hochwasserprognosen,,,,,,
Calgary International Airport,,,,,,
Spekulationen,,,,,,
Galgibaga,,,,,,
Mayurbhanj,,,,,,
West Yorkshire,,,,,,
Luton,,,,,,
Kabkan,,,,,,
Provinz Herat,,,,,,
Flut festsaßen,,,,,,
UNICEF-Regionaldirektors,,,,,,
Sudaniyeh,,,,,,
Wetter-Ausnahmezustand,,,,,,
Erdbeben im Raum Bad Ischl,,,,,,
Wilhelmshaven/Husum,,,,,,
Sungai Ulu Atok,,,,,,
Sturmböen fegen,,,,,,
Südwinde,,,,,,
Indigo-Flüge,,,,,,
Flughafen Gannavaram,,,,,,
Derbys,,,,,,
Tiefdruckfront,,,,,,
Torfhaus,,,,,,
Braunlage,,,,,,
Minusgraden,,,,,,
Alkoholtest,,,,,,
Nankai-Trog,,,,,,
"Erdbeben der Stärke 6,5 in Mexiko",,,,,,
Flawk,,,,,,
Weihnachtsurlaub,,,,,,
Arbeiterunterkunft,,,,,,
Kung-Fu-Handstände,,,,,,
Trainingsplätze,,,,,,
Reisebehinderungen,,,,,,
Sozialwohnungsblocks Vittoriosa,,,,,,
Liste der Diktatoren,,,,,,
Samstagmorgen Elitetruppen,,,,,,
Anif,,,,,,
Elsbethen,,,,,,
Wintersport,,,,,,
Demon Slayer,,,,,,
Infinity Castle,,,,,,
Flughafen IGI,,,,,,
San Francisco News Wrap,,,,,,
Malaria-Überträgerkontrolle,,,,,,
Malar,,,,,,
Bruchzonenböden,,,,,,
Bachelor Ski Resort,,,,,,
Nacht am Sonntag,,,,,,
Leh,,,,,,
Kassel/Frankfurt/Darmstadt,,,,,,
Zentrum von Assam,,,,,,
Nordost-Clipper,,,,,,
Hi…,,,,,,
Korallen im Roten Meer,,,,,,
Alpentälern,,,,,,
Co Donegal,,,,,,
SPX,,,,,,
Montagmittag,,,,,,
Blutproben,,,,,,
Süd-British Columbia,,,,,,
Israel-Boykotten,,,,,,
Gebieten von …,,,,,,
Mission Hills,,,,,,
Dresden/Wien,,,,,,
Jahresverlauf,,,,,,
Erklärungen,,,,,,
blitzarm,,,,,,
Grundwasser Delhis,,,,,,
Israel7news.com.au,,,,,,
Sperrungen bei Schnee,,,,,,
Freitag Süd- und Zentralmexiko,,,,,,
Highland,,,,,,
Angus,,,,,,
Amberg-Sulzbach,,,,,,
Schwandorf,,,,,,
Nordirlands,,,,,,
Reisfeldern,,,,,,
Schwimmweste,,,,,,
A1 kracht,,,,,,
Sankt Martin am Tennengebirge,,,,,,
Nordiques,,,,,,
Verschnaufpause,,,,,,
Winterwetter in Deutschland,,,,,,
San Francisco Bay AreaDie New York Times King Tide,,,,,,
Erzgebirgsdorf,,,,,,
Kellerräumen,,,,,,
Vancouvers North Shore Mountain,,,,,,
Amsterdamer Flughafen,,,,,,
pycronado,,,,,,
Stromverbrauchs,,,,,,
Strompreise,,,,,,
Gola Road,,,,,,
Güterzuges,,,,,,
Katastrophe R…,,,,,,
Eis am Wochenende,,,,,,
Mini-Ski,,,,,,
bayrischen Bergen,,,,,,
North Queensland,,,,,,
BERLIN,,,,,,
Kith,,,,,,
MY Hospital,,,,,,
Habitat LA,,,,,,
Kiewer Wohnblöcke,,,,,,
Bommasandra,,,,,,
Anekal,,,,,,
Chandapura,,,,,,
BMOTIA,,,,,,
B.C.-Gebiet,,,,,,
Wanderweg,,,,,,
Wetter-Update,,,,,,
Port Douglas,,,,,,
Airlie Beach,,,,,,
Townsville d…,,,,,,
Zugreisende,,,,,,
Erdbeben vor süditalienischer Küste,,,,,,
Sturm“,,,,,,
Hinweisportal,,,,,,
Lunow-Stolzenhagen,,,,,,
Eisplatten,,,,,,
Schneeberge“,,,,,,
Kaltluftströme,,,,,,
St. Johann Analysen,,,,,,
California State Parks,,,,,,
Jamaikas …,,,,,,
Khunti,,,,,,
Brixentaler Ache,,,,,,
Heimatschutzministeriums Kristi Noem,,,,,,
Spiels Packers-Bears,,,,,,
Notgepäck,,,,,,
¿Qué será del «orden basado en reglas,,,,,,
Straße zur akuten Gefahr,,,,,,
Kältebus München,,,,,,
Kieler Kiellinie,,,,,,
Glatteisflächen,,,,,,
Tal!,,,,,,
Loveland Pass,,,,,,
Bahnfahrgäste,,,,,,
Kreuzfahrtpassagiere,,,,,,
St. Pauli vs.,,,,,,
Schattenflotte,,,,,,
Backhaus,,,,,,
Naturpelz,,,,,,
US-Kommunikationsnetze,,,,,,
Haus der Welt,,,,,,
Schneesturm Goretti,,,,,,
Britischen Inseln,,,,,,
Bronco,,,,,,
Ölreserven Venezuelas,,,,,,
Chambliss,,,,,,
Rückflug,,,,,,
UCLA-Frauenbasketball,,,,,,
Heubach,,,,,,
Villa Godzilla,,,,,,
Ex-Jugoslawien,,,,,,
Härten,,,,,,
bayerischen Bergen,,,,,,
Packers-Bears,,,,,,
Betrugsskandals,,,,,,
Villa Waldbrände,,,,,,
Warn-Apps,,,,,,
Waldzustand,,,,,,
Niederen Tauern,,,,,,
Liezen,,,,,,
Lawinenabgang am Gampen,,,,,,
Zentral-Victoria,,,,,,
L431,,,,,,
Nackenheim,,,,,,
Nordgriechenlands,,,,,,
frostig-eisig,,,,,,
Wochenbeginn,,,,,,
Schneespaß,,,,,,
groß,,,,,,
Einweg,,,,,,
Hitze Prävention,,,,,,
Distanzunterricht,,,,,,
Viktualienmarkt,,,,,,
Obdachlosenhilfe St. Bonifaz groß,,,,,,
Wochenstart,,,,,,
Ebook-Version,,,,,,
https://www.amazon.com/gp/product...1332411080,,,,,,
Sheriffbüros von Kittitas County,,,,,,
Schneemobil,,,,,,
La Plagne/Courchevel,,,,,,
Weerberg,,,,,,
Tödliche Unglücke,,,,,,
unwetterartiger,,,,,,
Insel Neufundland,,,,,,
Labradors,,,,,,
Brandwetter,,,,,,
Alte Bauernregel,,,,,,
Mittelfinnland,,,,,,
Wirtschaftsapokalypse,,,,,,
Bass,,,,,,
Hauptstrecken,,,,,,
Mount …,,,,,,
Plymouth,,,,,,
London am Sonntag,,,,,,
Met Office am Sonntag,,,,,,
Val-d'Isere,,,,,,
Ayr,,,,,,
Puerto Patriada,,,,,,
Dramaland,,,,,,
Goretti-Störung,,,,,,
Corner Country,,,,,,
College-Football-Playoff-Nationalmeisterschaft,,,,,,
Keyser-Mädchen,,,,,,
Calvary-Tropfenpaar,,,,,,
Anwohnern,,,,,,
syrischen Küste,,,,,,
libanesischen Küste,,,,,,
Be…,,,,,,
Zyklon Koji,,,,,,
Betta-Fischflossen,,,,,,
Stanley-Cup-Puzzle,,,,,,
DeFi,,,,,,
Lawinenwarndienst Bayern,,,,,,
Reuters-Brände,,,,,,
Temperatureinbruch,,,,,,
Alexandroupoli,,,,,,
Messolonghi,,,,,,
Nafplio,,,,,,
Wo,,,,,,
hellem,,,,,,
Vorräte,,,,,,
Bauhof,,,,,,
Eugene-Springfield,,,,,,
Leipzig-Spiel,,,,,,
Sturm Elli,,,,,,
San Gabriel Mountains,,,,,,
Eaton Canyon Park,,,,,,
Angeles National Forest,,,,,,
Hövelhof,,,,,,
WELT-Reporter,,,,,,
Niederschlägen,,,,,,
Landesamt für Umwelt- und,,,,,,
San Francisco Hilfshütten,,,,,,
Süd-Kooperation,,,,,,
Blitzeis-Gefahr,,,,,,
Flughafen Berlin Brandenburg,,,,,,
Bundesliga-Partien,,,,,,
Liga-Restart,,,,,,
Autostraddle,,,,,,
Instabile Berge,,,,,,
Llanberis,,,,,,
Chironomidenfauna,,,,,,
Komet 24P/Schaumasse,,,,,,
Moia-Busse,,,,,,
Sachsen ++ Niedersachsen,,,,,,
Sachsen ++ Sturmflut-Alarm,,,,,,
Bezirk Udalguri,,,,,,
Blue Sapphire,,,,,,
Schneeräumen,,,,,,
Bilderbuchwinters,,,,,,
Wärmestuben,,,,,,
Għajn-Dwieli-Tunnel,,,,,,
Hemsby,,,,,,
Erdbeben in Kalifornien,,,,,,
Sturm „Elli“ naht,,,,,,
Jugendfreizeiteinrichtungen,,,,,,
Taschenwärmer,,,,,,
Whata Bod,,,,,,
Poolkinder,,,,,,
Hymnenmelodie,,,,,,
Oberste Gericht,,,,,,
Benchmark International Arena,,,,,,
Ceniza,,,,,,
Queen West,,,,,,
Los Angeles …,,,,,,
Hawke,,,,,,
Sicherheitswarnungen am Strand,,,,,,
East Hardy,,,,,,
Berkeley Springs,,,,,,
Indians,,,,,,
Bend,,,,,,
Ras El Hekma,,,,,,
Timoners,,,,,,
Snow Cone,,,,,,
Haus der MIL,,,,,,
Winterliches Sturmtief,,,,,,
Berg Schmelzwasser,,,,,,
EuropasYahoo,,,,,,
Mount Lawson,,,,,,
Malang,,,,,,
Irvin,,,,,,
Guarino et al.,,,,,,
Walwa,,,,,,
Schiffen …,,,,,,
Indie-Pop-Liebling,,,,,,
Schals,,,,,,
Schneesturmwarnung,,,,,,
Kälte-Chaos,,,,,,
Müllberg,,,,,,
Oreschnik-Einsatz,,,,,,
Bhagirathpura,,,,,,
Cebu-Stadt,,,,,,
Sturmtief „Elli“,,,,,,
Große Lebensmittelkonzerne,,,,,,
Glätteunfälle,,,,,,
Schneefällen in de…,,,,,,
kanadisches Haus,,,,,,
St. Lawrence River,,,,,,
https://punchng.com/one-dead-dozens-missing-after-philippine-dump-site-collapse/,,,,,,
Staffordshire,,,,,,
Wintersturmfront „Elli“,,,,,,
Tiroler Brennerautobahn,,,,,,
A13,,,,,,
Patsch,,,,,,
Spielplatz,,,,,,
Video,,,,,,
Market Street 1906,,,,,,
Hochwasserschutzzuschüssen,,,,,,
Katastrophenschutzpersonal,,,,,,
New Music Friday,,,,,,
Räumfahrzeugen,,,,,,
Staubteufelstürmen,,,,,,
Staubkörnern,,,,,,
Knochen,,,,,,
Spaziergang,,,,,,
Schneekettenpflicht,,,,,,
Egnatia-Autobahn,,,,,,
Ioanninas,,,,,,
Leipzig/Dresden/Chemnitz,,,,,,
Bezirks Shaheed Bhagat Singh Nagar,,,,,,
Uckermark,,,,,,
Österreichern,,,,,,
Gangesdelta,,,,,,
Verkehrsbetriebe,,,,,,
Brandvorfall,,,,,,
Bandra East,,,,,,
Wetter-Überlegungen,,,,,,
Nordseehäfen,,,,,,
Terminalbetreiber Eurogate,,,,,,
Indore •,,,,,,
Ballast,,,,,,
Reißleine,,,,,,
Unheilig-Auftritte,,,,,,
RainPoint,,,,,,
Chadar,,,,,,
Jharkhand-Schulen,,,,,,
Bezirke Jharkhand,,,,,,
Salt-Typhoon-Kampagne,,,,,,
Korallenküste,,,,,,
Interstate 35,,,,,,
Versorgungseinrichtungen,,,,,,
Powderhorn Mountain Resort,,,,,,
Spitzbergen,,,,,,
Buschfeuerrauch,,,,,,
Winterkälte,,,,,,
Noida…,,,,,,
zundertrockenen,,,,,,
Fitnessbändern,,,,,,
Tawau,,,,,,
Colaba,,,,,,
Südstaat,,,,,,
Bucht von …,,,,,,
Masterplänen,,,,,,
Winter-Sturm,,,,,,
Winter-Spaß,,,,,,
Live-Service-Spielen,,,,,,
Mount Spurr,,,,,,
Buckeye-Verteidigung,,,,,,
Lucknow-Varanasi National Highway,,,,,,
Bauerngemeinde,,,,,,
Weiden,,,,,,
Warradarge,,,,,,
T20-World-Cup-Warm-up,,,,,,
Twenty20-Serie Neuseelands,,,,,,
Huhn,,,,,,
Hightech,,,,,,
Nationalhauptstadt,,,,,,
Galkanda,,,,,,
Weihnachtsnacht,,,,,,
Reiseverzögerungen,,,,,,
TX,,,,,,
Kältestes Weihnachten,,,,,,
Atacama-Ebene,,,,,,
Katpana-Wüste,,,,,,
Nachtstreiks,,,,,,
Enugu,,,,,,
Ezeagu/Udi,,,,,,
Bundesstaat Enugu,,,,,,
Kraken-Börsengang,,,,,,
M&A-Deals,,,,,,
Kraken,,,,,,
Krypto-Bullenmarkt,,,,,,
"Orange
County",,,,,,
Salamander,,,,,,
US-Gesundheitswesen,,,,,,
Ice Airport Alaska S06E09 1080p,,,,,,
Montpellier,,,,,,
Met Éireann-Meteorologen,,,,,,
Steinplatte,,,,,,
Overlanding-Welt,,,,,,
US-Skiresort,,,,,,
Betta-Fischen,,,,,,
Weihnachtstage,,,,,,
schlafbereites,,,,,,
Holzofen-Heizlösungen,,,,,,
Cortina d’Ampezzo,,,,,,
Siena,,,,,,
Big Ten-Spiele,,,,,,
Toronto Schnee,,,,,,
Alte Klimaanlage,,,,,,
Süd-Tapanuli,,,,,,
Foursquare-Hauses,,,,,,
Sears-Katalogen,,,,,,
Einzelteilen,,,,,,
Snow-Polo-Event,,,,,,
St. Regis Snow Polo Championship,,,,,,
Erdbeben-Rätsel,,,,,,
Guinness-Weltrekord-Bohrexpedition,,,,,,
Velogemel-Fahren,,,,,,
Sachschaden,,,,,,
Breitbandseismometergehäusen,,,,,,
"Italien 
",,,,,,
Blitz,,,,,,
Atomkraftwerk Tschernobyl,,,,,,
Kraftwerks,,,,,,
Privathäusern,,,,,,
Dreistaatengebiet,,,,,,
Skigebiete Steinplatte,,,,,,
Senfanbaufläche,,,,,,
alten Sumas-Sees,,,,,,
Feuchte-Hitze-Risiko,,,,,,
bringenABC News,,,,,,
Hakgala National Botanical Garden,,,,,,
Süd-New Jersey,,,,,,
Flughafenbrandes,,,,,,
Karpaten,,,,,,
US-Bundesstaats Kalifornien,,,,,,
Hotelvorteilen,,,,,,
New Yorks unteres,,,,,,
Buschbränden gefangenes Vieh,,,,,,
Nationalpark,,,,,,
Wirtsresistenz,,,,,,
Sturm Kalifornien,,,,,,
San Bernardino County</p><p,,,,,,
Lal Kantha,,,,,,
Bandar-Kanal,,,,,,
Oberflächenwasserquellen,,,,,,
Bundesstaat …,,,,,,
Modriach,,,,,,
Vedanta,,,,,,
Nationale Meteorologische Behörde,,,,,,
Italiens Bergen,,,,,,
Weihnachts-Unwettern,,,,,,
Gesundheitsalarm,,,,,,
Spielfeldbericht,,,,,,
Sri Lanka Women Tour of India,,,,,,
Weihnachtszeit,,,,,,
LI wehen,,,,,,
Vulkankette Coconucos,,,,,,
Vail Mountain,,,,,,
Agly,,,,,,
Hakgala-Park,,,,,,
Marmot Basin,,,,,,
Vulkanausbrüchen,,,,,,
Tiefer Schnee,,,,,,
UN-Nachhaltigkeitszielen,,,,,,
Feldbesuch,,,,,,
Monterey Park,,,,,,
San Gabriel,,,,,,
El Monte,,,,,,
Temple City,,,,,,
Maritimes,,,,,,
australische Inseln,,,,,,
Hurrikanzentrums,,,,,,
Labours,,,,,,
Kamtschatka-Beben,,,,,,
Hohe Wüste,,,,,,
Haus in Altadena,,,,,,
Erdrutsch-Gefahr,,,,,,
SS Chena,,,,,,
Vorräten,,,,,,
Valdez,,,,,,
Weihnachtssturms,,,,,,
Angkola,,,,,,
South Tapanuli,,,,,,
Wüstengebirgsregionen,,,,,,
Grundablass,,,,,,
Bauens,,,,,,
Trump-Schlachtschiff-Fantasie,,,,,,
Ladendiebstahl,,,,,,
Rentiere,,,,,,
Chanukka-Gürteltier,,,,,,
Notstands,,,,,,
Bamfordtown,,,,,,
Leavenworth,,,,,,
Stadt-Land-Unterschiede,,,,,,
Großen Flachlandkröte,,,,,,
Neujahrsvorbereitungen,,,,,,
Stirnradbewässerungsgetrieben,,,,,,
Flughäfen an der Ostküste,,,,,,
Weihnachtsaussichten,,,,,,
Western North Carolina,,,,,,
Kanada-Kältehammer,,,,,,
Rippchen,,,,,,
Neue Loischkopfbahn,,,,,,
Loischkopf-Bahn,,,,,,
Feiertagsansturm,,,,,,
Alsea,,,,,,
Oregon Hochwasserwarnungen,,,,,,
Whychus Creek,,,,,,
West-Oregon,,,,,,
Gelegentlicher Juckreiz,,,,,,
Abblättern,,,,,,
Hitzesterilisation,,,,,,
Konservenprozesses,,,,,,
Multiplayer-Action-Rollenspiel Eldegarde,,,,,,
Eldegarde,,,,,,
Delhi International Airport,,,,,,
Hydrosaat…,,,,,,
New Madrid,,,,,,
Mersing,,,,,,
Emirat,,,,,,
Darrang,,,,,,
Bezirk Darrang,,,,,,
Pa …,,,,,,
Maladola,,,,,,
Maladola Pinnalanda,,,,,,
Schneckengetrieben,,,,,,
Flamingos,,,,,,
US-Konzerne,,,,,,
Morecambe Bay,,,,,,
Britisch-Kolumbiens,,,,,,
Eti-Osa,,,,,,
Molalla,,,,,,
Hochwasserstadium,,,,,,
Stadt Molalla,,,,,,
Landes Frühnebel,,,,,,
Dubai-Regen,,,,,,
POLITICO Berlin Playbook Pod…,,,,,,
Aktualisierungen,,,,,,
Vancouver Sun,,,,,,
Salzach-Kraftwerks,,,,,,
Puch-Urstein,,,,,,
Kratom-Marktführer,,,,,,
ClackCo-Benachrichtigungen,,,,,,
Wahrheitsfenster,,,,,,
Strohballenhauses,,,,,,
Rikubetsu,,,,,,
Tel Aviv,,,,,,
Erdbebenschwärme,,,,,,
Nummernschild-Lesekameras,,,,,,
Clipper,,,,,,
Bay für das Jahr 2025,,,,,,
Kennzeichenlesekameras,,,,,,
indonesischen Regierung,,,,,,
Pinzgauer Straße,,,,,,
Sportereignissen,,,,,,
Tannen,,,,,,
Emirates,,,,,,
Vereinigte Arabische Emirate,,,,,,
Badulla Haldummulla,,,,,,
Private-Equity-Firmen,,,,,,
November-Kälteeinbruch,,,,,,
Blizzapi,,,,,,
Anand Vi…,,,,,,
Hastings,,,,,,
Ihala-Gama-Friedhof,,,,,,
Gampola,,,,,,
Dunukeulla,,,,,,
Barangay Robles,,,,,,
Baramulla,,,,,,
Zentimeter,,,,,,
Meeresfauna,,,,,,
Dickson Ngomes Farm,,,,,,
Lake Naivasha,,,,,,
Vulkaninsel,,,,,,
Cisco Grove,,,,,,
Weltgrößtes Atomkraftwerk,,,,,,
Dusty May,,,,,,
Mücke Aedes aegypti,,,,,,
Reiners-Mord,,,,,,
Kondensstreifen,,,,,,
Overland Park,,,,,,
Krankheitsdauer,,,,,,
Infrarotsauna,,,,,,
MUT-Talk,,,,,,
Tri-Cities-Region,,,,,,
CHANGCHUN,,,,,,
Dec,,,,,,
Jilin,,,,,,
Valhalla,,,,,,
Sonntag Nordkalifornien,,,,,,
Myfutoy,,,,,,
Feiertagswoche,,,,,,
Winteranfang,,,,,,
Branche,,,,,,
Felsrissen,,,,,,
türkischen Stadt,,,,,,
Acai-Schüssel,,,,,,
Thermostat hochzudrehen,,,,,,
Toffee-Nuss-Sirup,,,,,,
Karnal,,,,,,
Karn,,,,,,
Auditor,,,,,,
Salmon River Road,,,,,,
Welches Road,,,,,,
Trailhead,,,,,,
Messern,,,,,,
Bezirk Khuzdar,,,,,,
Pre-Expansion-Update,,,,,,
niederprasselt,,,,,,
NSW,,,,,,
Zürcher Flughafen,,,,,,
Urne,,,,,,
Amt für vermisste Personen,,,,,,
Einzelpersonen…,,,,,,
Moose,,,,,,
Annaberg,,,,,,
Lokalaugenschein,,,,,,
Kaschmirs Schnee,,,,,,
Nebelschleier,,,,,,
Nord-Saudi-Arabien,,,,,,
Nelsons,,,,,,
Volleyball-Aktivitäten,,,,,,
Chillai-Kalan,,,,,,
Smokehouse Creek Wildfire,,,,,,
Großen Kurzhornechse,,,,,,
Festlandsystemen,,,,,,
Nebenflüssen,,,,,,
Denham Springs,,,,,,
Unleash-Protokoll,,,,,,
Riesernock,,,,,,
Rieserfernergruppe,,,,,,
Tauferer Ahrntal,,,,,,
Unwetterschäden,,,,,,
Katastrophenjahr,,,,,,
Satellitenbildern,,,,,,
Pahalgam,,,,,,
Texas Camp,,,,,,
Wasserspiegels,,,,,,
Party,,,,,,
Haida Gwaii,,,,,,
Highway 16,,,,,,
Liste,,,,,,
Perikatan Nasional,,,,,,
Perlis,,,,,,
Tan Sri Muhyiddin Yassin,,,,,,
Los,,,,,,
Old Moores Almanach,,,,,,
Kilometerlange Staus,,,,,,
Wintersport-Nahversorger,,,,,,
Tallinn,,,,,,
Mount Tambora im Jahr 1815,,,,,,
Loire-Blau-Metallic,,,,,,
Springwater,,,,,,
Barrie,,,,,,
Normanton,,,,,,
Erdbeben in Tibet,,,,,,
Attika…,,,,,,
Medizinpionier,,,,,,
Zivilschutz,,,,,,
Mont Farlagne,,,,,,
Reiseulen,,,,,,
La Broquerie,,,,,,
García-Dihinx,,,,,,
Román,,,,,,
Flügelwände,,,,,,
Dieb,,,,,,
Vintage-Gitarrenladens,,,,,,
Haus und Schuppen,,,,,,
Bahnhof Warnbro,,,,,,
Rockingham,,,,,,
Provinzbericht,,,,,,
Massenkarambolage,,,,,,
Sattelschlepper,,,,,,
SHENYANG,,,,,,
Daomeng,,,,,,
"Erdbeben der Stärke 7,0 vor Taiwans Ostküste",,,,,,
Abflügen,,,,,,
Freitag Warnungen,,,,,,
Barentssee,,,,,,
Jahreswechsel,,,,,,
Mainz/Offenbach,,,,,,
Wolkendecke für kühlere Nachmittage,,,,,,
Zeder,,,,,,
Silbersattel,,,,,,
Himalaya-Reisezielen,,,,,,
Täler…,,,,,,
Videountertiteln,,,,,,
Nordwestens von Kimberley,,,,,,
Sturms am Wochenende,,,,,,
Greens,,,,,,
Petty Harbour,,,,,,
Edmundston,,,,,,
Winterkeule,,,,,,
Story-Protokolls,,,,,,
Override-Showdown,,,,,,
Schneepracht,,,,,,
Park Sanssouci,,,,,,
Neujahrsveranstaltungen,,,,,,
Gush Dan,,,,,,
Expo,,,,,,
Streif,,,,,,
Aomori-Beben,,,,,,
Silvesterabend,,,,,,
Prince Rupert,,,,,,
Bewohner Sumatras,,,,,,
Karottennasen,,,,,,
Zentrum am Mittwoch,,,,,,
Blackwood,,,,,,
Auto-Schneebürste,,,,,,
Ni…,,,,,,
Outback-Städte,,,,,,
Kalamunda,,,,,,
Maida Vale,,,,,,
Kuching,,,,,,
Rahimah Sidi,,,,,,
Sinar Budi Baru,,,,,,
Squirrel Hill,,,,,,
Regenwasserproblem,,,,,,
One Water Laboratory,,,,,,
Haryan,,,,,,
Buckeyes-Quarterback,,,,,,
Süd-Zentral-Alaska,,,,,,
Erdbeben erschüttern Indonesien,,,,,,
Kaseya,,,,,,
Unleash-Multisig-Governance,,,,,,
Live)02,,,,,,
Hacker-Protokoll,,,,,,
Blue Marbled Elm Trees,,,,,,
Burial Bleak,,,,,,
Live)05,,,,,,
Dust,,,,,,
Live)06,,,,,,
Breitengraden,,,,,,
Brandnarben von Waldbränden,,,,,,
Flugausfälle in Delhi,,,,,,
Warnhinweisen,,,,,,
Erdbeben betroffenen Standorten,,,,,,
Kamrup Metro,,,,,,
Windows-Frust,,,,,,
Linux-Aufwind,,,,,,
Klima-Superfonds,,,,,,
Tropensturm Irene,,,,,,
Autobahn Narayangadh–Butwal,,,,,,
Gebiet Daunne,,,,,,
West Nawalparasi,,,,,,
Griechischen Nationalen Meteorologischen Dienstes,,,,,,
"Sonntag
",,,,,,
Straßenhändlern,,,,,,
Marol,,,,,,
SEEPZ,,,,,,
Jogeshwari,,,,,,
K-Ost-Bezirks,,,,,,
Baumhöhlen,,,,,,
New York</p><p,,,,,,
Vierteljahrhundert,,,,,,
Unleash-Protokolls,,,,,,
CarbonSignal,,,,,,
Synthesizer-Sounds,,,,,,
LAX,,,,,,
Archiven,,,,,,
Heimwerkzeugen,,,,,,
Gadgets,,,,,,
Flugreisen,,,,,,
Wetternotstandserklärungen,,,,,,
Middletown,,,,,,
Ithaka,,,,,,
Schneepflüge,,,,,,
Salzstreuer,,,,,,
Ökonom Feld,,,,,,
Industrie-Krise,,,,,,
Reformstau,,,,,,
La Plagne/Valloire,,,,,,
Amajuba,,,,,,
Nord-Osten,,,,,,
Ostküstenmetropole New York,,,,,,
Flughafens Dublin,,,,,,
US-Urlaubsreisen,,,,,,
Solola Department,,,,,,
Auto-Stunt,,,,,,
Rollbahn,,,,,,
Schneebänke,,,,,,
Schnee-Alarm,,,,,,
Originalkleid,,,,,,
New York Times-Schneesturm,,,,,,
Erdbeben in dem Land,,,,,,
Eisdecke,,,,,,
Metropolregion Denver,,,,,,
Nordostküste,,,,,,
Land ziehtABC News,,,,,,
Trockensauna,,,,,,
A1 krachen,,,,,,
Skipatrouille,,,,,,
Eisalarm,,,,,,
Hollywood-Burbank Airport,,,,,,
Palmdale,,,,,,
Otsiningo Park,,,,,,
Haus ihrer Familie,,,,,,
Santa An…,,,,,,
Stürme US-Urlaubsreisen,,,,,,
Mecosta,,,,,,
Isabella,,,,,,
Chenango,,,,,,
Tri-State Area,,,,,,
Feuermachens,,,,,,
Planetenparaden,,,,,,
U-Bahn-Linie,,,,,,
Albertas Schneewarnungen,,,,,,
Stürme US-Reisen,,,,,,
City Avenue,,,,,,
Wynnefield Heights,,,,,,
Remedur,,,,,,
Nachweihnachtlicher Schneesturm,,,,,,
Frederick Douglas Airport,,,,,,
Kan-Etsu-Schnellstraße,,,,,,
Minakami,,,,,,
Präfektur Gunma,,,,,,
Reisemobil,,,,,,
Geesthacht,,,,,,
Savoie  ,,,,,,
Vardousia-Bergen,,,,,,
Highmark Stadium,,,,,,
Glatteis-Crash,,,,,,
HochulPIX11 New York,,,,,,
Telluride Ski Resort,,,,,,
Frachter,,,,,,
Rompin,,,,,,
Croma,,,,,,
myG,,,,,,
Eisiger Regen,,,,,,
Eisansammlungen,,,,,,
West Michigan Unfälle,,,,,,
Whittingham-Ära,,,,,,
Anti-Smog-Waffen,,,,,,
Kältebusse,,,,,,
Baddesign-Trends,,,,,,
Rainaissance,,,,,,
Urban Heat Island,,,,,,
UHI)-Effekt,,,,,,
Gefährdungsgebieten,,,,,,
Siedlungsgebieten,,,,,,
Stunden in der Luft,,,,,,
Nordostregionen,,,,,,
D-plus,,,,,,
Ezra,,,,,,
Designboom,,,,,,
Nike SNKRS,,,,,,
Eisstaus,,,,,,
Bulkley River,,,,,,
Broken Hill,,,,,,
Wivenhoe Dam,,,,,,
Sheffield,,,,,,
YouTube-Sensation MrBeast,,,,,,
ARLINGTON,,,,,,
Aritzia,,,,,,
Stannard Rock Lighthouse,,,,,,
Segamat,,,,,,
Provinz Málaga,,,,,,
CCAP-Mitteln,,,,,,
Wissenschaftspark Hsinchu,,,,,,
EL PASO,,,,,,
"Erdbeben der Stärke 7,0 trifft Küste",,,,,,
Asche-Wolken,,,,,,
Lavafontänen am Ätna,,,,,,
Mittelmeer-Insel Sizilien,,,,,,
Gipfelkratern,,,,,,
Vul…,,,,,,
Convenience-Stores,,,,,,
Sauerlands,,,,,,
Wütet,,,,,,
Bezirk Balangan,,,,,,
Balangan,,,,,,
taiwanesischen Skala,,,,,,
Color,,,,,,
Obdachlosen-Versorgung,,,,,,
Land Schnee,,,,,,
NYC-Stausee,,,,,,
Jalandhar,,,,,,
Könige,,,,,,
Gashydrat-Kälteaustritt,,,,,,
North7news.com.au,,,,,,
US-Treffen,,,,,,
Murcia,,,,,,
Flugverspätungen an der Ostküste,,,,,,
Winterstürmen an der Ostküste,,,,,,
CAT-III-Betrieb,,,,,,
Insurance Journal,,,,,,
Bereshit,,,,,,
US,,,,,,
Regierung vor…,,,,,,
Insel Korfu,,,,,,
Wisma Putra,,,,,,
Mietern,,,,,,
Klimabedingte,,,,,,
Neunkirchen,,,,,,
Decoder-Folge,,,,,,
Android-Nutzern,,,,,,
Promenaden,,,,,,
Travemünde,,,,,,
Millionen-Schäden,,,,,,
Ferienorten,,,,,,
Taranaki,,,,,,
Kochmeldungen,,,,,,
Lubbock,,,,,,
plöt­zen­see,,,,,,
see­en­de,,,,,,
fo­to­gra­fiert,,,,,,
Mandalay,,,,,,
Landfall,,,,,,
Burma,,,,,,
Bambushäusern,,,,,,
"Erdbeben der Stärke 7,7 Zentral-Myanmar",,,,,,
Bordsteins,,,,,,
Astragalus,,,,,,
Krankheitserregern,,,,,,
Ermont,,,,,,
Steine ​​von,,,,,,
Korallenstücke,,,,,,
Alexa,,,,,,
Hopfenernte,,,,,,
Untappd,,,,,,
Kap Trafalgar,,,,,,
Steine ​​verschwunden,,,,,,
Luxtripper,,,,,,
Privatverkäufen,,,,,,
Harry-Potter-Zauberstäben,,,,,,
Herculaneum,,,,,,
TRON-,,,,,,
Avalanche-Investoren,,,,,,
unwillkommener,,,,,,
Waldbrand-Evakuierung,,,,,,
Sharbot-Sees,,,,,,
Frontenac,,,,,,
Forth-Programmiersprache,,,,,,
Erdbeben auf dem Kanlaon-Vulkan,,,,,,
Depo-Provera,,,,,,
explosiv,,,,,,
Tiefstwerte,,,,,,
Heißer Lavasee,,,,,,
Insel …,,,,,,
Unsettled,,,,,,
Bergpässen,,,,,,
Viehbeständen,,,,,,
siehtGaming-Telefone,,,,,,
Verbraucher,,,,,,
Korridor,,,,,,
County Down,,,,,,
Pischeldorf,,,,,,
Brückl,,,,,,
Bad Eisenkappel,,,,,,
Budapester,,,,,,
Cove Antim,,,,,,
"Erdbeben der Stärke 4,7 Pakistan",,,,,,
Erdbeben am Wochenende,,,,,,
St. Moritz Ski,,,,,,
Aktivitäten,,,,,,
Gewalttat in Maintal +++ Friedensbrücke,,,,,,
Vulkanbeobachtern,,,,,,
Lavafontäne des Kilauea,,,,,,
Megabeben,,,,,,
Mittwoch Tibet,,,,,,
Verfluchte Berge,,,,,,
Williams,,,,,,
Zentrum von Iowa,,,,,,
Großraum Seattle,,,,,,
Top-Computervorhersagemodelle,,,,,,
Skipass,,,,,,
Strategielosigkeit,,,,,,
Skiern,,,,,,
Eispickeln,,,,,,
Entwicklungsländer,,,,,,
Platz für Wolkenkratzer und Wohneinheiten,,,,,,
Solarladefähigkeit,,,,,,
Bath,,,,,,
Lewotobi-Ausbruch,,,,,,
Yangon,,,,,,
Assyrtiko,,,,,,
Mātauranga Māori,,,,,,
Regenstürme,,,,,,
Volcano Yellow,,,,,,
White-House-Effekt,,,,,,
Wetterverhältnissen,,,,,,
Straße in West-Colorado,,,,,,
Nahe Osten,,,,,,
Sydneys,,,,,,
Lake-Effekt-Sturm,,,,,,
Cooperative National Geologic Map,,,,,,
Saisonstart,,,,,,
BACOLOD,,,,,,
Wirtschaftskammer,,,,,,
Kamin,,,,,,
Lavafontäne des Mount Kilauea,,,,,,
Mob War,,,,,,
Gewalttat in Maintal +++ Liveblog,,,,,,
Vishwamitri,,,,,,
Home-Office,,,,,,
Tianshan-Gebirges,,,,,,
Netzwerk-Bandbreiten-Slicing-Identifikation,,,,,,
Laufband,,,,,,
Atombombe,,,,,,
Shiga Kogen Mountain Resort,,,,,,
North Frontenac,,,,,,
North Frontenac Township,,,,,,
Premiumgetränken,,,,,,
Premium-Getränken,,,,,,
Nordamerika …,,,,,,
Regenniederlage,,,,,,
Vulkansignals,,,,,,
Barstow,,,,,,
Fort Myers,,,,,,
Cape Coral,,,,,,
Hagelrisikoinformationen,,,,,,
SA,,,,,,
Fukushima Innovation Coast Framework,,,,,,
Hamadori,,,,,,
Atomkatastrophe,,,,,,
Lake Chehalis,,,,,,
Impfstoffen,,,,,,
Feuchtigkeits-Hitze-Stresses,,,,,,
Weltraumküste,,,,,,
Sonntag Alarmstufe Gelb,,,,,,
Top-TV-,,,,,,
Bergen ins Herz der Stadt,,,,,,
Achs-Photovoltaik,,,,,,
Illora,,,,,,
Hornbein Couloir,,,,,,
Biathlon-Olympiasiegerin,,,,,,
Great California Shakeout-Event,,,,,,
Pityusen,,,,,,
Cliffside Retreats,,,,,,
El Nido,,,,,,
Kalksteinfelsen,,,,,,
Großen Seen Nordamerikas,,,,,,
Slog,,,,,,
Methanogenen,,,,,,
Harkens von Herbstlaub,,,,,,
Aale,,,,,,
Hamas-Geiseln,,,,,,
israelische Regierung,,,,,,
Regulator,,,,,,
Mount Superior,,,,,,
Little Cottonwood Canyon,,,,,,
Freien sinken,,,,,,
Bandkollegen,,,,,,
Western Ghats,,,,,,
Chemieunterricht,,,,,,
islamisch-arabischen Gaza-Völkermörderregimes,,,,,,
Hakenkreuz,,,,,,
Rekordhochwasser,,,,,,
Waldbrand-Herausforderungen,,,,,,
freundliches Wetter,,,,,,
Cooper Basin,,,,,,
SA W,,,,,,
Ouattara von der Elfenbeinküste,,,,,,
Alpendorf,,,,,,
Mount Eve…,,,,,,
Bezirk Los Angeles,,,,,,
Mount-Rinjani-Nationalparks,,,,,,
Annapurna Rural Municipality-4,,,,,,
Flottenmanagementplattform von Autofleet,,,,,,
Fisch-Erdbeben-Ereignis,,,,,,
Krebs-Keimbahn-Genen,,,,,,
Cagliari,,,,,,
Sardiniens,,,,,,
niederschlagsreichsten Oktobertag,,,,,,
Hypothekenbetrug,,,,,,
Heuchelei,,,,,,
Stau-Alarm,,,,,,
Cree-Nation Nisichawayasihk,,,,,,
Mount Charleston,,,,,,
Downhill-Mountainbike-Parks,,,,,,
Geier,,,,,,
Huehuetla,,,,,,
Casterton,,,,,,
Kapuzenjacke,,,,,,
Sender IN-Jacke,,,,,,
LOOPINSULATION,,,,,,
Jugendanwalt von Manitoba,,,,,,
Elkhart,,,,,,
Top-Zulieferer China,,,,,,
Rekordwasserstände,,,,,,
Vellore,,,,,,
Schlangenöl,,,,,,
Wellness-Influencern,,,,,,
Westsibirien,,,,,,
Waldbränden 2024–2025,,,,,,
Maurice-Herzog-Wanderweg,,,,,,
Narchyang,,,,,,
Mount-Rinjani-Nationalpark,,,,,,
TNGR,,,,,,
Preis-Leistungs-Verhältnis,,,,,,
Taifun-Katastrophe,,,,,,
True Sickos,,,,,,
College-Football-Spiel,,,,,,
Texas A&M,,,,,,
Fayetteville,,,,,,
Dubai-Schokolade,,,,,,
Matcha,,,,,,
Quinoa,,,,,,
Food-Trends,,,,,,
Mahwah,,,,,,
Mount Kilauea,,,,,,
Lakshadweep,,,,,,
Bezirk Idukki,,,,,,
Tuas Ballsicherheit,,,,,,
"Erdbeben der Stärke 4,0 Pakistan",,,,,,
Karangasem,,,,,,
Tughrul,,,,,,
Tuğrul-Turm,,,,,,
Provinz Teheran,,,,,,
Grafschaft Down,,,,,,
Antrim,,,,,,
Down,,,,,,
BST,,,,,,
Villisca Axe Murder House,,,,,,
Erdbeben unter dem Ätna,,,,,,
Tag am See,,,,,,
Skirollerskates,,,,,,
Staatstheater Mainz,,,,,,
Abschlusszeremonie,,,,,,
Gardasees,,,,,,
Akiak,,,,,,
Penteli,,,,,,
Gelogor Paok,,,,,,
LCA Tejas Mk 1 A,,,,,,
Dorf Sembalun Lawang,,,,,,
Distrikt Ost-Lombok,,,,,,
St. Pölten-Harland,,,,,,
Orchesters,,,,,,
Annaberg-Buchholz,,,,,,
Snowbirds-Formation,,,,,,
São Paulo Fashion Week,,,,,,
Riverside Church,,,,,,
Kuber-Bhandar-Gletscher,,,,,,
Kanchenjunga-Fluss,,,,,,
Hochhaus-Explosion,,,,,,
Risikos von Naturkatastrophen,,,,,,
Nationalpark Sarek,,,,,,
ägyptischen Grenze,,,,,,
Alaska Guard,,,,,,
Luftbrücke,,,,,,
Südafrika-Kreuzfahrt,,,,,,
iranischen Grenze,,,,,,
Wagens,,,,,,
Chili-Rot,,,,,,
Cypress Green Pearl,,,,,,
Elbert,,,,,,
Douglas,,,,,,
Yukon-Kuskokwim-Delta,,,,,,
Drehbuchnotizen,,,,,,
Nordpazifiks,,,,,,
mexikanische Regierung,,,,,,
Agrarbereich,,,,,,
Sully Island,,,,,,
Alfredo,,,,,,
Benitez,,,,,,
Kanyakumari,,,,,,
Zentralfloridas,,,,,,
Hochfügenerstraße,,,,,,
Stablecoins,,,,,,
Offshore-Lizenzen,,,,,,
Pinnacles-Nationalpark,,,,,,
NYT Connections Sports Hints,,,,,,
Inselstaats,,,,,,
Sindir…,,,,,,
Almond Green,,,,,,
Lake County,,,,,,
Cloud-Seeding-Versuch,,,,,,
Kanlaon-Aschefall,,,,,,
Barangays,,,,,,
Mailum,,,,,,
Winterpaket,,,,,,
Reisen,,,,,,
Kagbeni,,,,,,
MUSTANG,,,,,,
Himalaya-Bezirk Mustang,,,,,,
Lomanthang,,,,,,
karibischen Staat,,,,,,
Annapurna Base Camp Trail,,,,,,
Hardcore-Bereich,,,,,,
Pixies,,,,,,
Regenponchos,,,,,,
Asien-Pazifik,,,,,,
Erdbeben die Türkei,,,,,,
Longreads,,,,,,
Winterfans,,,,,,
Rabi-Hülsenfrüchte,,,,,,
Anisotropie,,,,,,
Eurofighter-Typhoon-Jets,,,,,,
Simav-Verwerfungsschwarm,,,,,,
Marion,,,,,,
Titusville,,,,,,
Merritt Island,,,,,,
Caivano,,,,,,
Vermonta,,,,,,
Victoria7news.com.au,,,,,,
Marina Islands,,,,,,
Marianengraben,,,,,,
Grabens,,,,,,
Mini-Windräder,,,,,,
Linux-Payload,,,,,,
Saffir-Simpson-Skala,,,,,,
Mittwoch Kuba,,,,,,
Moldawiens,,,,,,
wasserarmes Land,,,,,,
Insel landen,,,,,,
Ranthambore,,,,,,
Bezirk Sawai Madhopur,,,,,,
Blutzuckers,,,,,,
Brevard,,,,,,
Erdbeben im amerikanischen Bundesstaat,,,,,,
Soultz-sous-Forêts,,,,,,
Provinz Groningen,,,,,,
Einsteck-Zapfen-Verbindungen,,,,,,
Hohenwarthe/Magdeburg,,,,,,
Elbdeichs,,,,,,
Hohenwarthe,,,,,,
Erdbeben im Atlantischen Ozean,,,,,,
Lucayan-Archipel,,,,,,
Taal-Vulkan,,,,,,
Bewohnern Ärger,,,,,,
Balikesir,,,,,,
Orange-Alarm,,,,,,
Mangthang Haokip,,,,,,
Harihurganj,,,,,,
Bezirk Aurangabad,,,,,,
Reichensteuer,,,,,,
Ökosystemleistungen,,,,,,
Superverdiener,,,,,,
Insel zuraste,,,,,,
Portmore,,,,,,
Gap-Financing-Markt,,,,,,
Tokyo Gap-Financing Market,,,,,,
Südosteuropas,,,,,,
Insel Mayotte,,,,,,
Herzinfarkte,,,,,,
St. Andrew,,,,,,
St. Catherine,,,,,,
St. Thomas,,,,,,
Timor-Leste,,,,,,
Torrent,,,,,,
Kyle Anzalone Show,,,,,,
Aktienkurse-Highlights,,,,,,
Maharashtras,,,,,,
Nuss-Nougat-Aufstrichs,,,,,,
Götter,,,,,,
Energiesparmodus,,,,,,
Inselwurzeln,,,,,,
Balik Pulau,,,,,,
Vantaa,,,,,,
Kuba Havanna,,,,,,
Karibikinseln,,,,,,
Glencore,,,,,,
Ramachandrappa,,,,,,
Churachandpur,,,,,,
Mallnitz,,,,,,
Flanellgrau-Nasca,,,,,,
Auernig,,,,,,
Bezirk Spittal an der Drau,,,,,,
Zentrum des Hurrikans,,,,,,
Schindeln,,,,,,
ultralangsamer,,,,,,
Autors Unser Gehirn,,,,,,
Ruhezustand,,,,,,
Talsperre Kelbra,,,,,,
Hochwassereinsätze,,,,,,
Museum Ehrhardt,,,,,,
Fort Collins,,,,,,
CO,,,,,,
Jahrhundert-Sturm Melissa,,,,,,
Meere,,,,,,
Atlantik-Hurrikan,,,,,,
Hudson Valley Shakespeare,,,,,,
BMKG,,,,,,
Manama,,,,,,
Hotelsperrungen,,,,,,
Jamaicas,,,,,,
Bahini-Becken,,,,,,
Bahini-Flusses,,,,,,
Insel peitschen,,,,,,
jamaikanische Küste,,,,,,
Jamaikaner,,,,,,
Wunderkindes des Golfsports,,,,,,
Grüns,,,,,,
Puff-Segment,,,,,,
Orientblau-Metallic,,,,,,
Hurrikan Windgeschwindigkeiten,,,,,,
Krywyj Rih,,,,,,
Schleimlava,,,,,,
PLUS Taiping,,,,,,
Larut,,,,,,
Matang,,,,,,
Selama,,,,,,
Taiping,,,,,,
PLUS North South Highway-Strecke,,,,,,
"Erdbeben der Stärke 3,7 erschüttert Afghanistan",,,,,,
"Erdbeben der Stärke 3,7 erschütterte Afghanistan",,,,,,
Sandwich,,,,,,
Aussicht,,,,,,
Sturmtief „Joshua“,,,,,,
Europapokal-Spiel,,,,,,
Abpfiff,,,,,,
Andermatt-Sedrun,,,,,,
Mittelschweden,,,,,,
Jln Tun Sardon,,,,,,
Möhren,,,,,,
Fenchel,,,,,,
Elbe Sturmflut-Niveau,,,,,,
Kaffee-Preisschock,,,,,,
Börsenspekulationen,,,,,,
EU-Vorgaben,,,,,,
Ishikari,,,,,,
Erzgebirgskreis,,,,,,
Zwischenstopp,,,,,,
Fischmarkt Wasser,,,,,,
Hauptstraße,,,,,,
Landeshälfte,,,,,,
Kaimaninseln,,,,,,
Disney-Foodblog,,,,,,
Changkat Jering,,,,,,
Waffeltüten-Füllhorn,,,,,,
"Herbstturmtief ""Joshua",,,,,,
Fußballtrikots,,,,,,
Gummi-Lavasteine,,,,,,
MINT-Spielzeug,,,,,,
Netflix-Drama,,,,,,
Industriegruppen,,,,,,
St. Pauli-Fischmarkt,,,,,,
Regenwaldstaat Surinam,,,,,,
Netto-Null,,,,,,
BANGKOK,,,,,,
Santo Domingo,,,,,,
Berges Fuji,,,,,,
North Side,,,,,,
Saarbrücken/Kaiserslautern/Laumersheim,,,,,,
"Sturmtief ""Joshua",,,,,,
High-End-Hotels,,,,,,
Selkestraße,,,,,,
AlarmbereitschaftAl Jazeera Tropensturm Melissa,,,,,,
Herbststurm Joshua,,,,,,
EU-Regeln,,,,,,
Hopper-Eintrittsoptionen,,,,,,
Jalan Tun,,,,,,
Klimanotstand,,,,,,
Klimanotstands,,,,,,
Waldbesuchen,,,,,,
Florida Keys,,,,,,
Fango,,,,,,
Gemüse-Quiz,,,,,,
NRW Düsseldorf,,,,,,
Boltgun,,,,,,
Frühwarnsysteme,,,,,,
Inspektionsberichten,,,,,,
Schneckentempo,,,,,,
Sumy,,,,,,
Imelda,,,,,,
Dublin Castle,,,,,,
alten Gerichtsgebäudes,,,,,,
Mount Kanlaon,,,,,,
Winterwanderabenteuer,,,,,,
Pacocha,,,,,,
Frauenkleidern am Geschütz,,,,,,
Kameruns,,,,,,
Erdbeben in Süditalien,,,,,,
Taal,,,,,,
Guantanamo Bay,,,,,,
Guantánamo Bay,,,,,,
Ostkubas,,,,,,
Vulkans Taal,,,,,,
Fahrzeugabsturz,,,,,,
Beifahrer,,,,,,
Multitool,,,,,,
St. Funogas,,,,,,
Teppiche,,,,,,
Sölden am Sonntag,,,,,,
Bridgewater,,,,,,
Büschen,,,,,,
Schneeleopardenjunges,,,,,,
John Ball Zoo,,,,,,
Grindavík,,,,,,
Extreme,,,,,,
Westatlantiks,,,,,,
Hurrikan-Melissa-Kategorie,,,,,,
Sturmaufräumarbeiten,,,,,,
Belgorod,,,,,,
Schulungslager,,,,,,
Erin,,,,,,
"Erdbeben der Stärke 3,5",,,,,,
Shirsat,,,,,,
Sudbury,,,,,,
Böen fegen,,,,,,
Big Country,,,,,,
Park Place BMW,,,,,,
Skwentna,,,,,,
Merizo,,,,,,
Knox Mountain Park,,,,,,
Knox Mountain,,,,,,
Brewster County,,,,,,
Big Bend National …,,,,,,
Weltraumspiegel,,,,,,
Weltall,,,,,,
Londolozi Game Reserve,,,,,,
Freistaat Wind,,,,,,
OzAsia,,,,,,
Gebirgsregionen,,,,,,
Millcreek,,,,,,
Dahlmeier-Drama,,,,,,
Landkreis Bergstraße,,,,,,
West-Zentral-Golf von,,,,,,
Baumbestand,,,,,,
Hunchun,,,,,,
Würde,,,,,,
Dividenden,,,,,,
Vanilla-Investoren,,,,,,
Momentum-Aktien,,,,,,
Tropischer Sturm Melissa,,,,,,
Großraum Houston,,,,,,
Odisha Live-Updates,,,,,,
Atacama Large,,,,,,
Weltraumfoto,,,,,,
Weltraumschüsseln,,,,,,
Waldfläche,,,,,,
Arzberg,,,,,,
Landkreis Nordsachsen,,,,,,
Google Trends,,,,,,
Erdbeben auf Santorini im Jahr 2025,,,,,,
Band-Geheimnis,,,,,,
Kelly Family Patricia Kelly,,,,,,
Saanp,,,,,,
Grand Final-Wochenende,,,,,,
North Rim,,,,,,
Munro Lake,,,,,,
Holomua,,,,,,
Zwölfaxing,,,,,,
Bruck an der Leitha,,,,,,
Gila County,,,,,,
Sheriff-Abgeordnete,,,,,,
Erdbeben auf Urlaubsinsel,,,,,,
Wetterkarten,,,,,,
Schweizer Berge,,,,,,
Tausenden von Bewohnern,,,,,,
Haus in Malibu,,,,,,
Gloggnitz,,,,,,
Galicien,,,,,,
Bualoi,,,,,,
Spitzmaulnashorns,,,,,,
Etosha-Nationalpark geschicktBBC-Waldbrände,,,,,,
Reifenwechsel,,,,,,
Tasmanischen See,,,,,,
Namibias Flaggschiff-Park,,,,,,
Staatssender Namibia Broadcasting,,,,,,
Nordsachsen Dresden,,,,,,
Hongkongs,,,,,,
Espola Road,,,,,,
Port Blair,,,,,,
Nordschweden,,,,,,
Ochre Pit Cove,,,,,,
Ash,,,,,,
Headworks Road,,,,,,
Hydrology & Hydroinformatics Innovation,,,,,,
Papar,,,,,,
Datuk,,,,,,
Swiggy-Lieferfahrern,,,,,,
Kopf…,,,,,,
New Brunswicks,,,,,,
Osprey Lake,,,,,,
Frankenstein,,,,,,
Hunt,,,,,,
Dragon Bravo-Feuer,,,,,,
Toba-Vulkan,,,,,,
Klimawoche,,,,,,
Gelb,,,,,,
Löschflugzeug,,,,,,
Moor,,,,,,
Nord-Dundas,,,,,,
North Dundas,,,,,,
Yellowjacket,,,,,,
Ragasa,,,,,,
Bombenfunden,,,,,,
aufgestauter See,,,,,,
Sturm China,,,,,,
Jahres Waldbrände Los Angeles,,,,,,
Notsirenen,,,,,,
Andamanensee,,,,,,
Twin Peaks Road,,,,,,
Green Valley Open Space,,,,,,
Iril,,,,,,
La Carlota City,,,,,,
Berglandes,,,,,,
Zentrum des Inselstaates,,,,,,
Clarence Valley,,,,,,
Chilterns,,,,,,
fünftschlechteste Land,,,,,,
niedersächsischen Küste,,,,,,
Nordwestens der Bahamas,,,,,,
Polizeiwache,,,,,,
Tornado-Wellen,,,,,,
Aylesford,,,,,,
Unterwasser-Internetkabel Tongas,,,,,,
National Highway 4D,,,,,,
O Quy Ho Pass,,,,,,
Sa Pa Ward,,,,,,
Creek Fire,,,,,,
Springdale Green,,,,,,
Lemnos,,,,,,
Aetoliko,,,,,,
Le…,,,,,,
Sturm Amy,,,,,,
Gesundheitsministerium Bilanz,,,,,,
Matmo,,,,,,
Paolo,,,,,,
Eisbären,,,,,,
Wasserwald,,,,,,
Sturmböen durcheinandergewirbelt,,,,,,
Wochenendreise-,,,,,,
Outdoor-Pläne,,,,,,
Katrina,,,,,,
Hausversicherung,,,,,,
Alarmstufe 2,,,,,,
Torf,,,,,,
Ökosystem-Finanzministerium,,,,,,
Rajoelina,,,,,,
Wildfire-Geld,,,,,,
Staat Kalifornien,,,,,,
Blue Lane,,,,,,
Aylesford Lake,,,,,,
Flughafen Ibiza,,,,,,
britische Zeit,,,,,,
Erdbeben vor Philippinen,,,,,,
San Remigio,,,,,,
Slogans,,,,,,
Insel Ibiza,,,,,,
Sturmflut-Folgen,,,,,,
Katastrophenschutzes am Mittwoch,,,,,,
Ryan Bridge,,,,,,
Clip von Ryan Bridge,,,,,,
Senklöcher,,,,,,
Erdbeben in der philippinischen Provinz,,,,,,
Apfelpflücksaison,,,,,,
Hurrikans Humberto,,,,,,
Hurrikan Humberto,,,,,,
Louis Millett Center,,,,,,
New Minas,,,,,,
Lignin von …,,,,,,
Rastplatz,,,,,,
Texas Ranger-Star,,,,,,
Lassen Peak,,,,,,
Harmony Grove,,,,,,
Elfin Forest,,,,,,
Mountain Lake Acquisition Corp,,,,,,
Norrland,,,,,,
Hautinfektionen,,,,,,
Hubschrauber-Übungen,,,,,,
Chinese Camp zerstörtKCRA Blitz,,,,,,
Afghani…,,,,,,
Chinese Camp Town,,,,,,
verzehren,,,,,,
Chinese CampKCRA,,,,,,
Chinese Camp…,,,,,,
A,,,,,,
MADRID,,,,,,
Spain for at least three decades,,,,,,
Javas,,,,,,
Erdbeben am Sonntag,,,,,,
Beef Trail Creek,,,,,,
Jhelum,,,,,,
Erdbeben zu Wochenbeginn,,,,,,
Dschalalabad,,,,,,
Luna,,,,,,
Metro von Denver,,,,,,
NBC Bay Area,,,,,,
Goldrausch-Stadt,,,,,,
UN-Klimaexperten,,,,,,
Sindh,,,,,,
Flusses Indus,,,,,,
brennen,,,,,,
Mine Creek,,,,,,
Häuptling,,,,,,
BBMB-Vorsitzender,,,,,,
Okanagans,,,,,,
Sherman Park,,,,,,
Dharowali,,,,,,
Colleges,,,,,,
Sherani,,,,,,
Creighton,,,,,,
Sauberkeitsgründen,,,,,,
Inkonsistenzen,,,,,,
gebirgiger,,,,,,
Katastrophengebieten,,,,,,
"Erdbeben der Stärke 6,0 in Afghanistan",,,,,,
Erdbeben in der Provinz Kunar,,,,,,
Hohe Opferzahlen,,,,,,
Chenab-Flusses,,,,,,
Vaishno Devi Yatra,,,,,,
Spahn,,,,,,
Miersch,,,,,,
Huthi,,,,,,
Erdbeben in Afghanistan - News,,,,,,
Erdbeben im Osten von Afghanistan,,,,,,
Provinz Neapel,,,,,,
Küste von Malibu,,,,,,
Taliban-Angaben,,,,,,
North Carolina Genealogy,,,,,,
Buena Vista,,,,,,
Kerryn,,,,,,
Orpin,,,,,,
Alice,,,,,,
Andersen,,,,,,
Roxane,,,,,,
Graham,,,,,,
Rote Halbmond,,,,,,
Monsun-Chaos,,,,,,
Taliban-Verbote,,,,,,
Erdbeben-Opfer,,,,,,
Evakuierungsbefehl,,,,,,
Tuolumne County Office of Emergency Services,,,,,,
Bildungsminister,,,,,,
Landes leiden,,,,,,
Durchfall,,,,,,
Studienschätzungen,,,,,,
Cornwallis,,,,,,
Durchsuchungsbefehl,,,,,,
Touristenhochburg Bali,,,,,,
Johor Baru,,,,,,
Sultanah-Aminah-Krankenhaus,,,,,,
Larouco,,,,,,
Kiefern,,,,,,
Wetterereignisse,,,,,,
durchnässten,,,,,,
Kanagawa,,,,,,
Togoshi Ginza,,,,,,
Shinagawa…,,,,,,
Menschenrechtsminister,,,,,,
Wiederaufbauhilfe,,,,,,
Freitag Familien,,,,,,
Pazifische Tsunami-Warnzentrum,,,,,,
Rybachiy,,,,,,
Waldbrand am Long Lake,,,,,,
Vegetation,,,,,,
Lebens auf der Erde,,,,,,
Khajhana,,,,,,
Bezirk 3,,,,,,
Bhaiya Tole,,,,,,
Bezirk 6,,,,,,
Bank Road,,,,,,
N…,,,,,,
VICTORIA,,,,,,
Anganwadi-Zentren,,,,,,
Moncton,,,,,,
Bomba,,,,,,
Binnengemeinden,,,,,,
Northumberland County,,,,,,
Provinzwahlen,,,,,,
Toronto International Film Festival,,,,,,
Princess of Wales Theatre,,,,,,
Waldbrandbekämpfern,,,,,,
Feuerschein,,,,,,
Tompaluan-Krater,,,,,,
Sutlej,,,,,,
Ravi,,,,,,
Mount Lewotobi Laki-laki,,,,,,
Oberlaufs,,,,,,
Peres,,,,,,
Feuerwiderstands,,,,,,
mesischen,,,,,,
Kamms,,,,,,
Cascade Range,,,,,,
Waldbeständen,,,,,,
British Columbia Waldbrände,,,,,,
Missbrauchs,,,,,,
Orlando-Meer,,,,,,
Coches-Feuer,,,,,,
Interstate 8,,,,,,
Los Coches Road,,,,,,
Lakeside,,,,,,
Dienstag Griechenland,,,,,,
Leaf Rapids,,,,,,
Infernos,,,,,,
Sierra National Forest,,,,,,
Riesenmammutbäumen,,,,,,
Selagon Permanent Relief Centre,,,,,,
Landministerium von Idaho,,,,,,
Älpler,,,,,,
T20-Vorhersage,,,,,,
Lembang-Verwerfung,,,,,,
KüsteABC7 New York Nor'easter,,,,,,
DFB-Fans,,,,,,
Faustkeilen,,,,,,
Wildtierschutzes …,,,,,,
New York New Jersey,,,,,,
Krimis,,,,,,
"Erdbeben der Stärke 2,6",,,,,,
Erdbeben am italienischen Vulkan,,,,,,
Erdbeben nahe von Leoben,,,,,,
Erdbeben in der Cascadia-Subduktionszone,,,,,,
Rettungsdrama am Bach – Kevin Page,,,,,,
Kältefront,,,,,,
Helena-Gebiet,,,,,,
Zentral-Helena,,,,,,
Montana City,,,,,,
Ost-Helena,,,,,,
Gathia,,,,,,
Diana,,,,,,
Reservebasis,,,,,,
Trockenen,,,,,,
Longyearbyen,,,,,,
Tijuana,,,,,,
Fernsehkomödien,,,,,,
Archuleta County,,,,,,
Pagosa Springs,,,,,,
Burnet,,,,,,
Linux-Distribution Omarchy,,,,,,
Hyprland,,,,,,
Platz Nr. 1,,,,,,
Billboard Hot 100,,,,,,
WM-Debatte,,,,,,
US-Präsident Trump,,,,,,
gemeindebetriebenen,,,,,,
Trump-Lager,,,,,,
Provinz Davao Oriental,,,,,,
Zentrum von Tennessee,,,,,,
Humphreys County,,,,,,
Al-Faschir,,,,,,
High-School-Football,,,,,,
Insel-Hauptstadt,,,,,,
Mailands,,,,,,
Zoo Animalia,,,,,,
Xicotepec,,,,,,
Desert Southwest,,,,,,
Ibizia,,,,,,
Amt des Generalstaatsanwalts,,,,,,
Raymond,,,,,,
BP,,,,,,
RI,,,,,,
Zentral-,,,,,,
Südostmexiko,,,,,,
Herzstillstand-Management,,,,,,
Global Burden of Disease-Bericht,,,,,,
Hochwasserwache,,,,,,
Niedersachsens Umweltministerium,,,,,,
Ocean View,,,,,,
East Ocean View,,,,,,
PIX11,,,,,,
Klimaschwindel,,,,,,
Sentinel-1,,,,,,
Taifuns Halong Alaska,,,,,,
Lynnhaven-Viertel,,,,,,
Virginia Beach,,,,,,
Veracruz,,,,,,
Gebiet hinwegfegt,,,,,,
Haupthofs,,,,,,
Cedar Creek Gardens,,,,,,
Laserrot,,,,,,
Überschwemmungswarnungen,,,,,,
Kalifornien-Vorhersage,,,,,,
Chamari Athapaththu,,,,,,
Rettung von Frauen,,,,,,
Pragmatikern,,,,,,
menschlichen Hörbereichs,,,,,,
Brandnarbenzonen,,,,,,
Langeweile,,,,,,
Gewinnerfoto,,,,,,
Cebu-Beben,,,,,,
Einfamilienhäusern,,,,,,
Powerball-Gewinners,,,,,,
Erdbebenrisikos,,,,,,
Lichtblick,,,,,,
Dablyang-Gebiet,,,,,,
Baglung-10,,,,,,
Baltschieder,,,,,,
Neubrück,,,,,,
Lewotobi Laki Laki,,,,,,
Insel Flores,,,,,,
Ripple,,,,,,
Top-Urlaubsziele,,,,,,
Touris,,,,,,
Griechenland-Fans,,,,,,
Leica Galerie Düsseldorf,,,,,,
Oktoberfest-Lagerbieren,,,,,,
Kürbisbiere,,,,,,
Craft-Bieren,,,,,,
Sturms am Montagabend,,,,,,
Sturm Dörfer,,,,,,
Brandnarben von La …,,,,,,
Grasbränden,,,,,,
Hollywood hinwegfegt,,,,,,
Poza Rica,,,,,,
Heard Island,,,,,,
Heard,,,,,,
mexikanischen Regierung,,,,,,
Central West,,,,,,
Grantown,,,,,,
Universums im Urknall,,,,,,
Sterbefälle,,,,,,
Statistische Bundesamt am Dienstag,,,,,,
Zwangsräumungen,,,,,,
Outaouais Waldbrände,,,,,,
Val-des-Bois,,,,,,
Shannon,,,,,,
Shannon Callows,,,,,,
Offaly,,,,,,
Roscommon,,,,,,
Westmeath,,,,,,
Mesa,,,,,,
Fountain Hills,,,,,,
San Luis Obispo,,,,,,
Pong Inn-Gebiet,,,,,,
Hopong,,,,,,
Hsihseng,,,,,,
Online-Kommentatoren,,,,,,
Dashcam-Video,,,,,,
Kultfilms,,,,,,
Bibliothek von Herculaneum,,,,,,
Holzkohle,,,,,,
MQ,,,,,,
Museumsquartier,,,,,,
Ost-Vidarbha,,,,,,
St. James' Park,,,,,,
Mirik,,,,,,
Wochenanfang,,,,,,
Vulkans Popocatépetl,,,,,,
UFO-Forscher,,,,,,
BJP-Abgeordneter,,,,,,
Forstau,,,,,,
Forstauer Landesstraße,,,,,,
L223,,,,,,
Duca di Salaparuta,,,,,,
indische Regierung,,,,,,
Qudang,,,,,,
Waldbrandversicherungen,,,,,,
Feuerflug,,,,,,
Zollsturm,,,,,,
Geländefahrzeugen,,,,,,
Cave-Mine,,,,,,
Papua,,,,,,
Schweinefarm,,,,,,
Sardu-Sera-Fluss,,,,,,
Jhumka-Biofarm,,,,,,
Ramdhuni-8,,,,,,
Karki,,,,,,
Halbinsel Malaysia,,,,,,
Borneo-Staaten Sabah,,,,,,
Wasserkraftproduktion,,,,,,
Plumas National Forest,,,,,,
Westtürkiye,,,,,,
Andhra Gewitter,,,,,,
Jerry,,,,,,
Yorkshire Dales,,,,,,
Nottingham Forest,,,,,,
Mashpi Lodge,,,,,,
Darjeeling Hills Erdrutsche,,,,,,
Marathwada,,,,,,
Orkantief,,,,,,
Niedersächsische,,,,,,
Sylt-Fähren,,,,,,
Daiichi Nationalpark,,,,,,
Politisches Erdbeben,,,,,,
Richtungswechsel,,,,,,
Kartoffelanbaus,,,,,,
Knollenanbaus,,,,,,
Schulwettbewerben,,,,,,
Wassersystems,,,,,,
Nöten,,,,,,
manövrierunfähiger,,,,,,
Teile Süddeutschlands,,,,,,
Bezirk Pontian,,,,,,
Old Fort Point Trail,,,,,,
Baumregeneration,,,,,,
Baratang,,,,,,
Insel Baratang,,,,,,
Bar,,,,,,
Sturmtief Bäume,,,,,,
Gedser,,,,,,
Jhapa,,,,,,
Bezirk Jhapa,,,,,,
Gmünd,,,,,,
Lainsitz,,,,,,
investi…,,,,,,
Illam,,,,,,
Kings County Emergency Coordination Centre,,,,,,
Erdbeben von Lissabon,,,,,,
Chocó-Darién-Regenwald,,,,,,
Thurgauer,,,,,,
Rancho Fire,,,,,,
Tsunami-Evakuierungswarnung,,,,,,
Erdbeben in den Gewässern,,,,,,
Davao Oriental,,,,,,
Tsunami-Angst,,,,,,
Karangetang,,,,,,
Karatung,,,,,,
Probanden,,,,,,
Holzhandel,,,,,,
Bundesstraße 45,,,,,,
Groß-Umstadt,,,,,,
Lkw-Brand,,,,,,
Klimagerechtes,,,,,,
Butuan,,,,,,
"Erdbeben der Stärke 6,9 ​​kamen",,,,,,
Muttaqi,,,,,,
Müggelsee,,,,,,
K-Drama,,,,,,
Gangnam,,,,,,
Erdbeben und Tsunami-Warnung,,,,,,
Sacramento County,,,,,,
Ski-Tickets,,,,,,
Subpolarwirbel,,,,,,
Carrickmines,,,,,,
Jubiläumsmesse,,,,,,
Rastplatz Traveller,,,,,,
Delawar,,,,,,
Great Ethiopian Renaissance Dam,,,,,,
GERD,,,,,,
Blauen Nil,,,,,,
Casner Road,,,,,,
Ramona,,,,,,
Quito,,,,,,
Wunderland,,,,,,
Forbach,,,,,,
Optus-Fallout,,,,,,
Landkreis Florida,,,,,,
Rettungsaktion,,,,,,
Schneesturm am,,,,,,
Osthangs,,,,,,
Himal Dolakha,,,,,,
Bilanz Russlands,,,,,,
Auerlien,,,,,,
Betriebsversagen,,,,,,
Erdbeben zu warnen,,,,,,
Taifun-Regenfällen,,,,,,
Peshtigo-Feuer,,,,,,
Plasma-Tornados,,,,,,
Raumschiffflotte,,,,,,
Portugiese,,,,,,
Fußballwelt,,,,,,
Immobilienrisiken,,,,,,
Pazifikküste von Los Angeles,,,,,,
Stadt Paradise,,,,,,
Kap Verde,,,,,,
Brandenberger Ache,,,,,,
Bezirk Kufstein,,,,,,
Roshi Rural…,,,,,,
Izu-Inseln,,,,,,
Nachrichtenagentur Kyodo,,,,,,
Weinreben,,,,,,
Hektolitern,,,,,,
Krisengebieten,,,,,,
Live-Karte,,,,,,
Arabischen Meer,,,,,,
Tahoe-Region,,,,,,
Lafnitz,,,,,,
Broome County,,,,,,
Morristown,,,,,,
Kupjansk,,,,,,
Polarlichter,,,,,,
Himmelsbeobachter entdecken die Lichter tiefer,,,,,,
Metallic-Blau,,,,,,
Klima-Risiko-Index,,,,,,
Crohn-Fisteln,,,,,,
Darmfisteln,,,,,,
Lava spuckender Lava,,,,,,
Judäa,,,,,,
Port Royal,,,,,,
Unfallrisiko,,,,,,
Verkehrsunfällen,,,,,,
Bezirk Hartberg Fürstenfeld,,,,,,
Kubas …,,,,,,
Rekordkälte an der Ostküste,,,,,,
Schockstarre,,,,,,
Western Maine,,,,,,
Green Mountains,,,,,,
Russen,,,,,,
Sägefisch-Podiums,,,,,,
Start-up,,,,,,
Erdbeben auf Zypern,,,,,,
Septemberquartal,,,,,,
Diesel-Fahrer,,,,,,
Cumbria,,,,,,
Bank von Griechenland,,,,,,
Smart-Home-Markt,,,,,,
Wachstumschancen,,,,,,
Entwicklungsstaaten,,,,,,
Zivilprozessanwälte,,,,,,
Country-Elite,,,,,,
Ilen,,,,,,
Pine Val,,,,,,
Gameplay-Video,,,,,,
In-Game-Hommagen,,,,,,
Provinz Nueva Vizcaya,,,,,,
Laoag City,,,,,,
Beratern,,,,,,
Herbstzeit,,,,,,
Teichman,,,,,,
Flixbus,,,,,,
Komponenten,,,,,,
Poás,,,,,,
Costa Ricas,,,,,,
supersaure See des Vulkans,,,,,,
Chinas CO2-Emissionen,,,,,,
Elektroautos,,,,,,
Newark Fiber,,,,,,
Nordschwaben,,,,,,
Federal Reserve Bank of New …,,,,,,
Land am Sonntag,,,,,,
Sistima_Dev,,,,,,
Lawinenplätzchen,,,,,,
Congressional Budget Office,,,,,,
JamaikaFox,,,,,,
Mars-Orbiter,,,,,,
MONTREAL,,,,,,
Mitternachts-Betatest,,,,,,
Mitternachtskampagne,,,,,,
R594,,,,,,
Madore,,,,,,
Energieeinsparungen,,,,,,
Spitzenkoch,,,,,,
Money-Blog,,,,,,
National Capital Region Transport Corporation,,,,,,
Gateway Arch,,,,,,
Epsom Green,,,,,,
Debs,,,,,,
Nehru,,,,,,
de…,,,,,,
MalDhunga-Beni,,,,,,
Wetterkapriolen,,,,,,
Theaterfestivals,,,,,,
Lasti–Beni,,,,,,
Kali-Gandaki-Korridors,,,,,,
Maldhunga–Beni–Mustang,,,,,,
Bundesministerium,,,,,,
Potsdamer Stadtverordneten,,,,,,
South Hampstead,,,,,,
Sunset,,,,,,
SoCal-Sturmprognosen,,,,,,
Lokführer,,,,,,
Streckenzustand,,,,,,
Erdbebenzone,,,,,,
Golf der Karibik,,,,,,
Sonnensturms,,,,,,
Perl-CPAN,,,,,,
Perl-HTTP-Tiny,,,,,,
Perl-Data-Entropy,,,,,,
Perl-FCGI,,,,,,
Perl-File-Find-Rule,,,,,,
Perl-YAML-LibYAML,,,,,,
Limassol,,,,,,
Erdbeben auf der Mittelmeerinsel,,,,,,
BJP-Präsidenten,,,,,,
Schnellbahngleisen,,,,,,
Portsmouth,,,,,,
Gesundheitsminister,,,,,,
South Hayling,,,,,,
Southmoor Nature Reserve,,,,,,
Sansibar,,,,,,
Syngenta,,,,,,
Weißrusslands,,,,,,
Schandfleck,,,,,,
Königreich Saudi-Arabien,,,,,,
Mauritius,,,,,,
Donbass-Gebiet,,,,,,
Veolia,,,,,,
Lincoln-Tunnel,,,,,,
Lincoln Tunnels,,,,,,
New Yorker Hafen,,,,,,
Haubenkrebsen,,,,,,
Biogasausbeute,,,,,,
Kürbis-Rekorde,,,,,,
Riesenkürbissen,,,,,,
Shiva-Tempel,,,,,,
Kutunipadar,,,,,,
Bigg Boss 19,,,,,,
West Bengal Joint Entrance Examinations Board,,,,,,
Melghat,,,,,,
Amravati,,,,,,
Universität Delhi,,,,,,
Ultra-Boutique-Hotels,,,,,,
Super-Boutique-Hotels,,,,,,
Kleinflugzeug,,,,,,
Glühwein,,,,,,
Levi,,,,,,
Energieeinbrüchen,,,,,,
Limonaden,,,,,,
26 Federal Plaza,,,,,,
Small-Cap-Aktien,,,,,,
Grau,,,,,,
Cop30-Gespräche,,,,,,
Aktionspläne,,,,,,
Canucks,,,,,,
Wanderwegen,,,,,,
Traktion,,,,,,
Supercomputer-Durchbruch,,,,,,
Whakaari-Ausbruchs,,,,,,
Supertaifun „Fung-Wong,,,,,,
Vorstoß Brasiliens,,,,,,
Schiffswrack,,,,,,
Lauterbach,,,,,,
Ronaldsway Met Office,,,,,,
MARKHAM,,,,,,
Tommy,,,,,,
Japan Tsunami-Angst,,,,,,
Immobilienprojekts,,,,,,
Blank Space,,,,,,
Toady One,,,,,,
Siege-Update,,,,,,
behoben.</li,,,,,,
Italiens Alpen,,,,,,
Mamdani-Stil,,,,,,
South Bay,,,,,,
Wienfluss,,,,,,
Auhofbecken,,,,,,
Chatbot-Lecks,,,,,,
Gegenvorwürfe,,,,,,
Worldwide,,,,,,
Rekordkälte,,,,,,
Diwali,,,,,,
Pillnitz,,,,,,
Anatolien,,,,,,
Arctic National Wildlife Refuge,,,,,,
"Erdbeben der Stärke 6,9 ​​ereignet",,,,,,
Tsunami-Bedrohung,,,,,,
Dinalungan,,,,,,
Sushi-Restaurants,,,,,,
Resterhöhe,,,,,,
Skisaison,,,,,,
Tagesskipass,,,,,,
24 km-Meile,,,,,,
Einheimischentarife,,,,,,
Jo-Jo,,,,,,
Racine,,,,,,
Kenosha,,,,,,
Snowflake-Dokumentationsreferenzen,,,,,,
Copernicus-Satellit,,,,,,
Sentinel-1A,,,,,,
Sentinel-1C,,,,,,
Chicagolands,,,,,,
Großen Seen Schneestürme,,,,,,
Woodward Park City,,,,,,
translatorische Regulationsplastizität,,,,,,
Brot w…,,,,,,
Schwamms Axinella polypoides,,,,,,
Schneeböen,,,,,,
Südontario,,,,,,
Landgang am Sonntag,,,,,,
Chicago Chicago-Gebiet …,,,,,,
Baseball-Sensation Shohei Ohtani,,,,,,
Gewitter Auckland,,,,,,
St. James Theatre,,,,,,
Schlosspark Pillnitz,,,,,,
Hochhaus,,,,,,
San Luis Valley,,,,,,
Prince William County Fire & Rescue System,,,,,,
Burwell Roa,,,,,,
Lancaster City,,,,,,
Supertaifuns,,,,,,
Los Gatos,,,,,,
Nordgeorgiens,,,,,,
Butler County,,,,,,
Bergbesteigungen,,,,,,
Vm,,,,,,
Rückenbereich,,,,,,
Cobb,,,,,,
Mableton,,,,,,
Verkehrsstaus,,,,,,
Wahllokal Thompson Park Community Center,,,,,,
Yankton Trail Park,,,,,,
York Lions Stadium,,,,,,
Staatstreffen,,,,,,
Stone Memorial Lady Panthers,,,,,,
Stone Memorial Panthers,,,,,,
Crossville,,,,,,
Indiana-Kokomo,,,,,,
Tech,,,,,,
Vorbereitungs-Volleyball-Staatsturnier,,,,,,
Volleyballplatz,,,,,,
Wular Lake,,,,,,
Novo Nordisk,,,,,,
Tor der Bundeswehr,,,,,,
Meßstetten,,,,,,
Mädchen,,,,,,
Süd-Colorado,,,,,,
Wochenmitte kühl,,,,,,
Montagmorgen-Ansturm,,,,,,
Lenovo,,,,,,
Weltklimakonferenz,,,,,,
Rettungspersonal,,,,,,
Notre Dame,,,,,,
Hubschraubern,,,,,,
Kleinflugzeugen,,,,,,
Fährfrau,,,,,,
Ölspeichermarkt,,,,,,
Königreichs …,,,,,,
US-Flugverkehr,,,,,,
Cavalry,,,,,,
Premier-League-Finales,,,,,,
TD Place Stadium,,,,,,
Novemberstürme,,,,,,
Fargo,,,,,,
Expressway Suites,,,,,,
Bettwäsche,,,,,,
Spa-Wasser,,,,,,
Jammu North,,,,,,
Sodh-Lift-Bewässerungsplans,,,,,,
Pilgrim,,,,,,
Einwanderungsbeamten,,,,,,
T-Rex,,,,,,
Dino-Park-Builder,,,,,,
Hurrikan-Hilfsmitteln,,,,,,
GEORGE TOWN,,,,,,
Cayman Islands,,,,,,
Ltd,,,,,,
NASDAQ Global Select Market,,,,,,
NORTH ANDOVER,,,,,,
Neuenfelde,,,,,,
Steinbrenner Field,,,,,,
Heimtrainingsheim der Yankees,,,,,,
stürmische Böen,,,,,,
Ryanair,,,,,,
Buffett-Versorgungsunternehmen,,,,,,
Dresden/Magdeburg/Erfurt,,,,,,
Bahnhof Stuttgart 21,,,,,,
Brandenburger Tor,,,,,,
A90,,,,,,
Reschenstraße,,,,,,
Insel Java,,,,,,
Räumfahrzeug,,,,,,
Naivasha-Sees,,,,,,
Red Hook Barrieren,,,,,,
Mount Semeru auf Java,,,,,,
Death-Valley-Strauch,,,,,,
laufen,,,,,,
Altenberg,,,,,,
Thalfang,,,,,,
Passauer,,,,,,
Thanksgiving-Schneestürme,,,,,,
Istanbuls,,,,,,
Vereinigten Königreichs von Schneestürmen,,,,,,
Süd-Zentral-Vietnams,,,,,,
Semeru Asche,,,,,,
Pusley,,,,,,
Nature,,,,,,
Krasheninnikova,,,,,,
Niederschlagswarnungen,,,,,,
West-Arnhem-Land,,,,,,
Troll-Halbinsel,,,,,,
Akureyri,,,,,,
Klimakatastrophen,,,,,,
Neuschnee-Nachschub,,,,,,
blaue Oldtimer-Bus Azul,,,,,,
Bezirk Gänserndorf,,,,,,
Glatt,,,,,,
Präsidentenpalast,,,,,,
Napier,,,,,,
Dunbeath,,,,,,
Caithness,,,,,,
Mearsheimer,,,,,,
Flüchtlinge,,,,,,
Artist Point,,,,,,
Lublin,,,,,,
Wassermanagern,,,,,,
Wasserbereich,,,,,,
Schulbus,,,,,,
Kusel,,,,,,
Kreis Kusel,,,,,,
Thallichtenberg,,,,,,
Thanes Happy Street,,,,,,
Zumba,,,,,,
Kinderaktivitäten,,,,,,
Rhein-Main-Ebene,,,,,,
Top-End-Küste,,,,,,
Endes,,,,,,
Quantico,,,,,,
Bürgerschaft,,,,,,
Mount-Rainier-Bericht,,,,,,
Cataraqui,,,,,,
Thanksgiving-Wettervorhersage,,,,,,
Tongariro-Nationalparks,,,,,,
Weihnachtsfilmen,,,,,,
Zistersdorf,,,,,,
Fjorden,,,,,,
Volkswagen,,,,,,
Holzverkauf,,,,,,
1992)02,,,,,,
Salzanbau,,,,,,
Golf von Van Diemen,,,,,,
Kelantan-Bezirken,,,,,,
BARU,,,,,,
Pasir Mas,,,,,,
Chefberater,,,,,,
Bezirk Minami,,,,,,
Wasserwirtschaftsfonds des Bundes,,,,,,
Wochenendwetter,,,,,,
"Erdbeben der Stärke 6,9 ​​im",,,,,,
p…,,,,,,
Pathivara-Tempels,,,,,,
Pathivara-Tempel,,,,,,
Distrikt Cilacap,,,,,,
Central ...,,,,,,
Aufsteigendes Magma,,,,,,
winterlich-kalt,,,,,,
Ashulia,,,,,,
Zagori,,,,,,
Filiates,,,,,,
Tzoumerka,,,,,,
Ep…,,,,,,
Ferieninsel Korfu,,,,,,
Erdbeben am Freitag,,,,,,
Minusbereich,,,,,,
Realitätscheck,,,,,,
Summers R.I.P,,,,,,
KI-Gehirnfäule,,,,,,
Tahoe Ski,,,,,,
Mr.,,,,,,
Kiskatinaw-Flusses,,,,,,
Los Angeles Auto Show,,,,,,
Tramuntana-Gebirge,,,,,,
Landes am Freitag,,,,,,
Seebliga-Bahn,,,,,,
Wochenendbetrieb,,,,,,
Semeru-Vulkan-Update,,,,,,
"Erdbeben der Stärke 5,7 mit Ursprung",,,,,,
DHAKA,,,,,,
"Erdbeben der Stärke 5,7 Bangladesch",,,,,,
Eisverhältnissen,,,,,,
Westasiens,,,,,,
Burgenlandes heuer,,,,,,
Thüringer Wald“,,,,,,
hohen Aufwand,,,,,,
November-Sommer,,,,,,
Edinburgh,,,,,,
Markneukirchen,,,,,,
lsn,,,,,,
Erdbeben am Donnerstag,,,,,,
Weltuntergangs“-Gletschers,,,,,,
Regen-Front,,,,,,
Black Canyon of the Gunnison,,,,,,
Oak Flat Trail,,,,,,
Uplands Trail,,,,,,
Tourismusverband Innsbruck,,,,,,
Quinte,,,,,,
BergenABC7 Los Angeles,,,,,,
Big Bear Mountain Resort,,,,,,
Erdbeben:,,,,,,
Scotch Creek Fire Hall,,,,,,
Shuswap-Region,,,,,,
Eiskratzen am Morgen,,,,,,
Thiruvarur,,,,,,
Beobachter,,,,,,
Landkreis,,,,,,
Thüringer Skigebieten,,,,,,
Indonesiens BNPB,,,,,,
Wirbelsturm-Skala,,,,,,
Weihnachtsmärkten,,,,,,
Robbenflucht,,,,,,
Grippeimpfstoff,,,,,,
Houthi,,,,,,
Trump-Interview,,,,,,
Weltraum-Podcast,,,,,,
Stadt Albufeira,,,,,,
Albufeira Camping Park,,,,,,
Verkehrsbeeinträchtigungen,,,,,,
Südwestliches Los Angeles County i…,,,,,,
Urlaubsort,,,,,,
Algarve-Sturm,,,,,,
Regenstürme bedrohen Los Angeles,,,,,,
Hollywood-Exodus,,,,,,
Streumittel,,,,,,
Urmia-See,,,,,,
Großdemo,,,,,,
Laois,,,,,,
Licht-Fallen,,,,,,
Nebelleuchten,,,,,,
BlackRock,,,,,,
Erfolgsdrama,,,,,,
Kan…,,,,,,
Traisental,,,,,,
Schneeflocken in Bayern,,,,,,
Kältewellenkriterien,,,,,,
Mount Tambora,,,,,,
Landkreis Wexford 18,,,,,,
La Palm,,,,,,
Langkawi,,,,,,
Hochwasser-Messanlage,,,,,,
State Farm,,,,,,
"Erdbeben der Stärke 4,2 in Oregon",,,,,,
Concord,,,,,,
Brandnarbengebiete,,,,,,
Merkmalen,,,,,,
Ernährungsdebatten,,,,,,
Hawke’s Bay,,,,,,
lichtenden US-Datennebel,,,,,,
US-Wirtschaftsdaten,,,,,,
Komet 3I/Atlas,,,,,,
Superzellenstürme,,,,,,
Inverness,,,,,,
Sutherland,,,,,,
Salzböden,,,,,,
WSM,,,,,,
Regen Gaza,,,,,,
Rekordsonnensturm,,,,,,
Babelsberg,,,,,,
Bezirk Kandhamal,,,,,,
Klimaprotest,,,,,,
Emamsadeh Saleh Moschee,,,,,,
Zentralstaat Patnaship,,,,,,
klimaresistente Brotfruchtprogramm,,,,,,
Ra…,,,,,,
Kaltwetteralarm,,,,,,
Gnaw,,,,,,
Virgin Media Park,,,,,,
Seidenstraße,,,,,,
Busunglück,,,,,,
La Palm Royal Beach Hotel,,,,,,
Nagapattinam,,,,,,
Issyk-Kul-Sees,,,,,,
Brazzano,,,,,,
Triest,,,,,,
Japan ausbrichtUSA Today Vulkanasche,,,,,,
Schwabenbergarena,,,,,,
Turnau,,,,,,
Banana“-Riser-Vorbau,,,,,,
Live-Blog,,,,,,
Veterans Day,,,,,,
Andengletscher,,,,,,
Mückenvektors Aedes aegypti,,,,,,
Winterhitzerekord,,,,,,
Nachschiebeliste,,,,,,
Gaza geotechnisch,,,,,,
Usain,,,,,,
Sherwood Content,,,,,,
Kennedy,,,,,,
Telekommunikationsunternehmen,,,,,,
Cybersicherheitsregeln,,,,,,
Salt Taifun-Angriffe,,,,,,
Manhattan Bridge,,,,,,
Templeton,,,,,,
North M…,,,,,,
Hunter,,,,,,
Rekorden,,,,,,
Uncompahgre-Plateau,,,,,,
Montrose County,,,,,,
Bay of Plenty Regional Council,,,,,,
Länderspieleinsatz,,,,,,
Lake Saint Louis,,,,,,
Fair Oaks A,,,,,,
Kirgisistans Issyk-Kul-See,,,,,,
Brüssel d…,,,,,,
Verlorene mittelalterliche Stadt,,,,,,
Wetterphänomens,,,,,,
Khanh-Le-Pass,,,,,,
Tawang,,,,,,
G Udaygiri,,,,,,
Bhubaneswar,,,,,,
Wunschliste,,,,,,
Krisengebeutelter Iran,,,,,,
Winterberg,,,,,,
Kastilien-La Mancha,,,,,,
Downtown Los Angeles,,,,,,
Ober-Gabelhorn-Gletscher,,,,,,
Kawama,,,,,,
Provinz Lualaba,,,,,,
Underside,,,,,,
Kammerjäger,,,,,,
Brazzano di Cormons,,,,,,
Friaul-Julisch Venetien,,,,,,
Jahrzehnten,,,,,,
Sloweniens,,,,,,
Dreck,,,,,,
Hitzeindex,,,,,,
Hessens Berge,,,,,,
Schmitten,,,,,,
Schuldenkrise,,,,,,
Urmia-Sees,,,,,,
Anzüge,,,,,,
Monmouthshire,,,,,,
Zentral-Madagaskar,,,,,,
Winterliches Deutschland,,,,,,
Basgiath War College,,,,,,
Herzen Hockey-Mama,,,,,,
Montagnacht,,,,,,
Marakwet Ost,,,,,,
Südtiroler Ortlergebirge,,,,,,
Inseloperationen,,,,,,
kenianischen Regierung,,,,,,
St. Elizabeth …,,,,,,
Grand-Slam-Traum,,,,,,
Trump-Treffen,,,,,,
Militärhauptquartier,,,,,,
Wagner-Flagge,,,,,,
Landkreis Elgeyo-Marakwet,,,,,,
Hetauda,,,,,,
Angus Glen Golf Club,,,,,,
Markham,,,,,,
Vietnams Küstenprovinzen,,,,,,
Feldlazarette,,,,,,
Kagbeni-Korala,,,,,,
Straße Kagbeni-Korala,,,,,,
Produktionsbetriebe,,,,,,
Lawinendrama,,,,,,
Kena,,,,,,
State Road 33,,,,,,
FDOT,,,,,,
Gemeinde St. Elizabeth,,,,,,
Roadmap,,,,,,
Hurricane Harbor,,,,,,
Bowie,,,,,,
Guterres-App,,,,,,
Banana Shire,,,,,,
Halloween-Wetter,,,,,,
Hunters Point …,,,,,,
Ortler-Alpen,,,,,,
müssenBBC,,,,,,
Trentino,,,,,,
Neb,,,,,,
J-Quelle,,,,,,
Montego Bay International Airport,,,,,,
Schmutz,,,,,,
Solan,,,,,,
Beni-Darbang-Straße,,,,,,
Bezirkshauptquartier Benibazaar,,,,,,
Phaparkhet,,,,,,
Chemikalien,,,,,,
Warwick,,,,,,
Southern Downs,,,,,,
Mein Land,,,,,,
Grillo-Ernte,,,,,,
Marsala,,,,,,
Lagunenreservat Stagnone,,,,,,
Sturm Catherine,,,,,,
Lim…,,,,,,
Atemprobleme,,,,,,
Old Farmer's Almanac,,,,,,
Cleveland County,,,,,,
Tansanias Führer,,,,,,
Unruhen erdrutschartig,,,,,,
Verwüstung,,,,,,
Schönheitsoperationen,,,,,,
Cenk,,,,,,
Uhrenauktionen,,,,,,
Bacs,,,,,,
Juan-de-Fuca-Platte auseinanderreißt,,,,,,
Niederschlag pa,,,,,,
Waffennarr,,,,,,
Vertainspitze,,,,,,
Santa Barbara Island,,,,,,
Jammu-Region,,,,,,
Alice Springs Bäume,,,,,,
Provinz Samangan,,,,,,
Erdbeben im Norden Afghanistans,,,,,,
südostasiatischen Land,,,,,,
Bray,,,,,,
Greystones,,,,,,
Polizeibeamte,,,,,,
Stadt Khulm,,,,,,
Helm,,,,,,
Ureinwohner,,,,,,
Notfall-Feldlazarett,,,,,,
Kindes,,,,,,
Balkh,,,,,,
Science-Fiction,,,,,,
Josee,,,,,,
ul><li,,,,,,
Snowtunnel,,,,,,
Eisbach,,,,,,
Englischen Garten,,,,,,
Datenanalyseunternehmens Verisk,,,,,,
Karibik…,,,,,,
Panbari,,,,,,
kohlenstoffarme schwarze Pellets,,,,,,
Kolumbusplatz,,,,,,
Turm Torre dei Conti,,,,,,
antarktischen Gletschers,,,,,,
Zweier-Gruppe,,,,,,
Rolwalingtal,,,,,,
Himalaya-Gipfel,,,,,,
NepalCNN,,,,,,
Stadt Masar-i-Scharif,,,,,,
ED-Sturm,,,,,,
Jean-Luc Godard-Klassikers,,,,,,
Erdbeben in Mazar-e Sharif,,,,,,
Rängen,,,,,,
Ortler-Massiv,,,,,,
Leopardenangriff,,,,,,
Dorf Pune,,,,,,
Mob,,,,,,
Elite-Gruppen-Duell,,,,,,
Schwammparks,,,,,,
Ghillies Green,,,,,,
Samsungs,,,,,,
Down Under,,,,,,
Marathonläufer,,,,,,
Brücken,,,,,,
Flussbetten,,,,,,
Nallahs,,,,,,
Freileitungen,,,,,,
Hurrikan-Toten,,,,,,
Erdbeben heimgesuchten Afghanistan,,,,,,
U-Boot Chabarowsk,,,,,,
Chabarowsk,,,,,,
Schnürchen,,,,,,
Erdbeben in der jüngeren,,,,,,
verarmten Landes,,,,,,
Verisk,,,,,,
Onshore-Immobilien,,,,,,
Commanding Turn at Disney Hall,,,,,,
Walt D…,,,,,,
Stadt Mazar-i-Sharif,,,,,,
Ichchakamana Rural Municipality-3,,,,,,
Bezirkspolizeiamts Chitwan,,,,,,
Palisades-Brand Platz,,,,,,
Pitaya,,,,,,
Dolakha,,,,,,
Marble,,,,,,
JPYC,,,,,,
Stablecoin-Regeln,,,,,,
"Erdbeben der Stärke 7,7 in Myanmar",,,,,,
Zentral-Myanmar,,,,,,
St. Elizabeth Parish,,,,,,
Skalenlücke,,,,,,
Labor- und Naturbeben,,,,,,
Einblicke,,,,,,
Flughafen Kingston,,,,,,
Jahrhundertsturm,,,,,,
Künstlern,,,,,,
Great Assam School Shakeout Program,,,,,,
Hurrikans knietief,,,,,,
Jordan Seniors,,,,,,
Bezirken Nordbengalen,,,,,,
Status-Gelb-Warnungen,,,,,,
Trenton,,,,,,
Washington Monthly,,,,,,
Cloud-Seeding-Experiment,,,,,,
Verschmutzungs-Hotspots,,,,,,
Unterwasser-Rechenzentrum,,,,,,
Gaza-Schrecken,,,,,,
UN-Hilfskoordinierungsbüro,,,,,,
Mitreden,,,,,,
Chemie-Chef,,,,,,
Chemieverbands,,,,,,
Parkipelago,,,,,,
New Yorker Küste,,,,,,
East Side Coastal,,,,,,
Santa Cruz i…,,,,,,
Elk Mountains,,,,,,
US-Embargo,,,,,,
Treasury Mountain,,,,,,
Prise,,,,,,
Konark Express,,,,,,
Bezirk Mahabubabad,,,,,,
Bahnhof Gundratimadugu,,,,,,
Poppichl,,,,,,
Suryakumar,,,,,,
Naturfotografie,,,,,,
Colfax,,,,,,
Saffir-Simpson-Hurrikan-Windskala,,,,,,
Nucor,,,,,,
New Hope,,,,,,
Helikopter,,,,,,
Kalt-Warm-Schwankungen,,,,,,
Untersilur,,,,,,
Kipppunkten,,,,,,
Nang,,,,,,
südostasiatische Staat,,,,,,
Rubenstein-Baumhauses,,,,,,
Rubenstein Treehouse,,,,,,
Mailänder San-Siro-Stadion,,,,,,
Berkshire Hathaway Travel Protection,,,,,,
Skylines II,,,,,,
Häfen-RUNE,,,,,,
Zugbrücken,,,,,,
Hubbrücken,,,,,,
Ausschussmitglieder,,,,,,
Golden Retriever Benji,,,,,,
Snowmass,,,,,,
Dienstprogramm,,,,,,
East River Parks,,,,,,
Diamond Head,,,,,,
Regenbögen,,,,,,
Uber,,,,,,
Straße Dharan-Dhankuta,,,,,,
Reisehinweis,,,,,,
Dharan-Dhankuta,,,,,,
Straße in Sangurigadhi Rura…,,,,,,
Landkreis Los Angeles,,,,,,
Bobojach,,,,,,
Iseltal,,,,,,
Nordbengalens,,,,,,
Riesen-Labubu,,,,,,
Chhath Puja-Fest,,,,,,
Petit-Goâve,,,,,,
Rolle Dehydrierung,,,,,,
Straße in Utah,,,,,,
Washington Heights,,,,,,
Straße von Jamaikas,,,,,,
Krankenhausabwasser,,,,,,
Doñana-Nationalpark,,,,,,
taphonomischen,,,,,,
Fe,,,,,,
Nimand,,,,,,
Sikorsky,,,,,,
Cascadia-Subduktionszone,,,,,,
San-Andreas-Verwerfung,,,,,,
Kiewer,,,,,,
Feuerwehrleute am Mittwochabend,,,,,,
Mühlenbrand,,,,,,
Gregory,,,,,,
KI-Innovationen,,,,,,
North Street,,,,,,
Vorj…,,,,,,
Waymo-Vorgänger,,,,,,
Kurs,,,,,,
Roshi,,,,,,
US-Hurrikanzentrum,,,,,,
Pilates,,,,,,
Landkreis Mecklenburgische Seenplatte,,,,,,
Carrington-Niveau,,,,,,
haben.weiterlesen,,,,,,
Jalan Teluk Bahang,,,,,,
North Cascades National Park,,,,,,
Valtonera,,,,,,
Amyntaio,,,,,,
Florina,,,,,,
Abenteuerspielplätze,,,,,,
McLane Stadium,,,,,,
Waco,,,,,,
Hurrikan-Verwüstungen,,,,,,
Halong,,,,,,
Yup'ik-Artefakten,,,,,,
Capricornia,,,,,,
Central Highlands,,,,,,
Bah…,,,,,,
Archäologische Stätte,,,,,,
Jamaikanern,,,,,,
M930/21,,,,,,
Bermuda-Inselgruppe,,,,,,
Higgins,,,,,,
Heizkurve,,,,,,
Super-Grizzlys,,,,,,
Bären-Safari,,,,,,
Steine ​​auf,,,,,,
Namobuddha-6,,,,,,
Waldbrandversuchen,,,,,,
Lawinenseminar,,,,,,
Archipel,,,,,,
Verkehrswende im Taunus,,,,,,
Derecho-Ereignis,,,,,,
Altersheim,,,,,,
Galen,,,,,,
Newsroom,,,,,,
Rekordverkäufen,,,,,,
Dinosaurierpullover,,,,,,
Miniaturpark,,,,,,
Nilpferdkalb,,,,,,
Süd-New Mexico,,,,,,
Great Smoky Mountains,,,,,,
Haywood County,,,,,,
NC,,,,,,
Drag-Shows,,,,,,
Hauptkonten,,,,,,
New Jersey…,,,,,,
Süd-Quebec,,,,,,
Bandra-Musikpavillon,,,,,,
karibischen Land,,,,,,
GP von Brasilien,,,,,,
Interlagos,,,,,,
Großen Preises von Sao Paulo,,,,,,
Nachspielzeit,,,,,,
Armeen,,,,,,
Arsenale,,,,,,
Prepper,,,,,,
Wildwood Road,,,,,,
Caribbean News Global,,,,,,
"Kreta
",,,,,,
bb,,,,,,
Prediction Center,,,,,,
Bahnchaos,,,,,,
IbizaHEUTE,,,,,,
All Assam Tribal Students‘ Union,,,,,,
Wochenenden,,,,,,
Land des Tees,,,,,,
Sylhet,,,,,,
Wahlblutbad,,,,,,
Treng,,,,,,
Zentral-Philippinen,,,,,,
Flussdiagramm,,,,,,
Kraftwerk Fukushima,,,,,,
Schlachtfeldern,,,,,,
Ödland,,,,,,
Provinz Gia Lai,,,,,,
Land ge…,,,,,,
Shoah-Namensmauer,,,,,,
Wiener Ostarrichipark,,,,,,
Übergangsmantel,,,,,,
Schal,,,,,,
Sonnenbrille,,,,,,
Basis Bay,,,,,,
Cyberjaya,,,,,,
Pengurusan Air Selangor Sdn Bhd,,,,,,
Ho ho ho,,,,,,
Bilster Berg,,,,,,
Teutoburger Waldes,,,,,,
Tower-Inferno,,,,,,
World Trade Center,,,,,,
Fünf Tote,,,,,,
Santa Rosalía,,,,,,
Erl,,,,,,
Landeck,,,,,,
Korkbasis,,,,,,
Taifun-Toten,,,,,,
Landgericht Hof,,,,,,
Carbon-Schwarz-Kunstleder,,,,,,
Rio Bonito do Iguana,,,,,,
Abkommens,,,,,,
Lac Léman,,,,,,
Carter-Lake-Staudamm,,,,,,
Camden,,,,,,
Big Freeze,,,,,,
britischen Schneesturms,,,,,,
Herzens,,,,,,
Ogier,,,,,,
katastrophengefährdete Land,,,,,,
Kanaren,,,,,,
Insel Luzon,,,,,,
Anselm-Kiefer-Bild,,,,,,
Kanzler-Büro,,,,,,
Yamada,,,,,,
Montrose-Straße,,,,,,
Heftiger Tornado,,,,,,
Erdbeben Tsunami-Warnung,,,,,,
"Erdbeben der Stärke 6,7 vor der Küste",,,,,,
Erdbeben der Stärke M6.7,,,,,,
Präfektur Iwate …,,,,,,
Staatsmitteln,,,,,,
Allrounder,,,,,,
Populus tremula,,,,,,
Erdbeben der Stärke M6.7 vor der Küste,,,,,,
Intaaya Ret,,,,,,
EINWOHNER,,,,,,
Bicol,,,,,,
Maschhad,,,,,,
Tornardo,,,,,,
Weiß-Silber-Metallic,,,,,,
Jragung-Staudamms,,,,,,
Bohnen,,,,,,
Semarang,,,,,,
Stadt Oshawa,,,,,,
Haus dieser Frau,,,,,,
Oshawa,,,,,,
Durham,,,,,,
Tranche 31,,,,,,
NABARD-Fonds,,,,,,
Jobs,,,,,,
Marakwet,,,,,,
Tsunami-Prognostikern,,,,,,
Snapdragon,,,,,,
Texas Dems,,,,,,
Prop 50,,,,,,
Überwachungsstationen,,,,,,
Grüngürteln,,,,,,
Clayton County,,,,,,
Matic-Roboterstaubsauger,,,,,,
Klima-Alarmisten-Establishment,,,,,,
Finanzbranche,,,,,,
Gaming-Smartphone-Markt,,,,,,
TransRockies Run 2025,,,,,,
Wirbelsturm am Freitagabend,,,,,,
Spielzeuge,,,,,,
Große Atlantische Sargassum-Gürtel,,,,,,
Großen Seen am Sonntag,,,,,,
Schuldenkonsolidierungsdarlehen,,,,,,
Zermatter Bergbahnen,,,,,,
Hochpreis-Image,,,,,,
Eicheln,,,,,,
Kinderpornografie,,,,,,
Fluthelfer,,,,,,
Großen Schmiedinger,,,,,,
Flughafen Haneda,,,,,,
Kallio,,,,,,
Blauen Moschee,,,,,,
St. Mary’s Bay,,,,,,
Placentia Bay,,,,,,
Schneetunnel,,,,,,
Land/der Kontinent,,,,,,
Skiindustrie,,,,,,
australischen Alpen,,,,,,
Erdbeben in Perak,,,,,,
Bietigheim-Bissingen,,,,,,
Zion,,,,,,
Appalachen von,,,,,,
US-Banken,,,,,,
Science-Fiction-Geschichten,,,,,,
Fäulnis,,,,,,
Äpfeln,,,,,,
Griechen,,,,,,
Hotspots,,,,,,
Zentrum von Minnesota,,,,,,
Lehrbüchern der Meteorologie,,,,,,
Magic,,,,,,
Hurrikans Ida,,,,,,
New York City Independent Budget Office,,,,,,
Flughafens von Louisville,,,,,,
Flughafen Muhammad Ali,,,,,,
Transkript-Ensembles,,,,,,
Taifun Tino,,,,,,
Abgeordnetenhaus von Virginia,,,,,,
New York State Report,,,,,,
Yogis,,,,,,
Terminal 3,,,,,,
Staat New York…,,,,,,
Flughafen Narita,,,,,,
Niedernsill,,,,,,
Pinz…,,,,,,
Ministerium,,,,,,
Neutrophilen,,,,,,
Urlaubsansturms,,,,,,
Mount Yalung,,,,,,
Kolosseums,,,,,,
Rolwaling-Gebirge,,,,,,
Erdbebenangst,,,,,,
G Madugula,,,,,,
Vizag-Erdbeben,,,,,,
Klimafaktenpapier,,,,,,
Sonne Lichtblicke,,,,,,
Turmeinsturz,,,,,,
Bezirk Vijayapura,,,,,,
Bhutnal Tanda,,,,,,
Frühgeburtsrisiko,,,,,,
Trophäen…,,,,,,
Lantang-Tal,,,,,,
Technologieimperien,,,,,,
Rolwaling-Tal,,,,,,
Kinokassen,,,,,,
NPR-Netzwerks,,,,,,
Insel Cebu,,,,,,
Tino,,,,,,
Str,,,,,,
Schnee-Garantie,,,,,,
Weihnachtsmarkt Schneeflocken,,,,,,
Bosporus,,,,,,
New York Unwetterereignisse,,,,,,
Indien Neuseeland,,,,,,
Ex-Soldat,,,,,,
Flughafen Louisville Muham,,,,,,
Raiding,,,,,,
Wheatbelt,,,,,,
Amt der Klassensprecherin,,,,,,
helfen.weiterlesen,,,,,,
Open-Access-Prominente,,,,,,
Wang et al.,,,,,,
Granma,,,,,,
Holguin,,,,,,
UN-Hilfshelfer,,,,,,
Flughafenstraße,,,,,,
Wolken-Nebel-Mix,,,,,,
Astoria,,,,,,
Wohngebiets Balakong,,,,,,
Jalbire,,,,,,
Straßenabschnitts Muglin–Narayangadh,,,,,,
Tabo,,,,,,
Winterflucht Gran Canaria,,,,,,
Mehr,,,,,,
zentralvietnamesische Küste,,,,,,
Omar,,,,,,
Ganderbal,,,,,,
Zentrum Kaschmirs,,,,,,
Prognosetrends,,,,,,
Wachstumsanalysebericht,,,,,,
Singhals,,,,,,
Talisay City,,,,,,
Girdwood,,,,,,
Florida City,,,,,,
Wachstum,,,,,,
Nordlichtern,,,,,,
bröckelnder,,,,,,
Donau-Nebel,,,,,,
Accrisure Bounce House Stadium,,,,,,
Alpen-Sonne,,,,,,
Klettern/Bergsteigen,,,,,,
Merch,,,,,,
Elphaba,,,,,,
Glinda,,,,,,
Oz,,,,,,
jamaikanischen Stadt,,,,,,
Siebenunddreißig Hunde,,,,,,
Carmarthenshire,,,,,,
Offshore-Windparks,,,,,,
Sturm Kurs,,,,,,
Viet…,,,,,,
Gartenliebhaber,,,,,,
Tsunami-Bereitschaft,,,,,,
St. Mary’s,,,,,,
Liedern,,,,,,
Reifen-Straßen-Kontaktdynamik,,,,,,
Echtzeit-Nährstoffaustausch,,,,,,
Stickstoff,,,,,,
Phosphor,,,,,,
Schattenparkens,,,,,,
Social-Media-Namen,,,,,,
Karolinen,,,,,,
Atommüll,,,,,,
Kiez,,,,,,
Lichtenrader Reviers,,,,,,
Sendai City,,,,,,
Teig,,,,,,
Brumadinh …,,,,,,
Alte Bauernregeln,,,,,,
Australien-Waldbrände,,,,,,
Ukhrul,,,,,,
Amphotericin B,,,,,,
Wahltag,,,,,,
Death Valley Nationalpark,,,,,,
Battle Abbey,,,,,,
Selkirk Mountains,,,,,,
Ehingen,,,,,,
Sucheinsatz,,,,,,
Nockbergen,,,,,,
Schilchernocks,,,,,,
High-Tech-Wettlauf,,,,,,
Iran-Demonstration,,,,,,
südasiatischen Landes,,,,,,
Stanley-Cup-Meisters,,,,,,
Tals Regenperioden,,,,,,
Lawinenresten,,,,,,
Güterkraftfahrzeugen,,,,,,
New Berkshire Hathaway,,,,,,
Korea,,,,,,
markierungsfreien,,,,,,
Ballarena,,,,,,
San Antonios,,,,,,
Boss Basin,,,,,,
Bluebirds,,,,,,
Galtür,,,,,,
Zams,,,,,,
Denizli,,,,,,
schwedischen Bergen,,,,,,
Schulbussen,,,,,,
Nebenstraßen,,,,,,
Ratnagiri,,,,,,
Schutt Haitis,,,,,,
Rennbeginn,,,,,,
Großen Preis von Australien,,,,,,
Mayfiel…,,,,,,
Rio Rancho 66,,,,,,
Ranoli,,,,,,
https://punchng.com/rapper-turned-politician-balendra-shah-set-for-landslide-nepal-election-win/,,,,,,
Baiyinkulun-Steppe,,,,,,
Ost-Oklahoma,,,,,,
gemeldetKTUL,,,,,,
Kansas City Tornado-Update,,,,,,
Plan D – Landtagswahl,,,,,,
Tazscapes,,,,,,
Bauernhaus-Charme,,,,,,
Kinshasa,,,,,,
Handys,,,,,,
Laptops,,,,,,
Masisi,,,,,,
US-Kernland,,,,,,
Ost-Texas,,,,,,
Wildcats,,,,,,
Merlin,,,,,,
Vallejo,,,,,,
Novato,,,,,,
Davis,,,,,,
Stark County,,,,,,
Innisfail,,,,,,
Broad Arrow,,,,,,
Sattelkupplung/Fahrgestell,,,,,,
Land Rover Range Rover Evoque SE Premium,,,,,,
Indus Silver,,,,,,
Whakaari-Pilot,,,,,,
Mada-Staudämmen,,,,,,
Albuquerque 45,,,,,,
Schubkarre,,,,,,
Krankenhaus-Schneerichtlinien,,,,,,
Angestelltenjobs,,,,,,
Nuuk,,,,,,
Airline-Aktien,,,,,,
H.,,,,,,
Vanos,,,,,,
J. K.,,,,,,
Wolff,,,,,,
N. H,,,,,,
West-Quebecs,,,,,,
Happening,,,,,,
​​Warum Nizza,,,,,,
Edgefield,,,,,,
Exoplaneten,,,,,,
Akita,,,,,,
Teri,,,,,,
gefrierenden Regensturms,,,,,,
Tennessee-Inspektor,,,,,,
Haus alt,,,,,,
Reno-Tahoe International Airport,,,,,,
Kernkraftwerk Point Lepreau,,,,,,
Stormpy,,,,,,
Belastungshitzschlag,,,,,,
EHS,,,,,,
Dickson-Fjord,,,,,,
Schwingungen,,,,,,
Viehsterben,,,,,,
Ernteschäden,,,,,,
Landkreis Illinois niederAP News Unwettervorhersage,,,,,,
Newton,,,,,,
Porter,,,,,,
Blitz-Show,,,,,,
Kostenerhöhungen,,,,,,
Marktexpansion,,,,,,
Death Valley National Park,,,,,,
Himalaya-Nation,,,,,,
X,,,,,,
Wüstenkörnern,,,,,,
Großraum Vancouver,,,,,,
Zugspitzgletscher,,,,,,
Baumscheiben,,,,,,
Winterschnee schmilzt,,,,,,
JDK 26,,,,,,
Saint Michel d'Aiguilhe,,,,,,
Le Puy-en-Velay,,,,,,
Orlando Theme Park,,,,,,
rachsüchtiger,,,,,,
Power and Water Corporation,,,,,,
Soldatenwesens,,,,,,
Vermillion,,,,,,
Böen Geschwindigkeiten,,,,,,
Tyrrhenische Meer,,,,,,
Westküste Italiens,,,,,,
Sturm Vögel,,,,,,
staub-nass,,,,,,
Beswick,,,,,,
Tindal,,,,,,
Vulkanpark,,,,,,
Schlaglöcher-Reparatur,,,,,,
Vulkanhangs,,,,,,
Hamburg/Kiel/Schwerin,,,,,,
Grünen-Ko-Chef,,,,,,
Afluria,,,,,,
Erdbeben im Golf von Neapel,,,,,,
Sabah-Bezirke,,,,,,
Bezirk Sikar,,,,,,
British Columbia hinwegfegt,,,,,,
Major County,,,,,,
Schamanin,,,,,,
somalischen Kultur,,,,,,
Winter-Mountainbiken,,,,,,
Santa Coloma de Farners …,,,,,,
Umsatztrends,,,,,,
Segmentierungsanalyse,,,,,,
Erdbeben am Ätna,,,,,,
Microservices,,,,,,
Wesselsbron-Virus,,,,,,
WSLV,,,,,,
Sindbis-Virus,,,,,,
SINV,,,,,,
den USA…,,,,,,
Landkrimi,,,,,,
Traufe,,,,,,
herausdenken,,,,,,
Bergen von Montana,,,,,,
Rideau-Kanal,,,,,,
NEU-DELHI/PATNA,,,,,,
Kīlauea-Caldera,,,,,,
anhäufte,,,,,,
Huron East,,,,,,
Direktnachrichten,,,,,,
Fitnessstudio Planet Fitness,,,,,,
Fitnesscenter,,,,,,
Stevens Pass Ski,,,,,,
Supervulkan-Spekulationen,,,,,,
Echinus-Geysir,,,,,,
Blankenburg,,,,,,
Holi,,,,,,
Bad Dürrenberg,,,,,,
Biwak,,,,,,
Marmara,,,,,,
Erdbeben erschüttert Schwarzwald,,,,,,
D.J.,,,,,,
Hochleistungs-Gaming-Hardware,,,,,,
Johnstown-Flut,,,,,,
Deadliest,,,,,,
With,,,,,,
Ving,,,,,,
Erdbeben im Februar,,,,,,
Pa…,,,,,,
Sanlitun,,,,,,
Holi in Rajasthan,,,,,,
Geräuschen,,,,,,
Gerüchen,,,,,,
Frühlingsfest Holi,,,,,,
Bautrupp,,,,,,
Mamdani-Administrator,,,,,,
Regenwald,,,,,,
Tillari-Projekts,,,,,,
Bostoner,,,,,,
Pfützen,,,,,,
Liveticker,,,,,,
Video-Streaming,,,,,,
Princeton,,,,,,
Metastasenaussaat,,,,,,
Reykjanes,,,,,,
Norris Geyser Basin,,,,,,
Aufeinandertreffens,,,,,,
Olympia-Pause,,,,,,
Bad Krozingen,,,,,,
Landkreis Breisgau-Hochschwarzwald,,,,,,
Pangong-Sees,,,,,,
Mordprozess,,,,,,
LA Wildfire,,,,,,
Safari Park,,,,,,
Kurven,,,,,,
Greenmount Terrace,,,,,,
T'ganu,,,,,,
St. Mary's Church,,,,,,
Woodbridge,,,,,,
Die Vereinigten Staaten,,,,,,
Haus in Los Angeles,,,,,,
Priyanka Chopra,,,,,,
SH,,,,,,
Grand-Teton-Nationalpark,,,,,,
Coushatta,,,,,,
Hallenbad,,,,,,
A49,,,,,,
US-Einzelhändlern,,,,,,
Cabanas,,,,,,
Highway 60,,,,,,
Leichenteile in Donau,,,,,,
Hawaii Volcanoes National Park,,,,,,
Storm-1877,,,,,,
Wüste,,,,,,
Lane County,,,,,,
Connor McDavid,,,,,,
Süßkartoffelauflauf,,,,,,
Brandopfern,,,,,,
29U,,,,,,
Santa Ana Geschwindigkeiten,,,,,,
Three Rives,,,,,,
Union City,,,,,,
Bahnhof Digha,,,,,,
Reben,,,,,,
Safari,,,,,,
Demokratischen Republik,,,,,,
Elephant Valley,,,,,,
Demokratischen Republik Kongo Congoafricanews.com,,,,,,
Kongo…,,,,,,
Neue Erdbeben erschüttern Sizilien,,,,,,
Mat-su,,,,,,
Barth,,,,,,
Swinemünde,,,,,,
Coltan-reiche Gebiet,,,,,,
Hawaii-Mann,,,,,,
Parkpersonal,,,,,,
Arjeplog,,,,,,
Neue-Klasse-Modells,,,,,,
Apartheid-Ära,,,,,,
Donautal,,,,,,
Isartal,,,,,,
Lechtal,,,,,,
Erdbeben in Shreveport,,,,,,
Filomena,,,,,,
Systemrisiko,,,,,,
Puducherry Re,,,,,,
Bow Wow,,,,,,
Bluejohn Canyon,,,,,,
Katastrophenbetrug,,,,,,
Fähigkeitsbaum,,,,,,
Kobold-Strampler,,,,,,
Peterborough,,,,,,
Qore Performance,,,,,,
Golf: PM,,,,,,
Schwarzen Lochs,,,,,,
Energiefragen,,,,,,
Pfui,,,,,,
Paralympics-Starter,,,,,,
Erdbeben in seiner Heimat Haiti,,,,,,
Pause“,,,,,,
Heizkörpern,,,,,,
Palm Beach County,,,,,,
Frankreichs Küste,,,,,,
Wintersturms Iona,,,,,,
Iona,,,,,,
Parlamentswahlen,,,,,,
Coachella-Tals,,,,,,
Augen-zu-Koalition,,,,,,
Wetterbedrohungen,,,,,,
Central Sierra Resort,,,,,,
Mächtiger Sturm,,,,,,
Bodenbewegungen,,,,,,
Große Megathrust-Erdbeben,,,,,,
Lawsonit-Blauschiefer-Fazies,,,,,,
Erdbeben im oberen Erdmantel,,,,,,
Seattle Art Museum,,,,,,
WestenYaho…,,,,,,
West Region,,,,,,
Stadt hereinbrechen,,,,,,
St. Patrick's Day-Parade,,,,,,
Jalori-Pass,,,,,,
Atal-Tunnels festsaßen,,,,,,
Wahlarena,,,,,,
Penguins,,,,,,
Kleinbustaxi,,,,,,
Budhpur,,,,,,
Wayan Koster,,,,,,
Laporta,,,,,,
Burg Devín,,,,,,
Benfica-Star,,,,,,
Pause,,,,,,
Division Road Office Bhaktapur,,,,,,
​​zu,,,,,,
Morgan,,,,,,
Logan,,,,,,
Sedgwick,,,,,,
Phillips,,,,,,
Yuma,,,,,,
Lincoln,,,,,,
Kit Carson,,,,,,
Crowley,,,,,,
Otero,,,,,,
Kiowa,,,,,,
Bent,,,,,,
Prowers,,,,,,
Baca Counties,,,,,,
SD County,,,,,,
Hirsches,,,,,,
Ugarit,,,,,,
Bandar Abbas,,,,,,
Odermatt,,,,,,
Courcheval,,,,,,
MN,,,,,,
Mützen,,,,,,
Jetboil,,,,,,
Maha,,,,,,
Landkreis Maui,,,,,,
Huskies,,,,,,
Big East Tournaments,,,,,,
Tampa Bay,,,,,,
(2),,,,,,
Tuin River,,,,,,
Zlatý Roh-Weinberge,,,,,,
Airbnb,,,,,,
Larimer,,,,,,
https://punchng.com/magnitude-5-8-earthquake-hits-off-cuba/,,,,,,
Golf von Sirte und der Straße von Sizilien,,,,,,
"Land
",,,,,,
Drohnen,,,,,,
Manali-Horror,,,,,,
Der Schneesturm,,,,,,
Sonntag …,,,,,,
Bad Neuenahr/Ahrweiler,,,,,,
Grenzmauer,,,,,,
Märzsturm,,,,,,
Kenias Turkana,,,,,,
Überschüssen,,,,,,
Morrill,,,,,,
Cottonwood,,,,,,
Anderson Bridge,,,,,,
Unternehmensbüchern,,,,,,
Indiens Ackerland,,,,,,
Baustart,,,,,,
Hope Valley,,,,,,
Mass,,,,,,
Montag-Dienstag-Sturm,,,,,,
Software-Patch,,,,,,
Salmonella-T6SS-Effektoren,,,,,,
Saccharomycotina-Hefen,,,,,,
Guantanamo,,,,,,
Guantánamo,,,,,,
Hov,,,,,,
Belmont Plateau,,,,,,
Nvidia,,,,,,
Hookless-Felgen,,,,,,
Atomwaffenarsenal,,,,,,
US-Politiker,,,,,,
Tod am Berg,,,,,,
Zentrum Australiens,,,,,,
Waschstraße,,,,,,
Kassel,,,,,,
spätwinterliche Explosion,,,,,,
Gegenden,,,,,,
British Columbia Schnee,,,,,,
Sinthan-Gipfel,,,,,,
Kashmirs Ki,,,,,,
Süd-Tennessee,,,,,,
Lebensbereiche,,,,,,
Großen Seen Teile Ontarios,,,,,,
Spätsaison Schnee,,,,,,
lahmFOX-Wetter,,,,,,
Kopfsteinpflaster,,,,,,
Fond du Lac County,,,,,,
Dodge Ridge,,,,,,
Bewohnbarkeit,,,,,,
Mackinac Island,,,,,,
35.0.1 Hotfix-Patch,,,,,,
Hitzeresistenz,,,,,,
Kananaskis-Wildfire-Charta,,,,,,
Shamet,,,,,,
Kennedy Center,,,,,,
Wasserspeicher,,,,,,
Michigans UP-Schneesturm,,,,,,
​​schlecht,,,,,,
Autokratien,,,,,,
Plötzen,,,,,,
Wissenschaftszentrums,,,,,,
Teheraner,,,,,,
Weld,,,,,,
Gesundheitshinweis,,,,,,
Jal-Jeevan-Mission,,,,,,
SLO Claridge House,,,,,,
Davies Street,,,,,,
Duvo-Sandsturm,,,,,,
Cricketspieler,,,,,,
Erdbeben – Tsunami,,,,,,
Katastrophenhilfezahlungen,,,,,,
Paris-Nizza,,,,,,
Rennens,,,,,,
Le Printemps de Bourges,,,,,,
Bourges,,,,,,
Chengdu-Ebene,,,,,,
Siyang Li,,,,,,
Wetterereignissen,,,,,,
C3,,,,,,
C2,,,,,,
Hitzerisiko-Umsetzungsplan,,,,,,
"Open-Access-Prominente

",,,,,,
Satteldachhaus,,,,,,
Mill Road,,,,,,
Fußball-Zwerg,,,,,,
Sporting,,,,,,
Acht neh…,,,,,,
Kaffeepflanzen,,,,,,
Kaffeepreisen,,,,,,
Pune Zoo,,,,,,
Unwetterdrama in Brasilien - Starkregen,,,,,,
Kaffee-Anbauland,,,,,,
Pactimo Alpine Thermal Tights,,,,,,
Provinz schneit,,,,,,
Gare Centrale,,,,,,
Claridge House,,,,,,
subvulkanischen Reservoirs,,,,,,
Spa-ähnlichen Rückzugsort,,,,,,
Ostwinden,,,,,,
Nordwest-IndianaFOX,,,,,,
Chicago Kankakee District,,,,,,
Krypto-Gericht,,,,,,
Krypto-Mixer,,,,,,
Erdbeben-Tsunami-Atomkrise,,,,,,
Boorowa,,,,,,
Hamburg-Berlin,,,,,,
ScienceDaily,,,,,,
Schwarze Säcke,,,,,,
Kilauea-Vulkans,,,,,,
MISSISSAUGA,,,,,,
Finals,,,,,,
Nord-Illinois,,,,,,
Dirty Van Art,,,,,,
Talebenen,,,,,,
Keran,,,,,,
Macchil,,,,,,
Kupwara,,,,,,
Gurez,,,,,,
Distrikt Bandipora,,,,,,
Sonamarg-Zojila-Achse,,,,,,
ziehenThe New York Times,,,,,,
Schnee am Wochenende,,,,,,
Boca Raton,,,,,,
Frisbie Group,,,,,,
Countynwitimes.com,,,,,,
Allegheny County,,,,,,
Katastrophenfällen,,,,,,
Stevens Pass Ski Resort,,,,,,
Brossard,,,,,,
Overwatch-Teams,,,,,,
Erdbeben in Haiti 2010,,,,,,
Jungvögeln,,,,,,
Zentraltürkei,,,,,,
Achterbahn,,,,,,
Vulkans hinunterfließen,,,,,,
Zakat-Hilfe,,,,,,
Ramadan-Programm,,,,,,
Erdrutschrisiko,,,,,,
Äquator,,,,,,
Northern Rivers-Region,,,,,,
Harzer Skigebiete,,,,,,
patagonische Wüste,,,,,,
Neuquén,,,,,,
Sibirien-Roadtrip,,,,,,
Magadan,,,,,,
Haus in Somerset,,,,,,
Ostküstenbewohner,,,,,,
Freitag Äste,,,,,,
Notschließungen,,,,,,
Lenz,,,,,,
Kimberly,,,,,,
sie/sie,,,,,,
Füllfederhaltern/Briefpapier,,,,,,
Schließungen,,,,,,
Heathers,,,,,,
Casting-Dramen,,,,,,
Studioeingriffen,,,,,,
Sonntag Tornados,,,,,,
Regenmänteln,,,,,,
Schutt zum Berg,,,,,,
Erdbeben 2010,,,,,,
Freitag Schnee,,,,,,
KI-Servern,,,,,,
Hockeyplatz,,,,,,
NT-Überschwemmungen,,,,,,
Kommunikationsbüros,,,,,,
Gamo-Zone,,,,,,
Canyonlands,,,,,,
amerikanischen Wüste,,,,,,
Evrytania,,,,,,
Gemeinde Argithea,,,,,,
Agrafa-Gebiet,,,,,,
Landkreis Hualien,,,,,,
Whoop,,,,,,
Neue Republik,,,,,,
Kampagnen-Jamborees,,,,,,
Zentral- und Süd-Alberta,,,,,,
Mittelamerika,,,,,,
London Heathrow,,,,,,
Balen,,,,,,
Provinz Tucumán,,,,,,
Sweetcrispy,,,,,,
Alpenseen,,,,,,
Märchenschlösser,,,,,,
Schwarzwaldpanoramen,,,,,,
Mikrowellen,,,,,,
Helidon,,,,,,
Lexus SC430,,,,,,
Saddle-Leder,,,,,,
Pass-Rush-Hilfe,,,,,,
Sunraysia,,,,,,
Murray Valley,,,,,,
Skagit Valley,,,,,,
Lestat de Lioncourt,,,,,,
Achämenidenreichs,,,,,,
Amazon-Cloud-Einrichtungen,,,,,,
Longs Pass Trails,,,,,,
Lungau s…,,,,,,
Disney Park,,,,,,
Basaren,,,,,,
Autobombenanschlägen,,,,,,
Sierra-Nevada-Lawine,,,,,,
Fidschi-Sonne,,,,,,
SCGC,,,,,,
Fahrverbot,,,,,,
National Zoo,,,,,,
Putatan,,,,,,
Coral Gables,,,,,,
Erdbeben vor der Küste von Sabah,,,,,,
Wüste durchnässen,,,,,,
Küste bei Flut,,,,,,
Vorwoche,,,,,,
Ben Vince,,,,,,
Siskiyou County,,,,,,
Straßendruide,,,,,,
US-Justizministerium,,,,,,
Graceland,,,,,,
US-Ostküste,,,,,,
Zwickenberg Landesstraße,,,,,,
L6,,,,,,
Oberdrauburg,,,,,,
Zwickenberg,,,,,,
Lake Nyos,,,,,,
Platz des Menschen in der Natur,,,,,,
Nordostwinds,,,,,,
Charlotte…,,,,,,
Navesink River,,,,,,
Großen Mühl,,,,,,
Eishockeyfans,,,,,,
Olympia-Turnier,,,,,,
Treasure Coast,,,,,,
Gladiatorenspiele,,,,,,
Kosi,,,,,,
Seemanchal,,,,,,
Kreis Mecklenburgische Seenplatte,,,,,,
Tux,,,,,,
See in Paznaun,,,,,,
Süd-Delaware,,,,,,
Schneesummen,,,,,,
Mär,,,,,,
Klimawandel-Migranten,,,,,,
Dongorim,,,,,,
Sonntag-Montag,,,,,,
Meyenburg,,,,,,
Stepenitz,,,,,,
Pegel Meyenburg,,,,,,
Flugzeugen,,,,,,
USCCBErster,,,,,,
Blizzard-Zeitvertreib,,,,,,
Disney-Figuren,,,,,,
Akpabio,,,,,,
Ocean City,,,,,,
Doppelscheiben-Schiebedach,,,,,,
Teile West-Queenslands,,,,,,
Reiseverbot,,,,,,
Nauiyu/Daly River,,,,,,
New Yorker Schneesturms,,,,,,
Reiseleiter-Chef,,,,,,
Disney Water Park,,,,,,
Walt Disney World wild,,,,,,
Arena di Verona,,,,,,
Ranna,,,,,,
Nor'easter,,,,,,
Hammering New York,,,,,,
Tizianrot-Metallic,,,,,,
Monster-Blizzard,,,,,,
Historischer Schneesturm,,,,,,
Kartellgewalt,,,,,,
Familien-Skiausflug,,,,,,
"Gehweg
 

",,,,,,
North Attleboro,,,,,,
Mathe-Rätsel,,,,,,
Rekordschnee,,,,,,
PGA-Awards-Zeremonie,,,,,,
Snowpocalypse,,,,,,
Campingplätze,,,,,,
Straßencamps,,,,,,
Graphen-Dämonenwellentransistor,,,,,,
Graphen,,,,,,
Sonntagabend,,,,,,
Provinz Karnali,,,,,,
Kanlaon-Ausbruch,,,,,,
Sangareddy,,,,,,
Telangan,,,,,,
rekordverdächtiger Schneesturm,,,,,,
Howrah,,,,,,
Nadia,,,,,,
48-Jahres-Marke,,,,,,
Nordost-Bombenzyklon,,,,,,
Kollam,,,,,,
Mobiltelefonen,,,,,,
Texas Tribune,,,,,,
Wohnkomplex,,,,,,
Deer Park,,,,,,
New Yorker Schneesturm,,,,,,
Morningside Park,,,,,,
Mittelatlantik,,,,,,
Gebiet Ski,,,,,,
Schneehügeln,,,,,,
Lawineneinsatz,,,,,,
Vogelsberg,,,,,,
Rhön,,,,,,
New Yorker Wetterdienst,,,,,,
King's Lynn Town,,,,,,
Narok West,,,,,,
Brandrisiko,,,,,,
Verbrennungsverbote,,,,,,
St. Pauli am Sonntag,,,,,,
Boulder Lodge-Gebiet,,,,,,
Laderaum,,,,,,
Kaffee,,,,,,
Vereinigten Staaten von Amerika,,,,,,
Central Mass,,,,,,
Gesamtschneemenge,,,,,,
New Yorker Times Square,,,,,,
Küste von Sabah,,,,,,
Sturm Betty,,,,,,
Far Rockaway,,,,,,
Rockaway,,,,,,
Mount Maunganui Lifeguard Clubhauses,,,,,,
Autopsien,,,,,,
Schneemänner,,,,,,
Mauis,,,,,,
Hasel,,,,,,
Misery Map,,,,,,
College-Student,,,,,,
NWS-Berichten,,,,,,
Nr.,,,,,,
L198,,,,,,
Lawinenwarndienst Salzburg,,,,,,
Wiener Außenring Autobahn,,,,,,
Black Diamond Trail,,,,,,
Best-,,,,,,
Anschen,,,,,,
Kylemore Bridge,,,,,,
County Galway,,,,,,
Freitagfrüh,,,,,,
Flughafen Wien-Schwechat,,,,,,
Früh,,,,,,
Zentral-Ost-Victoria,,,,,,
Schneechaos in Wien,,,,,,
Sesamstraße,,,,,,
Whirlpool,,,,,,
Mayo,,,,,,
Bergthriller,,,,,,
Bahn stockt,,,,,,
Berlin-Hamburg,,,,,,
Potomac-Abwasser,,,,,,
District of Columbia,,,,,,
Umweltschäden,,,,,,
Winter-Knall,,,,,,
Embarks,,,,,,
Philippinen Erdrutsche,,,,,,
hindurchgleitet,,,,,,
Toter bei Räumungseinsatz,,,,,,
schneeglatten,,,,,,
Skigebiets Brighton,,,,,,
US-Frauen,,,,,,
Schließfachinhalts,,,,,,
Torraum,,,,,,
New Tahoe-Skitod,,,,,,
Schöpfwerke,,,,,,
Sohn,,,,,,
Lawinensuche in Kalifornien,,,,,,
Las Vegas Valley,,,,,,
Panhandles,,,,,,
Ranger Road,,,,,,
Metern Höhe,,,,,,
Jetstream-Luftströmungen,,,,,,
Boiorix,,,,,,
Stadt Los Angeles,,,,,,
College-Freunden,,,,,,
Trek,,,,,,
Ars Technica Rain Annihilation,,,,,,
Housing-Funktion,,,,,,
Midnight,,,,,,
Sierra Nevada schief,,,,,,
Chinesin,,,,,,
Hurrikan-Karte,,,,,,
Gameplay,,,,,,
Rostgürtel,,,,,,
Waipā,,,,,,
Ōtorohanga,,,,,,
Santa…,,,,,,
Kontinentalbögen,,,,,,
Rettung von Skifahrern,,,,,,
Siouxland-Farmgebäude,,,,,,
Salt Lake County,,,,,,
Sierra Mountains,,,,,,
Gandaki…,,,,,,
Granite Peak Resort,,,,,,
UW-Oshkosh,,,,,,
KINABALU,,,,,,
Stanford,,,,,,
Sabahs,,,,,,
Buckingham,,,,,,
Gu,,,,,,
Schneesturm NYC,,,,,,
Bratislava,,,,,,
burgenländische Grenze,,,,,,
Erdbeben in der Grenzregion,,,,,,
Preuß,,,,,,
Cal/OSHA,,,,,,
Landkreis Rostock,,,,,,
Straße nach Lech-Zürs,,,,,,
Bergen von North Carolina,,,,,,
Herzliya,,,,,,
Rarotonga,,,,,,
Cookinseln,,,,,,
Bergführerunternehmens,,,,,,
Waldbrandansprüche,,,,,,
Serotonin,,,,,,
Mirandas,,,,,,
Regierungsamt des Landes Tirol,,,,,,
arktischen Insel,,,,,,
Polararchipel,,,,,,
US-26,,,,,,
Unbeschreiblich am Boden,,,,,,
US-Nordkalifornien,,,,,,
Bhotkhola,,,,,,
Blackrock,,,,,,
Durchbrüchen,,,,,,
Zürs,,,,,,
Lawinensprengungen am Sonntag,,,,,,
Park City,,,,,,
Erdbeben in Buckingham,,,,,,
Patraguda,,,,,,
Klinik Innsbruck,,,,,,
Moselpegel Trier,,,,,,
Ebella,,,,,,
Risiko für Waldbrände,,,,,,
Infrastrukturschäden,,,,,,
Caenorhabditis elegans,,,,,,
Hitzehormese,,,,,,
Umweltrisiken,,,,,,
Rettung von Menschenleben,,,,,,
Lawinengang,,,,,,
Frostperiode,,,,,,
Zentral-Jersey,,,,,,
Möbel,,,,,,
Konstellation,,,,,,
US-Stützpunkten,,,,,,
Tiroler Lechtal,,,,,,
Zentrum des Bullshit-Tornados,,,,,,
Westfrankreich,,,,,,
Frühlingsfest-Gala,,,,,,
Gippsland,,,,,,
Gaffneys Creek,,,,,,
Rendl-Bahn,,,,,,
Squamish RCMP,,,,,,
Karnischen,,,,,,
Gailtaler Alpen,,,,,,
Pirna,,,,,,
Organschäden,,,,,,
Niederösterreichs Bergen,,,,,,
Summe,,,,,,
WFP-Briefing,,,,,,
Genfer Palais,,,,,,
e Vitara,,,,,,
Nanta,,,,,,
Landkreis Yilan,,,,,,
Cloud Seeding,,,,,,
Dietenbach,,,,,,
Bundesverwaltungsgericht,,,,,,
Tourismusverbänden,,,,,,
Pfarrwerfen,,,,,,
Kriegsprämien,,,,,,
US-Lagerbestände,,,,,,
Mädchen-Satz,,,,,,
Big Cypress National Preserve,,,,,,
O House,,,,,,
US-Nordwestküste,,,,,,
Frühherbst,,,,,,
aussahDer New York Times Blizzard,,,,,,
Harandar,,,,,,
Niederösterreich-Wien,,,,,,
Erdbeben zerstörte Antakya,,,,,,
New Bedford,,,,,,
SAN RAMON,,,,,,
KRON,,,,,,
Frieze-Kraftwerks,,,,,,
Lismore,,,,,,
Nakiska-Gebiet von Lawine,,,,,,
hügeligen,,,,,,
Mamdanis New York City,,,,,,
Dolby d…,,,,,,
Waldbrandemissionen,,,,,,
Baiyinkulun Steppe & Volcano Tourism Resort,,,,,,
Rekord,,,,,,
Flinders Medical Center,,,,,,
Borealregion,,,,,,
Magh-Woche,,,,,,
Dietenbach Hochwasserdämme,,,,,,
Dämme,,,,,,
Ski-Drama,,,,,,
Stadt Freiburg,,,,,,
Columbia River,,,,,,
Snake River,,,,,,
Lachsen,,,,,,
Railgun,,,,,,
Steamy Masterpiece Romance Show,,,,,,
Helden-Shooter,,,,,,
Antisemitismus-Eklat,,,,,,
Golden Gate Canyon,,,,,,
Bauernstadt,,,,,,
Februars,,,,,,
Gnowangerup,,,,,,
SPC-Querlenkern,,,,,,
Erdhalbkugeln,,,,,,
Modellen,,,,,,
Atemberaubendes Herrenhaus in,,,,,,
Redwood,,,,,,
nordkalifornischen Stadt,,,,,,
Rettungsdienste Südaustraliens,,,,,,
Terai-Region Nebel,,,,,,
Sankhuwasabha-Taplejung,,,,,,
Topke Gola,,,,,,
Sankhuw,,,,,,
"Erdbeben der Stärke 4,7 […]
",,,,,,
Kimbo,,,,,,
Ostnepal,,,,,,
Chesapeake Bay im Eis,,,,,,
Hochwasserwarnungen,,,,,,
Lake Mendota,,,,,,
Absatzvolumens,,,,,,
Namkha Rural Mu…,,,,,,
Aich,,,,,,
Glatteis-Chaos,,,,,,
Pulau Pinang,,,,,,
Kootenay-Passes,,,,,,
GIFs,,,,,,
Basketball-Playoff-Teilnehmer,,,,,,
Vulkaninseln,,,,,,
ECMWF-,,,,,,
Nye County,,,,,,
Kippenheim/Freiburg,,,,,,
Kulissen,,,,,,
Sonnenmomente,,,,,,
Erdbeben in San Ramon,,,,,,
Störche,,,,,,
Bezirk Oberwart,,,,,,
Erdbeben auf Borneo,,,,,,
Spa-Erlebnis,,,,,,
Expeditionen,,,,,,
Deadbeat,,,,,,
weiter!08,,,,,,
Silikatgestein,,,,,,
Minenabfällen,,,,,,
Adams,,,,,,
Lebanon,,,,,,
Darmkrebsdiagnosen,,,,,,
Lautsprechern,,,,,,
Büchern,,,,,,
Porsche-Silberton,,,,,,
Ionenimpulsmessungen,,,,,,
Quilt Shanty,,,,,,
Lake Harriet,,,,,,
Kreis Siskiyou,,,,,,
Kootenay Pass,,,,,,
suspendiertem,,,,,,
Eva-Video,,,,,,
Newark sinken,,,,,,
Kraftwerks Fukushima,,,,,,
Kernkraftwerks Fukushima Daiichi,,,,,,
Autohersteller,,,,,,
Himalaya-Gebieten,,,,,,
Winterwetter für Baustellen,,,,,,
La Castellana-Grundstück,,,,,,
Kanlaon-Opfer,,,,,,
Kanlaon-Vulkans,,,,,,
W Penta Beauty Handdampfreiniger,,,,,,
Malariarisiko,,,,,,
Flachgaues,,,,,,
Henndorf,,,,,,
Wallersee,,,,,,
Windschartenkopf,,,,,,
Hagengebirges,,,,,,
Königssee,,,,,,
Neusiedler Sees,,,,,,
Wahlpersonal,,,,,,
Wahlmaterialien,,,,,,
Bezirk Humla,,,,,,
Makars,,,,,,
Notschöpfen,,,,,,
Iran-Schlag,,,,,,
Kandahar-Strecke,,,,,,
Niigata,,,,,,
Schönau am Königssee,,,,,,
Rockies,,,,,,
große Theater,,,,,,
Schwelender Torf,,,,,,
Streusalzverbot,,,,,,
Camp Mystic-Katastrophenhilfe,,,,,,
Cloud-Seeding-Programme,,,,,,
Stadt Tapachula,,,,,,
Snow Hurricane“-Energie-Realitätscheck,,,,,,
NetZero-Versprechen,,,,,,
BADUNG,,,,,,
Sonnenstürme Erdbeben,,,,,,
Softwareaktien,,,,,,
Münchner Airport,,,,,,
Riverfield-Anwesen,,,,,,
Aughrim,,,,,,
Shaanika,,,,,,
US-Kriegen,,,,,,
Dart-Linie,,,,,,
Rust Belt,,,,,,
Fort Greene Park,,,,,,
Snake Creek,,,,,,
Islington,,,,,,
Gebiet Tahoe,,,,,,
Zentrum der Tragödie,,,,,,
Upper Murray,,,,,,
Bundesstaat New York,,,,,,
Dreier-Debatte,,,,,,
Lawson,,,,,,
Notsituationen,,,,,,
Junggesellenabschiedspartei,,,,,,
London Fashion Week,,,,,,
Burberry-Herbstmodenschau,,,,,,
Elektrolytdesign,,,,,,
Schaltverhältnissen,,,,,,
Origami-Thermoschalter,,,,,,
La Carlota,,,,,,
Apfelplantagen,,,,,,
Snow Institute,,,,,,
Monroe,,,,,,
Smartphone,,,,,,
Schmittenhöhe,,,,,,
Zell am See,,,,,,
Katastrophenschutzbehörde von Bali,,,,,,
Überschwemmungssirenen,,,,,,
Nordostens des Landes,,,,,,
Ausbrüchen,,,,,,
Vulkanen…,,,,,,
kühlen,,,,,,
Riesiger Schneesturm,,,,,,
lahmgelegten Region,,,,,,
Insel Saba,,,,,,
Müllberge,,,,,,
Verflüssigungsgefahr,,,,,,
Schwemmlandbodens,,,,,,
Gangesgürtels,,,,,,
Jonglei,,,,,,
Hellmuth Nordwig,,,,,,
Pax Romana,,,,,,
Instagram-Reels,,,,,,
Rhein-Lahn-Kreis,,,,,,
Straße in Nassau“,,,,,,
Ausgangssperre des Münchner Flughafens,,,,,,
Oberläufen von Bode und Ilse,,,,,,
Kapfenberg,,,,,,
Thörl,,,,,,
Salt Typhoon-Stil,,,,,,
Sachsen-Anhalts Landkreise,,,,,,
Haussystemen,,,,,,
Lawinenwissen,,,,,,
Bago,,,,,,
Hurst Lightning,,,,,,
Science-Fiction-Soldaten,,,,,,
Grundstückseigentümer,,,,,,
Kirchberg,,,,,,
Geschmolzener Schnee,,,,,,
Landkreis Heilbronn,,,,,,
Attleboro-Gebiet,,,,,,
Naturschutz-Auflagen,,,,,,
Hauskatze,,,,,,
Smart-Brillen,,,,,,
Bundt,,,,,,
Myanmar am Mittwochabend,,,,,,
Assam Erschütterungen,,,,,,
D-Backs,,,,,,
Internierungslagers,,,,,,
Big Cypress National Park,,,,,,
Wolcott,,,,,,
Schneefalls,,,,,,
Dravet-Syndrom,,,,,,
US-Olympioniken,,,,,,
Überraschungen,,,,,,
he-aac,,,,,,
LR Mair,,,,,,
College-Algebra,,,,,,
Steam-Hardware-Umfragen,,,,,,
Cannabis-Plantage,,,,,,
Zentrums der Milchstraße,,,,,,
Eigenheimen,,,,,,
Puchberg am Schneeberg,,,,,,
Bergen von Colorado,,,,,,
Park Slope-Kalkstein,,,,,,
Zweifamilienhaus,,,,,,
Oberkrain,,,,,,
Work-Life-Balance,,,,,,
gewaltigen Schneesturm,,,,,,
Ben Lamm,,,,,,
Joffre Peak,,,,,,
Reset-Knopf,,,,,,
Nr. 4 Cyclones Utah,,,,,,
Huntsman Center,,,,,,
St. Elias Mountains,,,,,,
Mittwochmittag,,,,,,
Mahlzeiten,,,,,,
BVG-Streik,,,,,,
Satellitenradar,,,,,,
Verwerfungslinie,,,,,,
Santa Monica Mountains,,,,,,
Sook,,,,,,
Membakut,,,,,,
Schimmel,,,,,,
Hochwasserschutzes im Oberpinzgau,,,,,,
Schuhen,,,,,,
Teppichen,,,,,,
Pol,,,,,,
Sichtungen,,,,,,
Glückwunsch-Geschenkkataloge,,,,,,
Rekordjagd,,,,,,
Kenmount Terrace,,,,,,
Southlands,,,,,,
Airport Heights,,,,,,
Kap,,,,,,
Holzsteg,,,,,,
Naturpark Ses Salines,,,,,,
St. Johann-Alpendorf,,,,,,
Landesfeuerwehrverband,,,,,,
Ohios,,,,,,
Ingrid,,,,,,
Tornado-Pleite,,,,,,
El Niño-Prognose,,,,,,
Greater Accra,,,,,,
Westafrikas,,,,,,
Kremmen/Potsdam,,,,,,
Kim-Staat,,,,,,
hinwegziehen,,,,,,
Erdklimas,,,,,,
Kreis Vâlcea,,,,,,
Kreis Brașov,,,,,,
Monalisas,,,,,,
Hurrikanvorsorge,,,,,,
Klimaalianzen,,,,,,
KI-Cyber-Sturm,,,,,,
Blizzard-Helden-Shooters,,,,,,
Union-Gletscher,,,,,,
Meerestemperaturen Rekordhöhen,,,,,,
Edelgasmessungen,,,,,,
Haus Santa María del Oro,,,,,,
Santa María del Oro,,,,,,
Nayarit,,,,,,
Texas R…,,,,,,
Mamdanis,,,,,,
Vorwahlen,,,,,,
Wochenend-Sturmcocktail,,,,,,
Nigerianern,,,,,,
Nanded,,,,,,
Parbhani,,,,,,
Rettungskapsel,,,,,,
Kombipack,,,,,,
Eschenheimer Tor,,,,,,
Inkl,,,,,,
Großraum Accra,,,,,,
Landalbedo,,,,,,
Großen Drei,,,,,,
OpenAIs,,,,,,
Rutschenopfern,,,,,,
Diamondbacks,,,,,,
Mets,,,,,,
Elementarschäden,,,,,,
Chinesische Mauer,,,,,,
Maumere,,,,,,
Ost-Nusa Tenggara,,,,,,
Krebsvorsorge,,,,,,
Kanarische Inseln,,,,,,
Nachtfröste,,,,,,
Overwatch-Heldin,,,,,,
Manitoba schmilzt,,,,,,
Corriebeg-Hauses,,,,,,
Netzausfälle,,,,,,
Erdbeben auf der ganzen Welt,,,,,,
Alltagssprache,,,,,,
Kaiserpinguine,,,,,,
Hagens,,,,,,
Presidents,,,,,,
Grünland,,,,,,
Ungewöhnlicher Regen und Hagelstürme,,,,,,
Central Pool-Bestände,,,,,,
Cen,,,,,,
Kernkraftwerken,,,,,,
Kikai,,,,,,
Cross River State,,,,,,
Nicht-Staatsbürgern,,,,,,
Wählern,,,,,,
US-Staatsbürger,,,,,,
Drei-Punkte-Lawine,,,,,,
Golden Knights,,,,,,
New Jersey Chick-fil-A.,,,,,,
Kourtimale,,,,,,
Auftretens,,,,,,
Pflanzen,,,,,,
Artensterben,,,,,,
Tump,,,,,,
Gast-Blogbeitrag,,,,,,
Cox,,,,,,
TE Caiden Snow,,,,,,
Yellowstone-Nationalparks,,,,,,
Cloud-Rechenzentren,,,,,,
Pfauenblau,,,,,,
Sierra Nevada schmilzt,,,,,,
Merced River,,,,,,
Cincinnati-Transfer Moustapha,,,,,,
Ranken,,,,,,
Webb,,,,,,
Cheboygan-Staudamms,,,,,,
Old Trafford,,,,,,
Kinoveröffentlichungen,,,,,,
Action-Thrillern,,,,,,
R…,,,,,,
zuAP News Super-Taifun Sinlaku,,,,,,
Fam,,,,,,
Bauchraum,,,,,,
Industrieverband,,,,,,
US-Hotel,,,,,,
Tropensturm Sinlaku,,,,,,
Provinz Riau-Inseln,,,,,,
Tiefe Böden,,,,,,
Sandpoint Organic Agriculture Center,,,,,,
Dschibutis,,,,,,
Große Grüne Mauer,,,,,,
Zitadelle Laferrière,,,,,,
Bednar,,,,,,
Norddepartement Haitis,,,,,,
Vaianu,,,,,,
Skitour,,,,,,
St. Sigmund,,,,,,
Sellrain,,,,,,
Zuhörern,,,,,,
Indus-Tal,,,,,,
Sputnik zum Stromausfall,,,,,,
Öko-Luxus-Tiny-Haus,,,,,,
Cheboygan,,,,,,
Laferrière,,,,,,
Speicherteiche,,,,,,
Vielspeichen-Design,,,,,,
Cedar House,,,,,,
Wüstenhitze,,,,,,
Orbán-Ära,,,,,,
https://punchng.com/flood-displaces-lagos-schoolchildren-as-building-project-blocks-canal/,,,,,,
San Francisco Chronicle Heftiges tropisches System,,,,,,
Einzelereignissen,,,,,,
Gartenkresse,,,,,,
Grünkohl,,,,,,
B2,,,,,,
Herzklopfen,,,,,,
Ergebnisses,,,,,,
Co,,,,,,
Linie aufrechterhielten,,,,,,
Langtang,,,,,,
Orban,,,,,,
Orbán,,,,,,
Mount Maunganui Lifeguard Service,,,,,,
Hockey Ops,,,,,,
Aspergillus fumigatus,,,,,,
Kaspischen Meer,,,,,,
pydreo-client,,,,,,
Dagestan,,,,,,
Stadt Trail,,,,,,
Erdbeben erschüttert Disneyland,,,,,,
Tokyo Disneyland,,,,,,
Prävention,,,,,,
Samsungs Galaxy Fold 8 Wide,,,,,,
Big-Mountain-Träumen,,,,,,
Snowboardens,,,,,,
Meteorologe,,,,,,
Obama Center,,,,,,
Obama Presidential Center,,,,,,
Managergehälter,,,,,,
Doubao,,,,,,
2.0-API,,,,,,
Seilbahnholding,,,,,,
Cheerleader-Team von Lahaina,,,,,,
Loggins,,,,,,
Messina,,,,,,
europa,,,,,,
Erdbeben betroffene Gemeinde,,,,,,
Erdbeben betroffenen Gemeinden,,,,,,
Minahasa,,,,,,
europäischen Lawinenwarndienste,,,,,,
Champions-League-Viertelfinale,,,,,,
Umweltkreisen,,,,,,
Schnee-Abbruch,,,,,,
Gipfel-Ausflug,,,,,,
"…
T…",,,,,,
Neutrophile,,,,,,
Nordkaukasus,,,,,,
Overwatch Anran,,,,,,
Teilrepublik Dagestan,,,,,,
Zielgeraden,,,,,,
Dattatray Bharne,,,,,,
YouTube-Kanal,,,,,,
"Minister für Landwirtschaft, Land",,,,,,
Sterzing,,,,,,
Zillertaler Alpen,,,,,,
Erdbeben in Nord-Maluku,,,,,,
Berg-Drama,,,,,,
Shishapangma,,,,,,
Fifth Avenue,,,,,,
St. Patrick’s Cathedral,,,,,,
Kapitän,,,,,,
Meteorologen TC Maila,,,,,,
Oracle Park,,,,,,
Nationalpark Donau-Auen,,,,,,
Orth an der Donau,,,,,,
US-Wohnkosten,,,,,,
Berufungskläger,,,,,,
Erdbeben im Mittelmeer,,,,,,
Krisenlagen,,,,,,
Krisen-Vorsorge,,,,,,
Wetter-Regen-Vorhersage,,,,,,
Phänomens,,,,,,
Nord-Hwanghae,,,,,,
Weizenstroh,,,,,,
Kulturhauptstadt Italiens,,,,,,
Abruzzen,,,,,,
Soekarno-Hatta,,,,,,
Sturmes,,,,,,
Sukayu Onsen,,,,,,
Atemwege,,,,,,
Terminators,,,,,,
Blandford,,,,,,
Sydling St Nicholas,,,,,,
Dorchester,,,,,,
Met,,,,,,
Minor-League-Aktion,,,,,,
Dekorationsideen,,,,,,
Muktikshetra,,,,,,
Landkreis starken Schneefall,,,,,,
Suchtrends,,,,,,
Kickstarter-Kampagnen,,,,,,
Smeg,,,,,,
Notfall-Folgeaufträge,,,,,,
Notfall-Folgebefehle,,,,,,
Landtag von Sachsen-Anhalt,,,,,,
Marsvulkanen,,,,,,
Lomentospora,,,,,,
Scedosporium,,,,,,
XXL-Riss,,,,,,
Jogginghose,,,,,,
St. Paul,,,,,,
Ergodyne,,,,,,
MetService,,,,,,
Bad Hofgastein,,,,,,
Küstenüberschwemmungsrisiko,,,,,,
Blitz-Doppelschlag,,,,,,
Far North Queensland,,,,,,
Sunland-Tujunga,,,,,,
steiles Canyon-Gelände,,,,,,
CNN First Alert Forecast,,,,,,
Merkuroberfläche,,,,,,
Winterborne Stickland,,,,,,
Weymouth,,,,,,
Windrisiko,,,,,,
Drop-in-Veranstaltungen,,,,,,
Government Accountability Office,,,,,,
Sui-Futures,,,,,,
Krypto-Derivaten,,,,,,
Stadt am Meer,,,,,,
HS-Parkplatz,,,,,,
Laufen,,,,,,
russischen Staat,,,,,,
Bootsbesitzer,,,,,,
Hard,,,,,,
Demoszene</li><li,,,,,,
Dokumentation</li></ul,,,,,,
Wadin Bay,,,,,,
kältebeständiger Elektrolyt,,,,,,
Erdbeben im letzten Jahr,,,,,,
Hilfsmitteln,,,,,,
Doñana,,,,,,
North Carolinas,,,,,,
Vorrang,,,,,,
Granit-Wassereinzugsgebiet,,,,,,
Heimatschutzminister,,,,,,
Flughafens Pemberton,,,,,,
Pemberton Regional Airport,,,,,,
Mount Currie,,,,,,
UP-Wetter-Update,,,,,,
Ghazia,,,,,,
Kommagene-Königreichs,,,,,,
Rotterdam,,,,,,
Rammpfähle,,,,,,
Dorset Council,,,,,,
Idahos,,,,,,
Zylinder…,,,,,,
Meereslebewesen,,,,,,
Beni-Jomsom-Korala-Straße,,,,,,
Grundy,,,,,,
Kendall,,,,,,
Stanley</li,,,,,,
heiß</li,,,,,,
Omachi,,,,,,
Naganos,,,,,,
Copy-on-Write,,,,,,
Barnim,,,,,,
Heavy-Metal-Magazine,,,,,,
Hollylands,,,,,,
Erdbeben von 1906,,,,,,
hatFOX,,,,,,
LNG-Exportterminal,,,,,,
Große Seen,,,,,,
Wasser-,,,,,,
Lebensmittelpreisen,,,,,,
Wüste Westamerikas,,,,,,
Samurai,,,,,,
Shinobi,,,,,,
Kronenwetter,,,,,,
Ringle,,,,,,
Frida,,,,,,
Naturdrama,,,,,,
Gewaltiger Erdrutsch,,,,,,
Erdmassen,,,,,,
Coatlicue,,,,,,
Natimuk,,,,,,
Rekordbeben,,,,,,
Central Tablelands,,,,,,
Kali-Gandaki-Korridor,,,,,,
Raghuganga,,,,,,
Blair,,,,,,
Bezirk 2,,,,,,
Staubpartikel,,,,,,
Stadt Venedig,,,,,,
Disney World Resort-Vorteil,,,,,,
Check-in-Tag,,,,,,
Sonderlinge,,,,,,
Fußballtraining,,,,,,
Großraum Nashville,,,,,,
Transmog,,,,,,
High Cascade,,,,,,
Hood,,,,,,
Schleudertrauma-Wettern,,,,,,
Musiktrends,,,,,,
Agweek Market Wrap,,,,,,
The Weather Channel,,,,,,
Titanic-Museum,,,,,,
Volo Museum,,,,,,
Wetterkontrollen,,,,,,
‚Du,,,,,,
RochesterMPR,,,,,,
Zentrum von US-Bundesstaaten,,,,,,
Allrad-Antiblockier-Scheibenbremsen,,,,,,
Wisconsin-Wetteraktualisierungen,,,,,,
Radar,,,,,,
Klimamodelle,,,,,,
Tateyama Kurobe Alpen Route,,,,,,
Trichterwolken,,,,,,
Verbier,,,,,,
Glaciers,,,,,,
Sirubari,,,,,,
Cadia-Mine,,,,,,
Olmsted County,,,,,,
Laurentide-Eisschilds,,,,,,
Mini-Tsunami,,,,,,
aufgeblitzt,,,,,,
Erdbeben vor der Nordostküste des Landes,,,,,,
Leah,,,,,,
Wilfred,,,,,,
Jena-Lobeda,,,,,,
Hagelgewittern,,,,,,
"Erdbeben der Stärke 7,7 die Küste Japans",,,,,,
Torontos angesagtester Softeisladen,,,,,,
Marge,,,,,,
Stunden bei Waldbränden,,,,,,
Staatsoper,,,,,,
Bhoirymbong,,,,,,
Redwood-Wäldern,,,,,,
New YoAP Foto/Angelina Katsanis Hannah Knudsen20,,,,,,
Fort St. John am Sonntagabend,,,,,,
Zentral-Okanagan,,,,,,
Lower Mainland,,,,,,
Tag des Aussterbens,,,,,,
Waldbränden…,,,,,,
Tsunami-Risikozonen,,,,,,
East Bunbury Schäden,,,,,,
Straße in NRW,,,,,,
Timor,,,,,,
Schlammvulkaninseln,,,,,,
kaulquappenförmigen Inseln,,,,,,
Absheron-Halbinsel,,,,,,
Hitzewellen Nord- und Zentralindien,,,,,,
New York City Versicherer,,,,,,
Schnee-Comeback,,,,,,
Fractal,,,,,,
Kriminalitätsnotstand,,,,,,
Lumineszenzsignal,,,,,,
Nationalgarde Washington,,,,,,
Koffein,,,,,,
grasbewachsene Flussinsel,,,,,,
Tornio,,,,,,
Reolink Solar Floodlight Cam,,,,,,
herunterzureißen,,,,,,
Berührungen,,,,,,
Solarpaneele,,,,,,
Guardian-Hacks,,,,,,
Dane County,,,,,,
Koksar,,,,,,
Keylong,,,,,,
Freizeitpark Dollywood,,,,,,
Ridglan,,,,,,
Tabiona,,,,,,
Hornissen,,,,,,
Straßenbehinderungen,,,,,,
Gutschrift,,,,,,
Wat…,,,,,,
Land Moskau,,,,,,
Shreveport,,,,,,
Nord-Halmahera,,,,,,
Baumschutz,,,,,,
Migrationen,,,,,,
Karibu-Halsbändern,,,,,,
Erdbeben vor der Nordostküste,,,,,,
Erdbeben vor Küste Japans,,,,,,
Erdbeben betroffenen Gebieten,,,,,,
"Erdbeben der Stärke M7,5",,,,,,
Tsunami-Warnung ausgegebenABC13 Houston,,,,,,
Überschwemmungsnotfall,,,,,,
Baffin Island,,,,,,
Live-Streaming,,,,,,
Wiedereintritt,,,,,,
Garden am 23,,,,,,
Rum,,,,,,
Gaza …,,,,,,
Godzilla,,,,,,
Ästuaren,,,,,,
Bein,,,,,,
Newmont,,,,,,
Inspektionen,,,,,,
Super-Taifun,,,,,,
Laurentide-Eisschild,,,,,,
Hudson Bay,,,,,,
zurückspringende Land,,,,,,
Umweltschutzorganisationen,,,,,,
Kleinunternehmen,,,,,,
Gemeindeorganisationen,,,,,,
Erdbeben East Flores,,,,,,
East ...,,,,,,
Schlafhygiene,,,,,,
Wohnbedürfnisse,,,,,,
South Okanagan,,,,,,
Osoyoos Lake,,,,,,
US-Wahlen,,,,,,
Küstenmeeren,,,,,,
Hauptkanal,,,,,,
Zero-Day-Exploits,,,,,,
West Deptford,,,,,,
Garden State,,,,,,
Prognosemarkt Kalshi,,,,,,
kanarischen Inseln,,,,,,
Sachverhalt …,,,,,,
Manitoba Creek,,,,,,
Winterdürre,,,,,,
Shawville,,,,,,
Fahrradmesse Düsseldorf,,,,,,
Lagerbesitzern,,,,,,
Home Depot,,,,,,
Draftees,,,,,,
Truoba,,,,,,
Manor,,,,,,
Central West NSW,,,,,,
Overwatch Switch 2,,,,,,
Nintendos,,,,,,
Summit,,,,,,
Siddhu,,,,,,
Sneha,,,,,,
Fife,,,,,,
Ländliches Nevada,,,,,,
Supertaifuns Sinlaku,,,,,,
Ktmchi,,,,,,
South Lake Tahoe,,,,,,
Gully,,,,,,
Printr,,,,,,
North Jersey,,,,,,
Finanzminister von Benin,,,,,,
Mat,,,,,,
Kerls“ Orbán,,,,,,
Nahost,,,,,,
Magyar,,,,,,
Mystiker,,,,,,
Mystics,,,,,,
Blockaid,,,,,,
cow.fi,,,,,,
Augenwand,,,,,,
Brunnenbesitzern,,,,,,
Gee Lake,,,,,,
Winter an der Ostküste,,,,,,
Hasbro,,,,,,
Raids,,,,,,
Breezetech Everywear Short,,,,,,
Regenfällen/Überschwemmungen,,,,,,
Gegendtal,,,,,,
Golf von,,,,,,
Bradenton Gulf Islands,,,,,,
Bradenton,,,,,,
Anna Maria Island,,,,,,
Florida-Insider,,,,,,
Riesenhaie,,,,,,
BattleTag-Probleme,,,,,,
Laternenlava,,,,,,
Battlegrounds,,,,,,
Cedar Green Metallic,,,,,,
Phantom Theater,,,,,,
Dark Rides,,,,,,
Musikfans,,,,,,
Coachella Valley Music and Arts Festival,,,,,,
Ogasawara,,,,,,
Eichhörnchens,,,,,,
Negros Island Region,,,,,,
Microsofts,,,,,,
Nordost-Ontarios,,,,,,
Meteoriteneinschlag,,,,,,
Colonel General Martin,,,,,,
Stroopsdorf,,,,,,
Ostfinnland,,,,,,
Mini-See,,,,,,
Dekorduell,,,,,,
Cheboygan County,,,,,,
Carleton County,,,,,,
Wood Buffalo-Region,,,,,,
Brunnenbesitzer,,,,,,
Memramcook,,,,,,
East Bristol,,,,,,
alpine Route,,,,,,
Toyama,,,,,,
Tateyama-Gebirge,,,,,,
Tateyama-Kurobe-Alpenroute,,,,,,
Tateyama…,,,,,,
Amerikanern an der Ostküste,,,,,,
pazifische Inseln,,,,,,
Olivin-Ringwoodit-Umwandlung,,,,,,
Olivin,,,,,,
Gebirgspässe,,,,,,
Coquihalla,,,,,,
Kalkuttas,,,,,,
Tierrechtsgruppe,,,,,,
Tag am 19,,,,,,
Abfällen,,,,,,
Gewässer,,,,,,
Nana Dwomoh,,,,,,
freien Wasserfluss,,,,,,
Marlins,,,,,,
Schwefelsäure,,,,,,
Derry,,,,,,
Hochdruckgebiet,,,,,,
Northeast,,,,,,
New Providence,,,,,,
Enfield,,,,,,
De'Longhi Primadonna Aromatic,,,,,,
Toten Gebirge,,,,,,
Großen Priel,,,,,,
Nyx Mons,,,,,,
Kork,,,,,,
Mavs,,,,,,
Gravitationswellen,,,,,,
Klimaschäden,,,,,,
Klimabedingte Hitzewellen,,,,,,
kenianische Regierung,,,,,,
Heliskiing,,,,,,
Yoa-Sees,,,,,,
Tschad,,,,,,
Krafla,,,,,,
Penguins/Avalanche,,,,,,
Kona-Stürme,,,,,,
Polarfront,,,,,,
Wasser-Achterbahn,,,,,,
Warme Jacken,,,,,,
Bologna,,,,,,
Wuhan,,,,,,
derecho,,,,,,
Vorarlbergs Obstbau,,,,,,
Wetterprobe,,,,,,
Dicke Wolken,,,,,,
Hobbygärtner,,,,,,
Braemar,,,,,,
Rocky Mountain West,,,,,,
Winterschnees,,,,,,
Donauinsel,,,,,,
Stadtbild</li><li,,,,,,
Eissalons,,,,,,
Bourbon-Abfälle,,,,,,
Bourbon-Industrie,,,,,,
Cork Loft,,,,,,
Ridnauntal,,,,,,
Intensivstation,,,,,,
Loni,,,,,,
Forest Lakes,,,,,,
Haus auf Hawaii,,,,,,
Crimson Desert,,,,,,
KI-Beschwerden,,,,,,
Drosophila,,,,,,
Autors Pilzinfektionen,,,,,,
Michinoku Coastal Trail,,,,,,
Bautrends,,,,,,
Normalzustand,,,,,,
Helium-3,,,,,,
Pleasant Camp,,,,,,
Klehini River,,,,,,
Adelaide River Schäden,,,,,,
https://punchng.com/govt-seeks-investment-to-boost-climate-smart-agriculture/,,,,,,
Gemüsebauern,,,,,,
El-Niño-Klimamuster,,,,,,
Störungen,,,,,,
Timmendorfer,,,,,,
Wettermodellen,,,,,,
Rettung des Wals,,,,,,
Gestrandeter Buckelwal,,,,,,
Rhesi-Beschluss,,,,,,
Lübecker Bucht,,,,,,
Anschlag,,,,,,
Berlin-Adlershof,,,,,,
Evakuierungen an der Küste,,,,,,
rumänischen Grenze,,,,,,
Last-Minute-Reisen,,,,,,
UP's Loni,,,,,,
Ridnaun,,,,,,
Programms,,,,,,
Lagos-Anwesens,,,,,,
Chesapeake Bay,,,,,,
Wetterdienste,,,,,,
Donnerstagfrüh,,,,,,
Frühlingsbeginn,,,,,,
Kitsilano,,,,,,
Sterberisiko,,,,,,
Sommerreifen-Fahrer crasht,,,,,,
Rutschbahn,,,,,,
Leitplanken,,,,,,
Sommerreifen,,,,,,
Waldbrand-Einsätze,,,,,,
St. Gerold,,,,,,
Großen Walser…,,,,,,
Bisamjagd,,,,,,
Arnulfpark,,,,,,
US-Konzern,,,,,,
Bald-Oberbürgermeister,,,,,,
Stadtrates,,,,,,
Snowfall,,,,,,
Rainham,,,,,,
Lawinenspiel 71,,,,,,
Fahrrad-Sturz,,,,,,
Cape York,,,,,,
Archer River,,,,,,
Zyklon Narelle,,,,,,
Außenstationen,,,,,,
MacKinnon,,,,,,
Sturmflutsaison,,,,,,
Freitag Leh,,,,,,
Grazer Bergland,,,,,,
Hof,,,,,,
Annapolis,,,,,,
Hochseeinsel,,,,,,
US-Emissionen,,,,,,
Fehlalarm,,,,,,
Halle/Magdeburg,,,,,,
Inntals,,,,,,
Bauaktivität von Bibern,,,,,,
Eisriese,,,,,,
Königshaus,,,,,,
Sommerzyklon,,,,,,
Calgarys,,,,,,
Megavulkan,,,,,,
fallendes CO₂.,,,,,,
Emeishan,,,,,,
Winter-Burnout,,,,,,
Jangtse-Flusses,,,,,,
Jangtse-Flussbecken,,,,,,
Labor,,,,,,
Feld,,,,,,
Natural Resources Canada,,,,,,
Kollisionen,,,,,,
PB Road,,,,,,
Auenland,,,,,,
Katherine River,,,,,,
Shamrock Rovers-Spielfelds,,,,,,
Graupelschauer,,,,,,
Leichenwagen,,,,,,
Bundesstraße 31,,,,,,
Kreis Breisgau-Hochschwarzwald,,,,,,
Oster-Wetter,,,,,,
Ostereiersuche an der frischen Luft,,,,,,
Wohnzimmer,,,,,,
https://punchng.com/residents-decry-flooding-abandoned-drainage-project-in-lagos-estate/,,,,,,
Double Kona Low“-Sturm,,,,,,
Döbling,,,,,,
Adamawa,,,,,,
Torf konservierter Holzkohle,,,,,,
Nova Scotian,,,,,,
Badain-Jaran-Wüste,,,,,,
Kachelmann,,,,,,
US-Temperaturrekord,,,,,,
Staatspreis,,,,,,
Pfunds,,,,,,
Fahrafeld,,,,,,
Kap-York-Halbinsel,,,,,,
Physik,,,,,,
Lauer,,,,,,
Schwüle Kalifornier,,,,,,
Energiepreis-Tsunami,,,,,,
Putin-Gesandter,,,,,,
Colorado Avalanche Center Ryan Johansen,,,,,,
Sonoma,,,,,,
Eiskristalle,,,,,,
Frustration,,,,,,
Sämlinge,,,,,,
Stadt Glut,,,,,,
Höfen,,,,,,
Victoria im Jahr 2022,,,,,,
Dornröschen,,,,,,
Hänsel,,,,,,
Gretel,,,,,,
Märchen,,,,,,
Kerzenschein,,,,,,
Warnsirenen,,,,,,
Maisseide,,,,,,
klimafest,,,,,,
netzunabhängiges Haus,,,,,,
Möbeln,,,,,,
biodynamischen Gartenbaus,,,,,,
Xe/Kr,,,,,,
Allan Hills,,,,,,
Plio-Pleistozän-Übergang,,,,,,
Eisdecke um …,,,,,,
Gezeitenpulses von Flüssen,,,,,,
Staubwelle,,,,,,
Vulkan-Spektakel,,,,,,
Riesiger Lavastrom,,,,,,
Kasachstans,,,,,,
Babyboomer-Häuser,,,,,,
Kalabrien,,,,,,
Modellstudien,,,,,,
Wasserkiosken,,,,,,
Gesundheitsamt…,,,,,,
Delphin Metallic-Limousine,,,,,,
La Liga-Chef,,,,,,
Koufonisia,,,,,,
Südgriechenland,,,,,,
Rajshahi,,,,,,
Landsat,,,,,,
Tals Regen,,,,,,
Mugha-Flusses,,,,,,
Mondeis,,,,,,
Winterzauber,,,,,,
Familienbesitz,,,,,,
Abalone Cove,,,,,,
Cooktown,,,,,,
Prinzip Nr. 1,,,,,,
Mikrobenfarmer,,,,,,
Großraums Toronto,,,,,,
Markts für Wohneigentum,,,,,,
O’ahu,,,,,,
Triveni Rural Municipality–2,,,,,,
Bardaghat Susta East,,,,,,
Happy Valley-Goose Bay,,,,,,
Oahu im …,,,,,,
Kula,,,,,,
Hohen Ferse,,,,,,
Hohe Ferse,,,,,,
Bellingham,,,,,,
KraftHawaii Public Radio Dams,,,,,,
St. John's vs.,,,,,,
Kansas Vorhersage,,,,,,
Snapchat,,,,,,
Freitag Hawaii,,,,,,
Dürre-Hitzewellen,,,,,,
Hungry-Jacks-App,,,,,,
alten Ägypten,,,,,,
Distrikts,,,,,,
Tijure-Milke-Jalajle,,,,,,
Maiwakhola,,,,,,
Taplejung,,,,,,
Schneehöhlen,,,,,,
Dresden/Chemnitz,,,,,,
Flickr,,,,,,
Kernkraftwerk PM-2A,,,,,,
Pushbacks,,,,,,
Waldidylle,,,,,,
Flüchtlingen,,,,,,
Shizuoka,,,,,,
Straßenhangs,,,,,,
Nablus,,,,,,
Nawalparasi,,,,,,
Ost-West-Autobahn,,,,,,
Kantilokpath-Straße,,,,,,
News Now,,,,,,
Gangate,,,,,,
Bhimphedi Rural Municipality-8,,,,,,
Lavaströme,,,,,,
Militärübungen,,,,,,
Chilliwack River Valley“,,,,,,
Les Menuires,,,,,,
Goiania Circuit,,,,,,
MotoGP-Grand-Prix-Wochenendes von Brasilien,,,,,,
Nachtkönig,,,,,,
Sondierung,,,,,,
Posting-Eklat,,,,,,
Gehaltsschecks,,,,,,
Bárbara Sánchez-Kane,,,,,,
Headline,,,,,,
Helfern,,,,,,
24 Stunden von Le Mans,,,,,,
Kona,,,,,,
Handumdrehen,,,,,,
Bryan Field,,,,,,
Szintillator,,,,,,
NCAA-Turnier,,,,,,
Viejas Arena,,,,,,
Staatswald,,,,,,
Softball-Metro-Halbfinale,,,,,,
Yuma-Wüste,,,,,,
USAUSA,,,,,,
Bezirks…,,,,,,
Nebelsuppe,,,,,,
Sommerwerte,,,,,,
Grazer Schöckl,,,,,,
Chevron,,,,,,
Polizeikreisen,,,,,,
Unterwasser-Erdbeben,,,,,,
Oak Ridges,,,,,,
Jefferson,,,,,,
Erdbeben in Nord-Sulawesi,,,,,,
Padukka Homagama,,,,,,
städtischen Grüns,,,,,,
Arc’teryx,,,,,,
Arc'teryx,,,,,,
Premium-Mountainbike-Bekleidungslinien,,,,,,
Rapha,,,,,,
Erdreich,,,,,,
Hausbewohner,,,,,,
Regenwasser-Sammelhütten,,,,,,
Zettajoule,,,,,,
Klimakollaps,,,,,,
Upper Squamish Valley,,,,,,
schlüsseln,,,,,,
Kernhofer,,,,,,
Gscheid,,,,,,
Cass,,,,,,
Highway 14,,,,,,
Burgess Junction,,,,,,
Bighorn Mountains,,,,,,
Silbergrau-Metallic,,,,,,
Sturm Erminio,,,,,,
Petaluma,,,,,,
Osogbo,,,,,,
Allegan County,,,,,,
Top-Fußballvereinen,,,,,,
Adeleke,,,,,,
Sahara Kreta,,,,,,
Molukkenmeer,,,,,,
Gletscherrand,,,,,,
"Erdbeben der Stärke 7,4 Indonesien erschüttertThe Guardian Beben",,,,,,
Firefox,,,,,,
freerdp,,,,,,
Sechs-Meter-Wellen,,,,,,
Basar,,,,,,
Winchester Mystery House,,,,,,
MEINUNG,,,,,,
Kaitāia,,,,,,
Weingut,,,,,,
April-Outfits,,,,,,
Nord-Minahasa,,,,,,
Nördliche Molukkensee,,,,,,
Signifikanz,,,,,,
Hsinchu,,,,,,
Industriepark Hsinchu,,,,,,
Sulawesis,,,,,,
Molukkensee-Region,,,,,,
Tsunami-Warnung ausgelöstAl Jazeera Erdbeben,,,,,,
Maluku-Meer,,,,,,
Alarme,,,,,,
Nordindonesien,,,,,,
Nord-Sulawesi begrab…,,,,,,
Ostindonesiens,,,,,,
Erdbeben in indonesischen Gewässern,,,,,,
"Erdbeben der Stärke -7,4",,,,,,
Tsunami-Warnung aufgehobenAl Jazeera,,,,,,
Kleinwalsertal,,,,,,
Rucksacktouristen,,,,,,
"Erdbeben der Stärke 7,4 erschüttert Indonesien",,,,,,
"Erdbeben der Stärke 7,4 vor der indonesischen Insel",,,,,,
Eisdynamik,,,,,,
Zentrum der Stadt Portoviejo,,,,,,
chunkah,,,,,,
Sturm Dave Irland,,,,,,
Grossen Mythen,,,,,,
Schwyz,,,,,,
Ost-Minnesota,,,,,,
Nord-Wisconsin,,,,,,
Psychiatrie-Mitarbeiter,,,,,,
Sara…,,,,,,
Mithi-Flusses,,,,,,
Mithi,,,,,,
Feiertagschaos,,,,,,
Pielachtal,,,,,,
Weißenburg,,,,,,
Bezirk St. Pölten,,,,,,
Santa Ana,,,,,,
Scheibenwaschanlage,,,,,,
Disney-Prinzessinnen,,,,,,
Raya,,,,,,
Kurve…,,,,,,
Fukuoka,,,,,,
Hiroshima,,,,,,
Temperaturtrends,,,,,,
Lower Dega,,,,,,
Upper Dega,,,,,,
Aphex Twin,,,,,,
"Erdbeben der Stärke 5,5 „Weckruf",,,,,,
Blütenpracht,,,,,,
Säbener Straße,,,,,,
Absam,,,,,,
Lawinen-Toter,,,,,,
AFP am Sonntag,,,,,,
Lauterbrunnen,,,,,,
Frühstück im Freien zu Ostersonntag,,,,,,
gleichnamigen Flusses,,,,,,
Freerider,,,,,,
Stadt Kushiro,,,,,,
dunklen Ozean,,,,,,
Unterwasser-Erdrutsche,,,,,,
Brandenburger Wald,,,,,,
Sandstein-Felsformation,,,,,,
Ammergauer Alpen,,,,,,
Außerfern,,,,,,
Gators,,,,,,
Sharks,,,,,,
High-End-Rasenmäherroboter,,,,,,
Kaschmir-Tal durchnässen,,,,,,
Afghanistan-Tadschikistan,,,,,,
Erdbeben in Delhi,,,,,,
March-Hochwasser Dürnkrut,,,,,,
March,,,,,,
Stratus White,,,,,,
"Erdbeben der Stärke 4,2 in der Türkei",,,,,,
Branchenvertretern,,,,,,
"Erdbeben der Stärke 5,9 Teile Afghanistans",,,,,,
Acton,,,,,,
Brewers,,,,,,
Royals,,,,,,
"Erdbeben der Stärke 5,8 erschüttert Afghanistan",,,,,,
Freitag Afghanistan,,,,,,
Hindukusch-Gebirge,,,,,,
Starkes Erdbeben am afghanischen Hindukusch,,,,,,
"Erdbeben der Stärke 5,9 in Afghanistan",,,,,,
Van-Provinz,,,,,,
Artemis,,,,,,
cpp-httplib,,,,,,
Frühsommer,,,,,,
Medikaments,,,,,,
Zoji La,,,,,,
Drass,,,,,,
Typhoon-Kampfflotte,,,,,,
Jets,,,,,,
Palm Bay,,,,,,
Zyklons,,,,,,
Baling,,,,,,
Hochfügen,,,,,,
Hohen Marchkopf,,,,,,
Wiener Alpen,,,,,,
Sandstrände,,,,,,
Lignano,,,,,,
Arava-Strom,,,,,,
Seberang Perak,,,,,,
Kerian,,,,,,
Watzmann-Gebiet,,,,,,
Lavafelder,,,,,,
Erdbeben in Gujarat 2001,,,,,,
Bundesbeamten,,,,,,
18th Street,,,,,,
C Street,,,,,,
Mars Wasser,,,,,,
Mars-Staubstürme,,,,,,
Umgedrehtes Tiny House,,,,,,
abziehbare Haus,,,,,,
Hausaltären,,,,,,
Stadt Pompeji,,,,,,
Sicherheitsstandards,,,,,,
Sarasota County,,,,,,
Wetter-Aussichten,,,,,,
Zero Point,,,,,,
Hausbesitzers,,,,,,
Tenochtitlan,,,,,,
Sterbeprogramm,,,,,,
Schmetterlingstreffen,,,,,,
Strandgeige,,,,,,
Sommerfüßen,,,,,,
Schwarzwald-Orten,,,,,,
Blüte,,,,,,
Bundesfinale,,,,,,
Taxenbach,,,,,,
Schneefahrbahn,,,,,,
Dyatlov-Pass,,,,,,
Djatlow-Pass,,,,,,
Carrot Weather,,,,,,
Multi-Modell-Vorhersagen,,,,,,
Sturmprognosen,,,,,,
V…,,,,,,
Marillen,,,,,,
arktischen Meereises,,,,,,
Zojilla-Pass,,,,,,
Erdbeben vom 28,,,,,,
Naypyidaw,,,,,,
Sora-Rutsche,,,,,,
Katherine-Krankenhauses,,,,,,
Tamashiro-Markt,,,,,,
Palisades-Forum,,,,,,
Regen-Dauerschleife,,,,,,
Landesvorstands,,,,,,
Online-Belästigung,,,,,,
Vollbetrieb,,,,,,
Reiteralm,,,,,,
Haus im Ennstal,,,,,,
Nationalparks,,,,,,
Lower Ninth Ward,,,,,,
Hitze Portugals,,,,,,
Homberg,,,,,,
Bad Hersfeld West,,,,,,
Schwalm-Eder-Kreis,,,,,,
Bensheim,,,,,,
NT-Kunstzentrum,,,,,,
Merrepen Arts Center,,,,,,
Sındırgı-Bezirk,,,,,,
Provinz Balıkesir,,,,,,
Lechquellengebirge,,,,,,
Allgäuer Alpen Wes…,,,,,,
Bergschnee,,,,,,
Nalanda-Tempel,,,,,,
Bihar-Nalanda-Tempel,,,,,,
Hitzebelast…,,,,,,
Treliving,,,,,,
Projektion,,,,,,
‘ Straße,,,,,,
Gruppengespräch,,,,,,
Privatstraße,,,,,,
Haus des Mannes,,,,,,
Cuyahoga,,,,,,
Geauga,,,,,,
PvP-Kämpfe,,,,,,
Dämonenjäger-Verschlinger-Verschiebung,,,,,,
Stößen,,,,,,
Insel Jubail,,,,,,
Jubail Island,,,,,,
Preußen,,,,,,
Stützpunkte,,,,,,
Khartum,,,,,,
Efze,,,,,,
Homberg/Efze,,,,,,
Willmar,,,,,,
Muni-Markt,,,,,,
Police,,,,,,
Wiederaufbaus der Stadt“,,,,,,
One New Zealand Stadium,,,,,,
Te Kaha,,,,,,
Aquaplaning,,,,,,
Autobahn 5,,,,,,
Pilzen,,,,,,
JSON-API,,,,,,
Staates am …,,,,,,
Marsoberfläche da draußen,,,,,,
Backstreet-Boys-Song,,,,,,
Saale-Orla-Kreis,,,,,,
Phishing-Fluts,,,,,,
St. Petersburg,,,,,,
Reiserisiken,,,,,,
Marine Hitzewellen,,,,,,
Nettoprimärproduktion,,,,,,
meridional,,,,,,
Kreis Oberhavel,,,,,,
Hooghly,,,,,,
Kalkutta-Regen,,,,,,
Bezirk Hooghly,,,,,,
Hyderabad-Regen,,,,,,
Andhra Pradesh…,,,,,,
Sturms aufwirbelten …,,,,,,
Jammu-Srinagar,,,,,,
Restaurierungsarbeiten,,,,,,
Behinderungen,,,,,,
Fahrbahnen,,,,,,
Taifun-Niveau,,,,,,
Mounties,,,,,,
Fernie,,,,,,
KalshiAxios,,,,,,
Srinagar-Jammu National Highway,,,,,,
Schneerekord,,,,,,
Vir…,,,,,,
Fahrregeln,,,,,,
Schlammmassen,,,,,,
Bundesstaats New York,,,,,,
Grand Ole Opry,,,,,,
Emporia,,,,,,
Lyon County,,,,,,
abc7chicago.com,,,,,,
nj.com,,,,,,
North Strabane,,,,,,
Kalshi,,,,,,
Axios,,,,,,
Rotherham,,,,,,
Schneesturmbedingungen an der Küste,,,,,,
Stromnetzwarnungen,,,,,,
Eissturmpotenzial,,,,,,
Pakūranga,,,,,,
Strafverfolgungsbehörden zusammenstießen,,,,,,
… Leggi,,,,,,
Bani-Dorf,,,,,,
Distrikt Kathua,,,,,,
Energienotstand,,,,,,
Côte-des-Neiges,,,,,,
Vorher-Nachher-Fotos,,,,,,
Strandpark,,,,,,
WEST ‌BANDUNG,,,,,,
Herrschaft der Junta,,,,,,
Waffenruhe,,,,,,
Distelhaltung,,,,,,
Flughafen Minneapolis,,,,,,
Örfla,,,,,,
Emmebach,,,,,,
Kontrolllinien,,,,,,
Hitzestressskala,,,,,,
Bergresorts,,,,,,
Beagle Bay,,,,,,
Ernstzustand,,,,,,
Körpergefühl,,,,,,
Hitze-Chaos,,,,,,
SAR,,,,,,
Mount ...,,,,,,
Hünstetten,,,,,,
Umkleide,,,,,,
NRW-Straßen,,,,,,
West Java Regional Disaster Mitigation Agency,,,,,,
Nordhorn,,,,,,
Landkreis Grafschaft Bentheim,,,,,,
Rettung im Dauereinsatz,,,,,,
Erie-Gebiet,,,,,,
Landkreis Wesermarsch,,,,,,
Eisflächen,,,,,,
Truppen,,,,,,
katarischen Regierung,,,,,,
Geschwader Nr. 12,,,,,,
Haupti…,,,,,,
Reiseschwierigkeiten,,,,,,
Pasta,,,,,,
warme Meer,,,,,,
Warme Temperaturen,,,,,,
Gasunternehmens,,,,,,
Götzis,,,,,,
National Highway,,,,,,
Überlebens,,,,,,
Ramapo Mountains,,,,,,
Delaware6abc.com Sturm,,,,,,
New,,,,,,
DCwusa9.com,,,,,,
Bras…,,,,,,
West-Bandung,,,,,,
CISARUA,,,,,,
Stonehaven,,,,,,
Sicherheitsartikeln,,,,,,
Vereisungen,,,,,,
Verstopfungen,,,,,,
Häuschen,,,,,,
Eisregens,,,,,,
Tief,,,,,,
Montfortbrücke,,,,,,
Pasir Kuning,,,,,,
Land“,,,,,,
Kreises Tewo,,,,,,
Dienstag schneit,,,,,,
Berliner Autobahn,,,,,,
Southern Tier,,,,,,
Ihrer Straße,,,,,,
winterglatte Fahrbahn,,,,,,
Glatteis-Stürzen,,,,,,
Greifswald/Neubrandenburg,,,,,,
St. Stephen-Männchens,,,,,,
Montagvormittag,,,,,,
Gebiet Cisarua,,,,,,
Katastrophenopfern,,,,,,
Schneechaos am Morgen,,,,,,
West ...,,,,,,
boston25news.com Live-Updates,,,,,,
Busverkehrs,,,,,,
US-Haushalte,,,,,,
Mount Maunganui-Ausrutscher,,,,,,
Weißes Haus,,,,,,
Sumatra-Katastrophe,,,,,,
Todesopfer,,,,,,
Meteorologischen Zentrums Shimla,,,,,,
El Paso Schnee,,,,,,
Lafayette,,,,,,
Caddo,,,,,,
Giant Eagle,,,,,,
Market District,,,,,,
Taormina,,,,,,
Market Basket,,,,,,
Bay State,,,,,,
Hersheypark,,,,,,
ZooAmerica,,,,,,
Susquehanna Valley,,,,,,
Sicherheitsbedenken,,,,,,
Scheibenwischer,,,,,,
Pasir Langu,,,,,,
W…,,,,,,
Südaustraliern,,,,,,
Kreis Wittenberg,,,,,,
Wittenberg,,,,,,
Flugausfälle erreichen Rekordhöhe,,,,,,
Haus einer Familie,,,,,,
Sokotra,,,,,,
Erdbeben der Stärke M5,,,,,,
Sierra Negra,,,,,,
Sooninquirer.com Rodeln,,,,,,
Pittsburgh International Airport,,,,,,
Klimaschutzmaßnahmen,,,,,,
Hauptturnierplätzen,,,,,,
Tenzin Lamdark,,,,,,
West-Londons,,,,,,
Schneesturm der Winterräumungen,,,,,,
Kandahar,,,,,,
Witz,,,,,,
Unterwassererdbeben,,,,,,
Beschlag,,,,,,
Quebec am Sonntagabend und Montagmorgen,,,,,,
Unglücksbar,,,,,,
Crews der Rallye-Weltmeisterschaft,,,,,,
Welcome Bay,,,,,,
Neuseelands …,,,,,,
Sturm am Mittelmeer,,,,,,
große Schneesturm,,,,,,
Uinta-Gebirge,,,,,,
Schneesturm am Wochenende,,,,,,
Heidelberg,,,,,,
Skigebiets Lake Louise,,,,,,
Eis herumpicke,,,,,,
Kernfusions-Startups,,,,,,
Spezialbeamte,,,,,,
College-Leichtathletikveranstaltungen,,,,,,
Megasturm,,,,,,
Punta…,,,,,,
WRC Monte Carlo,,,,,,
Solberg,,,,,,
Kunsträumen,,,,,,
Gardens,,,,,,
Golfstaats Queensland,,,,,,
Golfs von Carpentaria,,,,,,
Apple-Wetter-App,,,,,,
Pimicikamak Cree Nation,,,,,,
Katy,,,,,,
Holzbiomasse,,,,,,
Olympia-Torhüter,,,,,,
Ihr Geldbeutel,,,,,,
kannNach,,,,,,
Wetter-Live-Updates,,,,,,
Entwicklers,,,,,,
Disney Lorcana,,,,,,
Reich von Lorcana,,,,,,
Northeastweather.com,,,,,,
Reiseproblemen,,,,,,
Planungstisch,,,,,,
Schülern,,,,,,
Lebensbedrohliche arktische Explosion,,,,,,
Tödlicher Dacheinsturz,,,,,,
Ozarks Wintersturmwarnungen,,,,,,
Speichereinstellungen,,,,,,
Ōmokoroa,,,,,,
Moutcha Bay,,,,,,
Nootka Sound,,,,,,
Newton Cove,,,,,,
Beta Street,,,,,,
Southcrest,,,,,,
Sedimentfazies,,,,,,
Oberschenkeln,,,,,,
Campingplatzes,,,,,,
EU-Klimabeobachter,,,,,,
Fort Worth,,,,,,
Taipei 101,,,,,,
Salamandern,,,,,,
Bluegrass-Staat,,,,,,
fort…,,,,,,
bodengemischter,,,,,,
Erdbebenfrühwarnsystems,,,,,,
Indonesien-Katastrophe…,,,,,,
Botswana,,,,,,
Pandamatenga-Gebiet,,,,,,
Botswanas,,,,,,
Raves,,,,,,
Hockey-Romanze,,,,,,
Mittelgeorgia,,,,,,
Tristate-Gebiets,,,,,,
Xai-Xai,,,,,,
Nabard,,,,,,
Audio-Streamingdiensten,,,,,,
Rekordkältewelle,,,,,,
West Kimberley,,,,,,
Haupttreiber,,,,,,
Wetterkanal,,,,,,
Panikmache,,,,,,
US-Erdgas,,,,,,
US-Erdgas-Futures,,,,,,
Hitzewellen- und Feuerwarnungen,,,,,,
Maputo,,,,,,
Hai-Angriffen,,,,,,
Australia Day,,,,,,
Ersthelfer,,,,,,
Gemeindevorsteher,,,,,,
Straße in der Innenstadt,,,,,,
Solidarität,,,,,,
Streitigkeiten,,,,,,
Heizbedarfs,,,,,,
US-Lieferkette,,,,,,
Cross-Country-Schneemobilrennen,,,,,,
MOUNT MAUNGANUI,,,,,,
Nordostbezirk,,,,,,
Trans-Sumatra-Straße,,,,,,
Weltraumschrott,,,,,,
Fairyhouse,,,,,,
Wintersturmsaison,,,,,,
Kohlenmonoxidvergiftungen,,,,,,
Hagelalarm,,,,,,
Wasserparameter,,,,,,
Verkehrsunfälle,,,,,,
Fahrbahndecke,,,,,,
Reich,,,,,,
Fährpläne,,,,,,
Pellworm,,,,,,
Amrum,,,,,,
Hooge,,,,,,
Langeneß,,,,,,
Vertreibungen,,,,,,
Jahr,,,,,,
Eggerheim,,,,,,
Eggerheims,,,,,,
Purdue,,,,,,
Ocean,,,,,,
WETter,,,,,,
Cholera-Impfstoffe,,,,,,
Land Malawi,,,,,,
Erbsensuppen,,,,,,
Sundarbans,,,,,,
Sonntagwbaltv.com Wintersturm,,,,,,
Raumschiffen,,,,,,
Kaltfront Texas,,,,,,
Louisvilleer,,,,,,
Gwinnett County,,,,,,
Samstagstreffen von Fairyhouse,,,,,,
Winternotprogramms,,,,,,
einfroren,,,,,,
PvE-Eskalation,,,,,,
Fairgrounds Arena,,,,,,
Tarai-Madhes-Region,,,,,,
Tarai Madhesh,,,,,,
Warwan-Tal,,,,,,
Bezirk Aceh,,,,,,
UBS,,,,,,
Cisarua-Opfern,,,,,,
Sektor A.,,,,,,
kolumbianischen Bergen,,,,,,
Rumpfes,,,,,,
Buschfeuer-Notfall,,,,,,
Mindhal,,,,,,
hinunterrutschen,,,,,,
Pleite-Tsunami,,,,,,
Tagen sackt der Boden,,,,,,
Ungarns Regierung,,,,,,
Trockenstein,,,,,,
Taumittel,,,,,,
Cayuga,,,,,,
Bristol-Kanal,,,,,,
Sturgeon County Council,,,,,,
Rote Gefahrenzone,,,,,,
Hilton Head,,,,,,
Met Éíreann,,,,,,
Eurofighter-Typhoon-Flotte,,,,,,
Eurofighter-Konsortium,,,,,,
Sicherheitszone,,,,,,
Liegesitz,,,,,,
Ernst herumscrollt,,,,,,
Eisregen-Chaos,,,,,,
Last von Schnee,,,,,,
Erntestadium,,,,,,
Seitenspiegeln,,,,,,
Verwendungszweck,,,,,,
Kern-CRM,,,,,,
Gebiet der …,,,,,,
Fern,,,,,,
Yarbo Global,,,,,,
Benins,,,,,,
Washington DC,,,,,,
Süd-Dublin,,,,,,
Essen von Schneekegeln,,,,,,
Erdbeben der Stärke 8,,,,,,
Bundes-Sondervermögens,,,,,,
Bezirk Chamoli,,,,,,
Einwohner…,,,,,,
Leiria,,,,,,
Nationalstraße Jammu-Srinagar,,,,,,
Mixed-Reality-Brillen,,,,,,
Shiveluch-Vulkan,,,,,,
Otway,,,,,,
Gellibrand,,,,,,
Welt für Winterspaß,,,,,,
Lebensspanne,,,,,,
EVP-Chef,,,,,,
Buschfeueralarm,,,,,,
Coromandel-Sturm,,,,,,
Steuer,,,,,,
Gelbsucht,,,,,,
Koagulopathie,,,,,,
Drogenhöllen,,,,,,
Zugang …,,,,,,
Futterhafer,,,,,,
Lastkähne,,,,,,
Haven,,,,,,
Di…,,,,,,
Spott,,,,,,
Winterwettergebieten,,,,,,
Christbaums,,,,,,
Francescas,,,,,,
Dachsturmschäden,,,,,,
Lowcountry Countys,,,,,,
...,,,,,,
kriegszerstörte Brücken,,,,,,
Defensin-Gene,,,,,,
Bombyx-Larven-Infektionsmodell,,,,,,
Pneumokokken-Erkrankungen,,,,,,
Tagen mit Schnee,,,,,,
Straße von Lagos,,,,,,
Odo-Iyaloro-Brücke,,,,,,
Science-Fiction-Werks,,,,,,
Wellensaison,,,,,,
Mark Ellwood,,,,,,
Waffenruhevorstoß,,,,,,
Villa der Welt,,,,,,
Riad,,,,,,
Baudruck,,,,,,
Nordoststurm,,,,,,
Assams,,,,,,
Wintersturmalarm,,,,,,
Zahlungen,,,,,,
Entlaufener Lastkahn,,,,,,
Barrow,,,,,,
Neuen Garten,,,,,,
Honolulu Star-Advertiser,,,,,,
Wintersturms Fern,,,,,,
Wohnungssuchenden,,,,,,
Sonne …,,,,,,
Lorn's Lure,,,,,,
Chaifetz Arena,,,,,,
Ost-Ontario Warnungen,,,,,,
La-Niña-Bedingung,,,,,,
DUI-Festnahme,,,,,,
Caufield,,,,,,
Feuerpause,,,,,,
Canarsie-Gebäudes,,,,,,
Lanark County,,,,,,
Haus in Ontario,,,,,,
Mono,,,,,,
Timbertop House,,,,,,
Tag des Sturms,,,,,,
Erdbeben in Montana,,,,,,
Erdbeben in Great Falls,,,,,,
Malmstrom Air Force Base,,,,,,
Wochenendreisepläne,,,,,,
Messers,,,,,,
Seismogenese,,,,,,
Krankenversicherungserhöhungen,,,,,,
Scrambler-Geißel,,,,,,
Wasserleitungsnetz,,,,,,
Welpe,,,,,,
Ember,,,,,,
Nick Suzuki,,,,,,
Gravestown,,,,,,
Rhein-Main-Gebiet Regen,,,,,,
Unterkühlungsrisiko,,,,,,
Beton,,,,,,
Stöcken,,,,,,
Mini-Steigeisen,,,,,,
Long-Horizon-Deals,,,,,,
Natural Resources,,,,,,
Rutsch-Alarm,,,,,,
Arc Raiders-Update,,,,,,
Gantheaume Beach,,,,,,
Wohlfühl-Eishockeyromanen,,,,,,
Stadt Virginia,,,,,,
leer,,,,,,
Schlaganfall-Hitzerisiko-Vorhersagemodells,,,,,,
UGS,,,,,,
Land Rekordmengen,,,,,,
Außenplätzen,,,,,,
Brent-Rohöl-Futures,,,,,,
Garmin,,,,,,
Tag der Republik,,,,,,
Lernens,,,,,,
Todesursachen,,,,,,
Australian Open-Tennis,,,,,,
Trainingsmission,,,,,,
Provinz West-Java durchriss,,,,,,
Stadt Riverland,,,,,,
Heizbedarf,,,,,,
Skifahrens,,,,,,
Dienstagvormittag,,,,,,
Server-Applikationen,,,,,,
Milliardenvorhabens,,,,,,
West-JavaAP News,,,,,,
Drohnenvideos,,,,,,
Schneelast vom Baum,,,,,,
Frostbeben,,,,,,
Babakan Hamlet,,,,,,
Handyalarm,,,,,,
Australian Open-Tennisturnier,,,,,,
Facebook-Beschwerden,,,,,,
Pacers,,,,,,
italienische Regierung,,,,,,
Wetterereignis,,,,,,
Formenetra,,,,,,
Geologische Behörde,,,,,,
USA Eis,,,,,,
Lower 48 States,,,,,,
Pixel-Wetter-App,,,,,,
Friert Ihr Haus,,,,,,
Klimaschadens,,,,,,
Bolsonaro,,,,,,
Guben,,,,,,
Hausaufgaben,,,,,,
Nordbayerns,,,,,,
Oklahoma Memorial Stadium,,,,,,
Mount Burangrang,,,,,,
S-Bahn-Pause,,,,,,
S-Bahn-Pause“,,,,,,
Flugausfällen,,,,,,
Wintertief,,,,,,
Social-Media-Führungskräfte,,,,,,
Speiereck,,,,,,
Governors Island,,,,,,
Netzwerks,,,,,,
Epochenbruch,,,,,,
Flughafen Bangor,,,,,,
Flughafen Toronto Pearson,,,,,,
Insider-Eltern,,,,,,
Schneetagen,,,,,,
Brandalarm,,,,,,
Hangrutschgebieten,,,,,,
Marshall,,,,,,
Berliner Straßenbahn-Netzes,,,,,,
Südens des Landes,,,,,,
"Erdbeben der Stärke 3,7 erschüttert Ontario",,,,,,
Louisiana Highway,,,,,,
Lieferfahrern,,,,,,
UberEats,,,,,,
Waldbrand-Wiederaufbauarbeiten,,,,,,
Al Mahabah-Moschee,,,,,,
Commiefornia,,,,,,
Kedarnath,,,,,,
Rudraprayag,,,,,,
Upstate Schnee,,,,,,
Upstate,,,,,,
Videokameras,,,,,,
Kash,,,,,,
Ghaziabad-Update,,,,,,
Ayodhya,,,,,,
Schlamm,,,,,,
B.,,,,,,
Bear-Kampagne,,,,,,
Landsdale,,,,,,
Erdrutschsuche,,,,,,
Rettung von Häusern,,,,,,
Gefrorene Böden,,,,,,
Tuggeranong,,,,,,
Leichtes Erdbeben bei Semriach,,,,,,
Bezirk Graz-Umgebung,,,,,,
"Erdbeben der Stärke 3,7",,,,,,
Indonesiens We… Leggi,,,,,,
Wetter-Twitter,,,,,,
Geysiren,,,,,,
Ausmaß Islands,,,,,,
Erdbeben erschüttert Ontario,,,,,,
Interstate 20,,,,,,
Italienische Stadt,,,,,,
Tennisturniers,,,,,,
Grafschaft Wexford,,,,,,
Obstanbau-Marktbericht,,,,,,
Obstanbaumarkt,,,,,,
Bio-Märkten,,,,,,
Schneelast …,,,,,,
Spire Global,,,,,,
AiDASH,,,,,,
Sturm Harry,,,,,,
italienischen Insel,,,,,,
Bundesstaat Victoria,,,,,,
Fußgänger,,,,,,
Glentoran,,,,,,
Coleraine,,,,,,
Sturm zu …,,,,,,
Waldbrand-Wiederaufbaus,,,,,,
US-Wetterwarnungen,,,,,,
South Dublin County Council,,,,,,
Grünen-Vorstands,,,,,,
US-Wäldern,,,,,,
Erdbeben in Hessen,,,,,,
Siziliens Stadt,,,,,,
Landkreis Osnabrück,,,,,,
Anbaus,,,,,,
britischen Regierung,,,,,,
Snowmageddon,,,,,,
Cholera-Ausbruch,,,,,,
Rushinga,,,,,,
Zentralprovinz Mashonaland,,,,,,
Skylines,,,,,,
Grafschaft Kilkenny,,,,,,
Versicherungen,,,,,,
Klimarisiko,,,,,,
Wasserinsolvenzen,,,,,,
Damaskus,,,,,,
Hannover/Norden,,,,,,
Dienstagabend,,,,,,
Bezirk Haines,,,,,,
Flussdeltas,,,,,,
Nil,,,,,,
Shiv Sena,,,,,,
Bundeshilfe,,,,,,
Mackenzie River,,,,,,
Paares,,,,,,
Big Sur River Inn,,,,,,
Haus der NASCAR-Legende,,,,,,
Haus der NASCAR-Legende Greg Biffle,,,,,,
Carmel,,,,,,
Cambria,,,,,,
Winterblues,,,,,,
Winterwetter am Wochenende,,,,,,
Metro Atlanta,,,,,,
Zentralgeorgia,,,,,,
Mumbai-Chandigarh,,,,,,
Südb,,,,,,
Tierheims,,,,,,
zusammenpackt,,,,,,
Waikato,,,,,,
Ngongotahā,,,,,,
Mamaku,,,,,,
Gurugram kälter,,,,,,
Palam,,,,,,
zweitniedrigste,,,,,,
Brandenburg am Donnerstagmorgen,,,,,,
Bloudan,,,,,,
Torfkerne,,,,,,
EMFs,,,,,,
Hawaii Lavasäulen,,,,,,
Akkord,,,,,,
Thermaltake View,,,,,,
Best Buy,,,,,,
Kashebere,,,,,,
Buckland,,,,,,
Hasses“,,,,,,
Schicksals,,,,,,
Metaoberflächen,,,,,,
Saltonmeeres,,,,,,
Graustufenhimmel,,,,,,
Hochtouren,,,,,,
Bhogi-Lagerfeuer,,,,,,
Flughafens Chennai,,,,,,
Sevilla,,,,,,
"Erdbeben der Stärke 7,8 die Türkei",,,,,,
Wasserstraßen Istanbuls,,,,,,
Wetterunruhe,,,,,,
Tigermückeneier,,,,,,
Kuh,,,,,,
Whiteouts,,,,,,
Erdbeben in Noroshi,,,,,,
Erdbeben in Noto,,,,,,
US-Administrator,,,,,,
Matsch,,,,,,
Gender-Ideologie,,,,,,
Chapel Hill-Carrboro City,,,,,,
Synagoge,,,,,,
Lötschentals,,,,,,
Saatgutkatalogen,,,,,,
Dopamin-Revolution,,,,,,
Arzneimittel,,,,,,
Snowboard-Olympiamedaillengewinner,,,,,,
Vorjahren,,,,,,
Hot Springs,,,,,,
Wye River,,,,,,
Great Ocean Road Urlaub,,,,,,
Buzz Adams,,,,,,
Noida-Schulen,,,,,,
Streusand,,,,,,
Berühmter Safaripark,,,,,,
Bhugol Park,,,,,,
Vereinigte Staaten,,,,,,
Landkreises Annapolis,,,,,,
Unternehmensklagen,,,,,,
Hektaren Wald,,,,,,
Skipiste,,,,,,
Paznauntal,,,,,,
Großer Wildpark,,,,,,
"Landes
",,,,,,
Amina,,,,,,
Porvoo,,,,,,
Eis-Tsunami,,,,,,
Laika,,,,,,
Kumasi,,,,,,
Kote…,,,,,,
Drohnen-Abfangjäger,,,,,,
UP-Städte,,,,,,
US-Vertriebszentrum,,,,,,
Nilfisk,,,,,,
Gericht…,,,,,,
Große Erdbeben in der Subduktionszone,,,,,,
Playoff-Showdown,,,,,,
Lawinenhangfarben,,,,,,
Weißen Hauses,,,,,,
Bauhelm,,,,,,
Kondenswasser,,,,,,
türkises,,,,,,
Wahlkampfregeln,,,,,,
Mai St. Louis,,,,,,
Nordost-Ohio,,,,,,
Verkehrsministeriums,,,,,,
Erdbeben von 2025,,,,,,
Klima-Hacking,,,,,,
Gildenkameraden,,,,,,
Dead Jon Snow Show,,,,,,
Dal-See,,,,,,
Castora,,,,,,
Dimona,,,,,,
Beersheva,,,,,,
Riesneralm,,,,,,
Donnersbachwald,,,,,,
Themenpark Walt Disney World Resort,,,,,,
Ranchi-Krankenhäusern,,,,,,
Ranchi-Schulen,,,,,,
Gumla,,,,,,
Drohnenvorfall,,,,,,
Waterslide,,,,,,
Third-Line-Center,,,,,,
Rockhampton,,,,,,
Toronto Pearson Airport,,,,,,
Toronto Pearson International Airport,,,,,,
D.C,,,,,,
Bildnachweis,,,,,,
Mandel,,,,,,
Alte Brandhaufen,,,,,,
Labrum,,,,,,
Kit Harington,,,,,,
National Center for Atmospheric Research,,,,,,
Nisichawayasihk,,,,,,
Frosts,,,,,,
Naumburger Straßenbahn,,,,,,
Naumburg,,,,,,
Heiße Suppe,,,,,,
Glatteis-Warnung,,,,,,
Borkenkäfer,,,,,,
Säuglingen,,,,,,
Kälterekord,,,,,,
Piraterieblockaden,,,,,,
Halle Halle,,,,,,
DWD,,,,,,
Autobahn A7,,,,,,
Bahnhof Glashütte,,,,,,
Pinguin-Watschel-Gang,,,,,,
Arc Raiders-Kartenevent,,,,,,
Arc Raiders-Kartenmodifikator,,,,,,
Berglawinen,,,,,,
North Carolina Schnee,,,,,,
spiegelglatter Autobahn,,,,,,
Hammerbrook,,,,,,
Elbbrücken,,,,,,
Steinhuder Meer,,,,,,
Rocky-Mountain-Nationalpark…,,,,,,
Sneakerssocken,,,,,,
Hauseigentümer,,,,,,
Hausverwaltungen,,,,,,
North Koel Reservoir,,,,,,
Mandai Weir,,,,,,
Turnschuhe,,,,,,
Spiekeroog,,,,,,
Halemaʻumaʻu-Krater,,,,,,
Pisten-Drama,,,,,,
Neujahrsempfang,,,,,,
Bitcoin-Mining,,,,,,
Südargentinien,,,,,,
Randnähe,,,,,,
Lückenschließungen,,,,,,
Sgt,,,,,,
Koordination,,,,,,
Social-Media-Feeds,,,,,,
Epuyén,,,,,,
Regierung von Sarawak,,,,,,
Verkehrsminister,,,,,,
Terai-Region,,,,,,
Flossenfäule,,,,,,
Rapa Iti,,,,,,
Französisch-Polynesien,,,,,,
Gemeinschaftseigentum,,,,,,
Gemeinschaftsöfen,,,,,,
Gefahrenzone für Frettchen,,,,,,
Islamische Republik Iran,,,,,,
Ballungsgebiete,,,,,,
Lavagestein,,,,,,
Türkischen Staatlichen Meteorologischen Dienstes,,,,,,
Lebenszeichen,,,,,,
Müllmassen,,,,,,
Freistaats,,,,,,
Schulministerin,,,,,,
Indien-Haushalt,,,,,,
Löwenmähnenpilz,,,,,,
Stadt Gobur,,,,,,
Müllrutsche,,,,,,
Vergnügungsparks,,,,,,
Cim de l’Hortell,,,,,,
Natimuk-Gemeinde,,,,,,
WWW,,,,,,
Aushängeschilder,,,,,,
Doppelzählungen,,,,,,
Nass-Trocken-Zyklen,,,,,,
Boden-Wasser-Kennlinie,,,,,,
Granitrestböden,,,,,,
Granitrestboden,,,,,,
GRS,,,,,,
LaBarge Creek,,,,,,
Lincoln County,,,,,,
Naturkatastrophenbilanz,,,,,,
Gesundheitsbeamte,,,,,,
Bruce II Arena,,,,,,
österreichische Staat,,,,,,
IFZ Graz,,,,,,
Pyrenäen von,,,,,,
Spoelstra,,,,,,
Nebenrollen,,,,,,
Paycom Center,,,,,,
Wagner Park Pavilion,,,,,,
South Battery Park City Resiliency Project,,,,,,
Mica,,,,,,
Ost-Frost,,,,,,
Rabi-Anbau,,,,,,
Unfallkrankenhaus Berlin,,,,,,
Diablo 4-Foren,,,,,,
Parkfield,,,,,,
Stadiondach,,,,,,
Spitälern,,,,,,
"Schneesturm ""Elli",,,,,,
Stürme - Naturkatastrophen,,,,,,
Wienerwalds,,,,,,
Chemainus River,,,,,,
Mauerbach,,,,,,
Chilliwack River,,,,,,
Camano Island,,,,,,
Erdbeben im Yukon,,,,,,
Amazonasbecken,,,,,,
Nacht Sprühregen,,,,,,
Lawinenwarnstufe,,,,,,
Lawinenserie,,,,,,
Bezirk Bageshwar,,,,,,
Stadt Kapkot,,,,,,
Kälteeinbrüchen,,,,,,
Honigbienen,,,,,,
Elbtunnel,,,,,,
Paul-Friedhof,,,,,,
Mousehole,,,,,,
Pullovern,,,,,,
Chennais,,,,,,
Meme-Bereich,,,,,,
Maple Brook,,,,,,
Olympia-Medaillengewinner,,,,,,
Iran-Proteste,,,,,,
Stromschäden,,,,,,
Bürgerreich,,,,,,
Flon-Gebiet,,,,,,
Morgenpost-Reporter,,,,,,
■ Autobahn,,,,,,
■,,,,,,
Jerusalemer Bergen,,,,,,
frostigste,,,,,,
Ostregion,,,,,,
Schneebällen,,,,,,
Hazaribag-Elefanten,,,,,,
UN-Wissenschaftler,,,,,,
Galaha,,,,,,
Nordostschottland,,,,,,
Indy,,,,,,
Nachsaison-Ruhm,,,,,,
Wintersaisons Schnee,,,,,,
Fall-Jacke,,,,,,
Fernost-Russland,,,,,,
Fernen Osten,,,,,,
Miniskigebiet,,,,,,
Zwischenwasser,,,,,,
Vorsaison,,,,,,
Gepäckkosten,,,,,,
Nordpakistan,,,,,,
"Erdbeben der Stärke 5,8 den Norden Pakistans",,,,,,
Nuble,,,,,,
Fitzroy River,,,,,,
Gaza-Provinz,,,,,,
Provinz Gaza,,,,,,
Winterwetter Detroit,,,,,,
draußen,,,,,,
Geborgenes Holz,,,,,,
Tŝilhqot'in,,,,,,
Pennsylvania State Park,,,,,,
Interstate 196,,,,,,
Mercer County,,,,,,
Wetteralarm,,,,,,
Tagen vor Regenfällen und Gewittern,,,,,,
"Erdbeben der Stärke 4,9",,,,,,
Spanien starbenExklusiv,,,,,,
Norwegerinnen,,,,,,
Gallanthenna,,,,,,
Sri Muththumari Amman Kovil,,,,,,
Winterspaziergängen,,,,,,
Insel Schnee,,,,,,
Tornado-Bargeldeinzahlungen,,,,,,
Südhalbinsel,,,,,,
Gastein,,,,,,
Salatgurkenpreis,,,,,,
Starkregen-Rätsel,,,,,,
Erhebungen,,,,,,
Lawinenunglücks Samstagnachmittag,,,,,,
Schönfeldspitz,,,,,,
Pusterwald,,,,,,
Heimatstadt-Anwärter,,,,,,
Zwei-Sterne-Rekrut,,,,,,
Südalabama,,,,,,
Konkurrenzliste,,,,,,
Washington Kapital,,,,,,
Hiroshima-Bomben,,,,,,
Gift City,,,,,,
Hoosiers,,,,,,
Skoda Fabia,,,,,,
Autocar-Archiv,,,,,,
Meeres von Gailiee,,,,,,
Hula-Tal,,,,,,
Western Slope,,,,,,
Langlaufen,,,,,,
Schlittenfahrten,,,,,,
Fat-Tire-Winterradfahren,,,,,,
Eislaufen,,,,,,
Kissimmee,,,,,,
Osceola C…,,,,,,
Astute Analytica,,,,,,
Norweger,,,,,,
Einladungs-E-Mail,,,,,,
Dodekanes,,,,,,
Bohrkernen,,,,,,
Shreveport-Bossier,,,,,,
Ostlibyen,,,,,,
Schneetage,,,,,,
Cook,,,,,,
Körperinnentemperaturen,,,,,,
Warmwasserbereitern,,,,,,
x264-NGP,,,,,,
Texas Ranger Jim Ho,,,,,,
Olympia-Bewerbungen,,,,,,
Winterwandern,,,,,,
Katastrophe von Fukushima,,,,,,
Concepción,,,,,,
Dschungelcamp-Staffel,,,,,,
Kernkraftwerk Kashiwazaki-Kariwa,,,,,,
Erdbeben und Tsunami,,,,,,
Belluneser Dolomiten,,,,,,
VISIONS.de,,,,,,
Sharma-Enklave,,,,,,
Wasserbestands,,,,,,
Echtzeit-Datenanalysen,,,,,,
Vancouver International Airport,,,,,,
YVR,,,,,,
New Chitose Hokkaido Airport,,,,,,
CTS,,,,,,
Lawinenabgang am Elbrus,,,,,,
Sterne,,,,,,
Peptiden,,,,,,
Coachella-Tal,,,,,,
Nacht am Mittwoch,,,,,,
Shreveport Eis,,,,,,
Sub-Neptunen,,,,,,
Zentrum von Indonesien,,,,,,
Supererden,,,,,,
Hindon,,,,,,
Kiews,,,,,,
Kunstmuseen,,,,,,
Pultdach,,,,,,
Reitwegen,,,,,,
Drop-Bar-Allrounder,,,,,,
Sanddünen in der Sahara-Wüste,,,,,,
D.C.-Region,,,,,,
Spinat,,,,,,
Hantavirus-Lungensyndroms,,,,,,
Erregern,,,,,,
Ohlman,,,,,,
Erdbeben im Toten Meer,,,,,,
Speedy Gonzales,,,,,,
Monastir,,,,,,
Nabeul,,,,,,
Hurricanes-Stars,,,,,,
Winterreifen,,,,,,
Schneefräsen,,,,,,
Generatoren,,,,,,
Luftbefeuchtern,,,,,,
Dienstagmorgen West-Quebec,,,,,,
Sonnenstrahlungssturm,,,,,,
gestern,,,,,,
Wasserkrise,,,,,,
Lehmhäusern,,,,,,
Naturfreunden,,,,,,
Abenteurern,,,,,,
Universum,,,,,,
"Attika
…",,,,,,
Böotien,,,,,,
Hazaribag,,,,,,
Bad Rappenau,,,,,,
TARVISIO,,,,,,
Rodriguez,,,,,,
Veteranen,,,,,,
Metallen,,,,,,
Royal Mint Court,,,,,,
Sebauh Community Hall,,,,,,
Bintulu am Samstag,,,,,,
Wochenwechsel,,,,,,
Erdbebensicherheitstechnologie,,,,,,
Burg,,,,,,
Spreewald-Ort Burg,,,,,,
Rock Hill,,,,,,
Kraftfahrt-Bundesamt,,,,,,
Andermatt,,,,,,
Salzburger Land,,,,,,
österreichischen Alpen,,,,,,
Lawinenfans,,,,,,
Unwetterkatastrophe,,,,,,
Swannanoa,,,,,,
Kevin Jim,,,,,,
Nord-Ashevi…,,,,,,
Off-Piste-Skifahrer,,,,,,
Meeresveränderungen,,,,,,
Pettneu am Arlberg,,,,,,
Mount Saint Helens,,,,,,
Parodien,,,,,,
Berserk,,,,,,
Piz Badus,,,,,,
Tujetsch i…,,,,,,
Vonn,,,,,,
Wohnsitze,,,,,,
Sandstorm Bridge,,,,,,
Lookbook,,,,,,
Land der Winter,,,,,,
Tribüne,,,,,,
Provinz Konya,,,,,,
Landwirtschaftsalarm,,,,,,
Avista,,,,,,
Huggies-Windeln,,,,,,
Purex-Waschmittel,,,,,,
Dilbert-Leben,,,,,,
Raumanzüge,,,,,,
Indiens Astrotourismus-Boom,,,,,,
Interstate 76,,,,,,
Sedgwick County,,,,,,
Bergführer,,,,,,
Mainz/Kassel,,,,,,
Aufschütteln von Vögeln,,,,,,
russischen Berg,,,,,,
Goldfische,,,,,,
Erdbeben in Kutch,,,,,,
Bezirk Gujarat,,,,,,
Khavda,,,,,,
Kutch,,,,,,
Tempur,,,,,,
Zentralprovinz,,,,,,
Luxemburger,,,,,,
Erdbeben im Jahr 1995,,,,,,
Kobe,,,,,,
S'wak,,,,,,
Venedigergruppe,,,,,,
Großglocknergruppe,,,,,,
Tungsten Silver,,,,,,
Weir-Leder,,,,,,
Sporaden,,,,,,
obersteirischen Pusterwald,,,,,,
China-Fokus,,,,,,
Siegesrede,,,,,,
Meterhohe Eisberge,,,,,,
Hamburgs meterhohe Eisberge,,,,,,
Urlaubspläne,,,,,,
Winterszenen,,,,,,
New Blood,,,,,,
Seehund,,,,,,
Mount Compass,,,,,,
Schneewetter,,,,,,
Snowy State,,,,,,
Urins,,,,,,
Ōakura,,,,,,
Tal graue Suppe,,,,,,
Schwabens,,,,,,
Versorgungsengpässen,,,,,,
Kalumburu,,,,,,
Flusspegeln,,,,,,
Leh-Ladakh,,,,,,
Zentral-Georgia,,,,,,
Kalahandi,,,,,,
Gopher-Löchern,,,,,,
Autobahn 42,,,,,,
Clack,,,,,,
Adamuz,,,,,,
Provinz Cordoba,,,,,,
Bottrop,,,,,,
Ruhrgebiet,,,,,,
Petropawlowsk-Kamtschatski,,,,,,
Alpenvereinstour,,,,,,
Naramata,,,,,,
New Brunswicker,,,,,,
Ñuble,,,,,,
Aosa,,,,,,
salzarm,,,,,,
Instant-Miso-Suppe,,,,,,
Wike,,,,,,
Fubara,,,,,,
Amtsenthebungsdrohungen,,,,,,
Fledermauskolonien,,,,,,
AJC.com Schnee,,,,,,
Regengüssen an der Küste,,,,,,
Abgängen,,,,,,
Bestandsverluste,,,,,,
La-Niña-Phänomens,,,,,,
Taman Bukit Teratai,,,,,,
Ampang,,,,,,
Propagandaartikeln,,,,,,
Putzfrau,,,,,,
Gillette Stadium,,,,,,
WA-Nationalpark,,,,,,
Buschfeuers,,,,,,
Fitzgerald-River-Nationalpark,,,,,,
Lawinenunglück im Pongau,,,,,,
Alpenverein-Kurs,,,,,,
Kopfschütteln,,,,,,
Rettern,,,,,,
Feppo,,,,,,
Musango,,,,,,
Bleach08,,,,,,
nigerianische Regierung,,,,,,
Zentrum von Chile,,,,,,
Rinderherden,,,,,,
möglichDie Weather Channel Nor'easter-Vorhersage,,,,,,
Alland,,,,,,
Gießen/Wiesbaden,,,,,,
US-Klimapolitik,,,,,,
Vereinigten Königreichs der Sonne,,,,,,
Vierbeiner,,,,,,
Zugpersonal,,,,,,
Gasspeicherreserven,,,,,,
Kreis Prignitz,,,,,,
Formello,,,,,,
Vulkanstein,,,,,,
Klimaschutz-Vorreiter,,,,,,
Shelbourne,,,,,,
Premier-Division-Duell,,,,,,
Chinas CO2-Ausstoß,,,,,,
​​nachdem,,,,,,
Lagerhausdach,,,,,,
Bernina-Pass,,,,,,
Cape a…,,,,,,
Eisenbahn-Romantikern,,,,,,
Vogelsang-Turms,,,,,,
Urftsee,,,,,,
Nationalpark Eifel,,,,,,
Kleinen Walsertal,,,,,,
Warth,,,,,,
Verbot von Palästina-Aktionen,,,,,,
Kryptoregeln,,,,,,
Val d'Isère,,,,,,
Lawinenrisiko,,,,,,
Pechsträhne,,,,,,
Millionenbetrug,,,,,,
Zeitleiste,,,,,,
Val d’Isere,,,,,,
Vorwerk,,,,,,
Lübecker,,,,,,
Bald Archy,,,,,,
Landesbetrieb Hessen,,,,,,
Leuchttürmen,,,,,,
Pilz Purpureocillium lilacinum,,,,,,
Ape Vermin,,,,,,
North Carolinas Progressive-Sludge-Metal-Moloch Ape Vermin,,,,,,
Winter Garden,,,,,,
Science-Fiction-Horrorkomödie,,,,,,
Rheingau-Taunus-Kreis,,,,,,
Viriato,,,,,,
Klima-Vorgaben,,,,,,
Es,,,,,,
Südkoreaner,,,,,,
Olympia-Austragungsortes,,,,,,
Dropout,,,,,,
Mammoths,,,,,,
Stonewall,,,,,,
Community-Mitglieder,,,,,,
Christopher Park,,,,,,
Greenwich Village,,,,,,
Pride-Flagge,,,,,,
Stadtgrundstücken,,,,,,
Arbeitsplätzen,,,,,,
Lebensunterhalt,,,,,,
Umwelteinflüssen,,,,,,
Infrarotwärme,,,,,,
Vollspektrum-Behauptungen,,,,,,
Boutiquen,,,,,,
Bezirk Munger,,,,,,
Campingplatz Clifton,,,,,,
Three Rivers Stadium,,,,,,
Verschwindens von Inhalten,,,,,,
Val d'Isere,,,,,,
Fahrzeugendrohren,,,,,,
Erdbeben in den Midlands,,,,,,
Pumpenausfall,,,,,,
Carantaba Farm,,,,,,
Guinea-Bissaus,,,,,,
Bewässerungskanälen,,,,,,
Bleistiftspitzer-Museum,,,,,,
Chamonix,,,,,,
Jerusalems,,,,,,
No,,,,,,
St. John’s Nr. 17,,,,,,
St. John’s-Trainer Rick Pitino,,,,,,
Marseille-Fans,,,,,,
Straßburg,,,,,,
Olympique de Marseille,,,,,,
Isro,,,,,,
Esszimmer,,,,,,
Old,,,,,,
House,,,,,,
WEB.H264-BAEMKV,,,,,,
Ampel-Großprojekten,,,,,,
Milde Temperaturen,,,,,,
blitzreich,,,,,,
Glas,,,,,,
Karneval im Rheinland,,,,,,
Alpenostrandes,,,,,,
West-Nordwest,,,,,,
Itron,,,,,,
Klimaforscher Mojib Latif,,,,,,
Gerissenen,,,,,,
Broadfield Stadium,,,,,,
Guinea-Bissau,,,,,,
Paramount+,,,,,,
Ölraffinerien,,,,,,
Meteorologischen Amt,,,,,,
Camfil,,,,,,
Premium-Luftfiltern,,,,,,
Justizminister,,,,,,
Beschimpfungen,,,,,,
Karnevals-Wochenende,,,,,,
Köln jeck,,,,,,
Wahlsieger,,,,,,
Sacramento Valley,,,,,,
Erdbeben die Präsidentschaft von,,,,,,
wems-mcp-server,,,,,,
"Erdbeben der Stärke 5,9–6,5",,,,,,
Rohrbrüchen,,,,,,
Telefone,,,,,,
ST,,,,,,
Bemidji,,,,,,
Herb Broo …,,,,,,
Severe Weather Center 9,,,,,,
Schweizer Grenze,,,,,,
Tesero,,,,,,
Val di Fiemme,,,,,,
Langzeit-Planungen,,,,,,
cnchash,,,,,,
Trier,,,,,,
Pegel Trier,,,,,,
Erdbebenquellen,,,,,,
Bewässerungsstrategien,,,,,,
Offshore-Windparks Amerikas,,,,,,
Salyan,,,,,,
Sunachhari-2,,,,,,
Argos,,,,,,
Gartenarbeiten,,,,,,
Scharnstein,,,,,,
Rot-Schwarz,,,,,,
Hosen,,,,,,
Super-Bowl-Halbzeitshow,,,,,,
Conquest and the Reign of Talon,,,,,,
El Chichón,,,,,,
Valtellina,,,,,,
Alpin-Skifahren,,,,,,
Skibergsteigen,,,,,,
Gwynedd,,,,,,
Maunga,,,,,,
Ponchos,,,,,,
Idiot,,,,,,
40-mm-Regenfällen,,,,,,
Oberflächenüberschwemmungen,,,,,,
Eiszapfen,,,,,,
Powerbanks,,,,,,
Körperwärmer,,,,,,
Frostschutzmittel,,,,,,
Central Wheatbelt,,,,,,
Verkehrsschilder,,,,,,
Loudwire Nights,,,,,,
Merinowolle,,,,,,
Fasnet-Fans,,,,,,
Pilzwachstum,,,,,,
Nome,,,,,,
Gebäudeeinstürzen,,,,,,
Linux-Server,,,,,,
Inselstaates im Indischen Ozean,,,,,,
Fernwärme-Frust,,,,,,
Fahrland,,,,,,
Oregon Primate Center,,,,,,
Nature-Journal,,,,,,
Choke Canyon Reservoir,,,,,,
Monteria,,,,,,
Konferenzbühne,,,,,,
Kanchenjunga-Gebiet,,,,,,
Him…,,,,,,
Shark Bay,,,,,,
Allgemeinen Gartenbausand,,,,,,
Jammu-Wetter,,,,,,
Erdbeben erschüttert Russlands,,,,,,
Noworossijsk,,,,,,
Sichtweiten,,,,,,
KS,,,,,,
Talanx,,,,,,
HDI,,,,,,
Rekordzahlen,,,,,,
Wüstengebieten,,,,,,
Hilfseinsätze,,,,,,
Nordwestsyrien,,,,,,
Stillsitzen,,,,,,
Landtag Steiermark,,,,,,
Stadt Berlin,,,,,,
Tajo-Fluss,,,,,,
Tajo-Becken,,,,,,
Ksar-El-Kebir,,,,,,
Stroh,,,,,,
Strohballen,,,,,,
Drohnenkameras,,,,,,
Katastropheneinsatz,,,,,,
Kaltluft,,,,,,
Wasserpark Blizzard Beach,,,,,,
Wasserpark Typhoon Lagoon …,,,,,,
Wohnungsbaus,,,,,,
Landnutzungsverschiebungen,,,,,,
Gartenarbeit,,,,,,
Diablo II,,,,,,
Diablo-Hexenmeister,,,,,,
Diablo 2,,,,,,
Felsbrockenbereiche,,,,,,
Gezani Madagaskar,,,,,,
zerstörtAP News Mächtiger Wirbelsturm,,,,,,
Rhein-Main-Gebiet,,,,,,
Tauchgang,,,,,,
Drei-Landkreise-Eck Verden,,,,,,
Rotenburg,,,,,,
Wümme,,,,,,
Du,,,,,,
Pegel Rötz,,,,,,
Schwarzach in der Oberpfalz,,,,,,
Murach,,,,,,
Wasserwirtschaftsamt Weiden,,,,,,
iberischen Halbinsel,,,,,,
Selbstmord-Krisenaufrufe,,,,,,
Selbstmordnotrufen,,,,,,
Zusammengehörigkeitsgefühl,,,,,,
A11,,,,,,
Palmetto State,,,,,,
Karnevals-Höhepunkt,,,,,,
Landes für Versicherungen,,,,,,
Arktis-Wetter,,,,,,
HD 137010 b,,,,,,
nebelgrauen Piste,,,,,,
Tropischer Wirbelsturm,,,,,,
Blockrätsel,,,,,,
Tausalz,,,,,,
Resurrected,,,,,,
aufragender Klippe,,,,,,
Koffein-Demenz,,,,,,
Katastrophenhilfekosten,,,,,,
Vogelgrippe,,,,,,
Methan-Anstieg,,,,,,
Immobilienkrise,,,,,,
Trump-Epstein-Akten,,,,,,
Kunstschnee,,,,,,
Aedes,,,,,,
Chikungunya-Fieber,,,,,,
Nutrias,,,,,,
Colorados Park Range,,,,,,
Warnniveau,,,,,,
Mob-Gewalt,,,,,,
"Wirbelsturm ""Gezani",,,,,,
Militärangehörige,,,,,,
Premiership-Spiels,,,,,,
Zyklon Gezani,,,,,,
Insel im Indischen Ozean,,,,,,
Gangtok,,,,,,
Präfektur Kanagawa,,,,,,
Horde,,,,,,
Fulham,,,,,,
Anfield,,,,,,
Mikrolift-Bewässerungsprojekte,,,,,,
Selbsthilfegruppen,,,,,,
Melbourne Beach,,,,,,
Surfclub,,,,,,
Erdbeben im Himalaya,,,,,,
Landerwerbsfällen,,,,,,
Westmoreland County,,,,,,
Keystone Street,,,,,,
Aosta,,,,,,
Tor von Leahy,,,,,,
Nerzmänteln,,,,,,
Rockcliffe-Smythe,,,,,,
Walskelett-Lichtinstallation,,,,,,
Amsterdamer Lichtfestival,,,,,,
Tsu-Welle,,,,,,
Neu-Hohenschönhausen,,,,,,
Malchow,,,,,,
Massenverhaftungen,,,,,,
Küstenklimazonen,,,,,,
Notarzt,,,,,,
Zulassungsregeln,,,,,,
Courmayeur,,,,,,
I.s,,,,,,
Colorados Front Range,,,,,,
Interstate 25,,,,,,
Korinth,,,,,,
VfB-Flieger,,,,,,
Navis …,,,,,,
Bad Sisters-Star Claes,,,,,,
Tahoe-Skifahrern,,,,,,
Mikromanager,,,,,,
Filzmooshörndl,,,,,,
Saalbach,,,,,,
Dienten,,,,,,
Wutanfälle der Sonne,,,,,,
Borealis,,,,,,
20er-Grad-Bereichen Platz,,,,,,
Carabao-Cup-Finales,,,,,,
West …,,,,,,
BST Hyde Park,,,,,,
Fellbach Cem Özdemir,,,,,,
Gebiet Rockcliffe-Smythe,,,,,,
Castle,,,,,,
Österreichische Alpen,,,,,,
Amt,,,,,,
Haus an der Ostküste,,,,,,
Staubproben,,,,,,
Haus in Avándaro,,,,,,
Avándaro,,,,,,
Elbert County,,,,,,
Matheson,,,,,,
Südwestwind weht,,,,,,
Blüte Weizen,,,,,,
Berg Nordkalifornien,,,,,,
Top-Computermodelle,,,,,,
Reiseverkehrs,,,,,,
Browning,,,,,,
Gebiet Castle Peak,,,,,,
https://punchng.com/france-faces-new-flood-nightmare-as-waters-surge/,,,,,,
CaO2-Nanopartikeln,,,,,,
Kaijun Li,,,,,,
Gipfels,,,,,,
Tarique,,,,,,
NDFEM,,,,,,
Regen am Aschermittwoch,,,,,,
Lo imposible,,,,,,
Berg Lake Tahoe,,,,,,
Meteorologische Amt,,,,,,
Februar Monsunböen,,,,,,
Sri Annapurani Alayam,,,,,,
Buntong,,,,,,
Essen/Offenbach,,,,,,
Aschermittwoch,,,,,,
Wintersport-Drama,,,,,,
Staunton,,,,,,
Navistal,,,,,,
Apuseni-Gebirge Rumäniens,,,,,,
Comeragh-Bergen,,,,,,
Innenschau,,,,,,
Höhlenformationen,,,,,,
Charité,,,,,,
Zuckersegler,,,,,,
Unwetterartiger,,,,,,
Bellen von Hunden,,,,,,
Extremwetter-Ereignissen,,,,,,
Verkehrsbetriebe Mittelrhein,,,,,,
Konferenzspielen,,,,,,
US-Umweltschützer,,,,,,
Südosthessen am Morgen,,,,,,
Auen,,,,,,
Titisee-Neustadt,,,,,,
Würzburg/Kitzingen,,,,,,
Banyoles,,,,,,
Regional,,,,,,
Aalen/Freiburg/Offenburg,,,,,,
Verkäufe,,,,,,
Kibera,,,,,,
Panhandle von Oklahoma,,,,,,
Schwarzwald am Wochenende,,,,,,
Straßensperren,,,,,,
Fernpassstraße,,,,,,
Verkehrsstörungen,,,,,,
Milliarden-Fehlinvestitionen,,,,,,
Olympia-Final-Four-Satz,,,,,,
Hurricanes,,,,,,
Bindungen herumzufummeln,,,,,,
Amt für öffentliche Arbeiten,,,,,,
Lake Tahoe/Donner Pass-Gebiets,,,,,,
Wicklow-,,,,,,
Großraum Lake Tahoe,,,,,,
Bersten,,,,,,
Pawtucket,,,,,,
Boreal Mountain Ski Resort,,,,,,
Donbass-Region,,,,,,
UHR,,,,,,
Pickup-Truck,,,,,,
Zentrum der Lawinenkatastrophe,,,,,,
Boreal Mountain Resort/Castle Peak,,,,,,
Tahoe-Lawine,,,,,,
Schneehängen,,,,,,
New Yorker Stromnetz,,,,,,
Wind-,,,,,,
Lake Tahoe-Skifahrer,,,,,,
Queen's Garden,,,,,,
Hull,,,,,,
Platz für Bauernhöfe und Ranches,,,,,,
InSAR-Analyse,,,,,,
Qinghai-Tibet-Plateaus,,,,,,
Kreis Jishishan,,,,,,
Präfektur Linxia,,,,,,
​​Provinz Gansu,,,,,,
Lake Tahoe Lawine,,,,,,
Northstar California Resort,,,,,,
Jugendschulen,,,,,,
Lawinenwarndienst Tirol,,,,,,
Northern Glow,,,,,,
Ostkanada,,,,,,
A La Carte,,,,,,
September)</li><li>A La Carte…,,,,,,
Sierra Nevada Mountains,,,,,,
Curling-Regeln,,,,,,
Scarisoara-Eishöhle,,,,,,
Miami-Trips,,,,,,
Faraglioni di Sant'Andrea,,,,,,
Montag Hamburg,,,,,,
Kindesentführungen,,,,,,
Noida-Dörfern,,,,,,
Tag des Unglücks,,,,,,
Hartholzböden,,,,,,
Sturm Neuseeland,,,,,,
Gefrorene Rohre,,,,,,
Rohrbrüche,,,,,,
Rosenmontagsumzügen,,,,,,
Rheinland,,,,,,
Schneematsch-Wetter,,,,,,
Köln.</strong,,,,,,
Goppenstein,,,,,,
Stubai-Gletscher,,,,,,
Sno…,,,,,,
Whitley Park,,,,,,
Wolves-Pendants,,,,,,
Lötschberg,,,,,,
Melayu,,,,,,
Marienschlucht am Bodensee,,,,,,
Allensbach,,,,,,
Berggipfeln,,,,,,
Avalon,,,,,,
Terra Nova,,,,,,
Zugende,,,,,,
Nordmazedonien,,,,,,
Nordmazedoniens,,,,,,
Valentinstag,,,,,,
Prognosesystem,,,,,,
Melendugno,,,,,,
Lkw-Unfälle,,,,,,
Südkalifornien Regen bringtABC7 Los Angeles,,,,,,
Drohnenbildern,,,,,,
Sarchina-Villa,,,,,,
Skifahrer,,,,,,
Arteta,,,,,,
Mix)02,,,,,,
Born Slippy,,,,,,
St. Anton am Arlber…,,,,,,
Travis Kelce,,,,,,
AT&T Pebble Beach Pro,,,,,,
Taihape,,,,,,
Ausläufern,,,,,,
Celtic,,,,,,
Anke Blondés,,,,,,
Taifun-Lagune,,,,,,
Südoststurm,,,,,,
Pferdeanhänger,,,,,,
Zentral-West-Florida,,,,,,
Extremwetter-Schutz,,,,,,
Mont-Blanc,,,,,,
Rekordwoche,,,,,,
Strahlungsfingerabdruck der Erde,,,,,,
Mondbeobachtungen,,,,,,
Shelby County,,,,,,
Koblach-Nein,,,,,,
Planer,,,,,,
Nisyros,,,,,,
Dodekanes-Inselgruppe,,,,,,
schneeglatter Fahrbahn,,,,,,
Vulkans Mount Semeru,,,,,,
Great Northern Highway,,,,,,
Wilhelmsburg,,,,,,
See“,,,,,,
Long Beach,,,,,,
Schwarzwald“,,,,,,
Rezat,,,,,,
Meldestufe,,,,,,
Davos/Wien,,,,,,
Petra,,,,,,
Lower Basin States,,,,,,
Lawinen-Alarm,,,,,,
Shahpurkandi-Staudamm,,,,,,
Ravi-Wasser,,,,,,
Sierra Nevada aufPBS,,,,,,
Überschwemmung,,,,,,
Lestiac-sur-Garonne,,,,,,
Eisglätte,,,,,,
Bautzen,,,,,,
Görlitz,,,,,,
A4,,,,,,
südasiatischen Land,,,,,,
Hordeum distichon L.,,,,,,
Pilze,,,,,,
Süd-Manitoba,,,,,,
Landkreis Harburg,,,,,,
Preistrends,,,,,,
Seeveals,,,,,,
La Grave,,,,,,
Gap,,,,,,
Changan,,,,,,
Wintersport-Gebiet,,,,,,
Ortsteile,,,,,,
Mondpole,,,,,,
SoCal-Straße,,,,,,
Altmühl,,,,,,
Villa Lava,,,,,,
Eugene,,,,,,
sizilianischen Küste,,,,,,
Erdbeben im Körper - Das,,,,,,
Splügenpass,,,,,,
Escape Park,,,,,,
Big South,,,,,,
Co@Fe-Verbundpartikeln,,,,,,
Hongyang Li,,,,,,
Ruiling Xie,,,,,,
S.F.,,,,,,
Banks-Halbinsel,,,,,,
Encinitas,,,,,,
Leucadia,,,,,,
Leucadia Roadside Park,,,,,,
Irvine,,,,,,
Seymour,,,,,,
Trawool,,,,,,
Goulburn Valley Highway,,,,,,
Tote Gebirge,,,,,,
Dachstein,,,,,,
Gosaukamm,,,,,,
Erdbeben auf Santorini,,,,,,
Met Malaysia,,,,,,
Supermarktregal,,,,,,
Niveau,,,,,,
Stresstest,,,,,,
Namur,,,,,,
Lago Nero,,,,,,
Wasserkraftprojekten,,,,,,
Ansbach,,,,,,
ang…,,,,,,
Mensa,,,,,,
College-Leben,,,,,,
Saint-Véran,,,,,,
bibbert,,,,,,
Stromnetz Berlin,,,,,,
Winterliches Wetter,,,,,,
ostfriesischen Inseln,,,,,,
Kamelen,,,,,,
Backcountry-Skitourengehen,,,,,,
U2,,,,,,
Straße des Bürgermeisters,,,,,,
Auftragnehmer,,,,,,
Suchhund,,,,,,
Gefrierpunkt Südflorida,,,,,,
Coastal Highway 1,,,,,,
4K.,,,,,,
Navelim,,,,,,
Mito,,,,,,
Symbol-Auto,,,,,,
Frankfurts Flughafen,,,,,,
Verteidigungskräfte,,,,,,
North Carolina Beach,,,,,,
Termine,,,,,,
Slopaganda,,,,,,
Kindertagesstätten,,,,,,
RNAs,,,,,,
piRNAs,,,,,,
Regenwassersystemen Pakistans,,,,,,
Schwung,,,,,,
Karibikstaat Kuba,,,,,,
Landes Temperaturen,,,,,,
Hopukiore,,,,,,
Mount Drury,,,,,,
Heizungen,,,,,,
gefrierender,,,,,,
KI Lernfähigkeiten,,,,,,
Sicht,,,,,,
San …,,,,,,
B33,,,,,,
Schönbühel-Aggsbach,,,,,,
Werktagen,,,,,,
"…
 ",,,,,,
Permalink,,,,,,
NH 66-Mängeln,,,,,,
NH 66,,,,,,
Naibag,,,,,,
Fleurieu-Halbinsel,,,,,,
Transgender-Kindern,,,,,,
Gastkommentar,,,,,,
Seahawks,,,,,,
Brickbat,,,,,,
Virginia City,,,,,,
Erdbeben in Hawke,,,,,,
Apollo 17,,,,,,
Komfort Kompromisse,,,,,,
Natural Luxe,,,,,,
South Base Homes,,,,,,
NYC-Bürgermeister Mamdani,,,,,,
Sturm-Fiasko,,,,,,
Kaliforniens Bay Area,,,,,,
Netto-Null-Holzpavillon,,,,,,
Metro-Stationen,,,,,,
Dienstag Bangladesch,,,,,,
Warnsignale am Laila Peak,,,,,,
Status-Gelb-Alarm,,,,,,
Marmarameeres,,,,,,
Igeln,,,,,,
Pilzinfektionen,,,,,,
Baby-Universum,,,,,,
iberische Halbinsel,,,,,,
Shijimi,,,,,,
Sprühnebel,,,,,,
Eis in der Karibik,,,,,,
cr,,,,,,
Dürrerisiken,,,,,,
Grundwasserregionen,,,,,,
Streusalz-Krimi,,,,,,
Regionalpolizei West Java,,,,,,
Cisarua-Erdrutsch,,,,,,
Celtic-Spiel,,,,,,
Mahé Drysdale,,,,,,
großen Erdbeben in Ostjapan,,,,,,
Stadt Yamada,,,,,,
Götzis Alarm,,,,,,
Spotlight-Event,,,,,,
Streusalz-Verbotes,,,,,,
Thomas,,,,,,
Percy,,,,,,
Oigawa-Eisenbahn,,,,,,
Taifunschäden,,,,,,
Einsparungen,,,,,,
Karibik-Insel,,,,,,
Lúcio-Fans,,,,,,
Sturm Leonardo,,,,,,
Oklahoma ,,,,,,
sturmbedingter Not,,,,,,
Spotlight-Präsentation,,,,,,
Zespri,,,,,,
A…,,,,,,
Ao-Sasa,,,,,,
Drohnen-Freakout,,,,,,
B49,,,,,,
Xi,,,,,,
Gekühltes New York City,,,,,,
Frankfurt/Main,,,,,,
Leichter Schneefall,,,,,,
Finanzsystems,,,,,,
Gefrorene Eidechsen,,,,,,
Ökostromkatastrophe,,,,,,
Luganersee,,,,,,
Lugano,,,,,,
Leichter Schnee,,,,,,
Rutschpartie,,,,,,
Tiefrekorde,,,,,,
Bundesstraßen,,,,,,
Pulvern,,,,,,
vorgemischten Formeln,,,,,,
Silvester,,,,,,
Roboter,,,,,,
GPS,,,,,,
Inlandsstraßen,,,,,,
Reckong Peo-Kaza,,,,,,
Dach-Lawinen,,,,,,
Not-Winterdienst,,,,,,
Bad Reichenhall,,,,,,
Anatoliens,,,,,,
Tallagen,,,,,,
Swan Nest,,,,,,
Yrki Arkitektar,,,,,,
Nabu Berlin,,,,,,
Nipah,,,,,,
Meereshitze,,,,,,
Erdbeben in der San Francisco Bay Area,,,,,,
Teampersonal,,,,,,
Chinesischen Nationalen Olympischen Komitees,,,,,,
Epstein-Akten,,,,,,
Clane,,,,,,
Newbridge,,,,,,
Kältewarnungen,,,,,,
Vaishali,,,,,,
Bezirk Vaishali,,,,,,
Sturm Kristin,,,,,,
Krista,,,,,,
Chattanooga,,,,,,
US-Kaffeetrinker,,,,,,
Series-Spiel,,,,,,
Tulare County,,,,,,
Disney-Wasserparks,,,,,,
Keysers,,,,,,
Kentucky Tundra,,,,,,
Flughafen Douglas,,,,,,
Straße Kishtwar-Sansari,,,,,,
Chenab-Tal,,,,,,
Macho-Vorwürfen,,,,,,
Blitzlicht-Gewitter-Podcast,,,,,,
kalifornischen Highway 99,,,,,,
Wolkendecke am Sonntag,,,,,,
GOMA,,,,,,
Ranch,,,,,,
Daisen,,,,,,
Präfektur Akita,,,,,,
Abrund,,,,,,
entland,,,,,,
Temperaturunterschied,,,,,,
Burdur,,,,,,
Panchkula,,,,,,
U-Bahn-Verkehrs,,,,,,
Donuts,,,,,,
Grubenunglück,,,,,,
Comox Valley,,,,,,
Comox Valley Regional District,,,,,,
Healdsburg,,,,,,
Storm Prediction Center,,,,,,
Schnee-Freuden,,,,,,
Provinz seismische Aktivitäten,,,,,,
Lebensraums von Hirschen,,,,,,
Zahlungen in Höhe,,,,,,
Darm-Hirn-Achse,,,,,,
Basarnas,,,,,,
Lawinenunfälle,,,,,,
Pinguine,,,,,,
Goma,,,,,,
Smartphone-Mineralminen,,,,,,
Coltan,,,,,,
Leinster,,,,,,
Unterbezirk Cisarua,,,,,,
Land reich,,,,,,
Bodenschätzen,,,,,,
Urlaubsländern,,,,,,
Moar-Handy-Spionage,,,,,,
Tram-Fahrten,,,,,,
Tram-Verkehr,,,,,,
Tram,,,,,,
Gl…,,,,,,
Ironie,,,,,,
Waffelhaus,,,,,,
Horry County,,,,,,
Coltanabbau im Ostkongo,,,,,,
Viel Streusalz,,,,,,
Grand Strand,,,,,,
Erdbeben erschüttert San Francisco,,,,,,
ITI,,,,,,
Porto Carras,,,,,,
Nikos,,,,,,
Streuen,,,,,,
Baumarkt,,,,,,
Trenord-Verbindungen,,,,,,
Mailänder Hauptbahnhof Malpensa,,,,,,
Flughafenterminals,,,,,,
Hotellobbys,,,,,,
US-Dienste,,,,,,
Azolresistenz,,,,,,
Palauan-Riffen,,,,,,
Baustelle,,,,,,
python-django,,,,,,
bind9-next,,,,,,
cef,,,,,,
chromium,,,,,,
Fontforge,,,,,,
java-21-openjdk,,,,,,
java-25-openjdk,,,,,,
java-latest-openjdk,,,,,,
mingw-python-urlli…,,,,,,
Ilaló,,,,,,
Cornejo-Viertel von Conocoto,,,,,,
Nationalparks Los Alerces,,,,,,
Jubel,,,,,,
Buhrufen,,,,,,
Lastesel,,,,,,
Ksar el-Kebir,,,,,,
Winterdienst-Tour,,,,,,
Sky House,,,,,,
Ausstellungsraum,,,,,,
Distrikts Kishtwar,,,,,,
San Roque,,,,,,
Abhangs,,,,,,
Amarnath-Yatra-Route,,,,,,
Anantnag,,,,,,
Pahalgam-Chandanwari,,,,,,
Ost-Tennessee …,,,,,,
Februar-Temperaturrekorde,,,,,,
Fraser Coast,,,,,,
Dezeens,,,,,,
San Francisco Art Week,,,,,,
Zeitraum…,,,,,,
Ötscher,,,,,,
Lake Nona,,,,,,
Xilingol-Steppe,,,,,,
Anti-Abriss-Protest,,,,,,
Tränengas,,,,,,
Erdbeben in Jammu,,,,,,
Erdbeben am Kanlaon-Vulkan,,,,,,
kalifornischen Autobahn,,,,,,
Umweltkomfort,,,,,,
Marktstadt,,,,,,
Telekommunikations-Hintertüren,,,,,,
All-Timer-Segment,,,,,,
Memoriam-Segment,,,,,,
​​für,,,,,,
Los Angeles County Department of Economic Opportunity,,,,,,
Cape Jervis,,,,,,
Provinz Streusalz,,,,,,
Cyberkriminelle,,,,,,
Calbayog,,,,,,
Große Defizite,,,,,,
Kohlebergwerken,,,,,,
Vorfälle,,,,,,
Tiruchirappalli,,,,,,
Besetzungsdetails,,,,,,
Streaming-Optionen,,,,,,
Gesteinsmassen,,,,,,
Prozessen,,,,,,
Winterabenden,,,,,,
Great Neck,,,,,,
Hainichen,,,,,,
Mittelsachsen,,,,,,
Schulbüchern,,,,,,
Schlagzeilen,,,,,,
Wahllokale,,,,,,
Kalla,,,,,,
Podil,,,,,,
Regenpause,,,,,,
Todesursache,,,,,,
County Waterford,,,,,,
Karussell,,,,,,
Kanalinseln,,,,,,
Kuba am Sonntag,,,,,,
European ‍Mediterranean ‌Seismological Center,,,,,,
hinauszuschießen,,,,,,
Slocan Valley,,,,,,
New Denver,,,,,,
Slocan Lake Complex im Jahr 2024,,,,,,
Ningaloo,,,,,,
Touristenstadt,,,,,,
Winterwettbewerben,,,,,,
US-Finanzminister,,,,,,
Ortschaften,,,,,,
Hallmark,,,,,,
Sachsens Streusalz-Vorräte,,,,,,
portugiesischen Präsidentschaftsstichwahl,,,,,,
Terai Nebel,,,,,,
J.D.,,,,,,
Erdbeben in Shaanxi,,,,,,
Erzdiözese New York,,,,,,
West Virginia Dual Team State Championship 2026,,,,,,
Wildtieren,,,,,,
Breisgau,,,,,,
Stürme Ausfälle,,,,,,
Freestyle-Skifahren,,,,,,
Sport-Event,,,,,,
Midleton,,,,,,
Wachstumssubstraten,,,,,,
Straßendienstverantwortlichen,,,,,,
Seespiegeln,,,,,,
20-Meter-Wellen,,,,,,
Dienstag Regen,,,,,,
Arbeiterklasse versus,,,,,,
Mai Jogmai,,,,,,
Vic…,,,,,,
Rose-Vinyl,,,,,,
Phantom-Mist,,,,,,
Lawinenabgänge,,,,,,
Trentino-Südtirol,,,,,,
Duell am Berg,,,,,,
Bush Doofs,,,,,,
Staatswäldern,,,,,,
Wildtiere,,,,,,
Amerikaner an der Ostküste,,,,,,
Anand Mahindra,,,,,,
Stadt kälter,,,,,,
Bildschirms,,,,,,
Stürme Spanien,,,,,,
Fuchs-Stil,,,,,,
Pinzgaubahn,,,,,,
Binance,,,,,,
Cointelegraph,,,,,,
Mining,,,,,,
Kryptowährungspreisen,,,,,,
Notfallvorräten,,,,,,
Southern Plains-Staaten,,,,,,
Loch,,,,,,
Indian National Centre for Ocean Information and Services,,,,,,
Sizilianische Stadt,,,,,,
Erdrutsch am Abgrund,,,,,,
Deutschlands Gasreserven,,,,,,
Brunnens,,,,,,
ankurbelte,,,,,,
verknappten,,,,,,
Bruchstraße,,,,,,
Straße am Quarzwerk,,,,,,
Avenue H,,,,,,
New York Avenue,,,,,,
East Flatbush,,,,,,
Wetterverhältnisse,,,,,,
Schwimmhalle,,,,,,
Zeitlinie,,,,,,
Keap St.,,,,,,
Blizzard/Activision,,,,,,
Atomkraftwerk Fukushima,,,,,,
Wechselstrom-Bewässerungsventilen,,,,,,
Magnetventile,,,,,,
Belagerungspanzer,,,,,,
Tajogaite-Vulkans,,,,,,
Pinzgauer Lokalbahn,,,,,,
portugiesischen Regierung,,,,,,
Stürme Marta,,,,,,
Slow Cookers,,,,,,
Loa Forest Reserve,,,,,,
Mitte-Links-Kandidat,,,,,,
Puerto Escondido,,,,,,
Oaxaca,,,,,,
Erdbeben zu messen und Tsunami-Warnungen,,,,,,
Krypto-Entführungen,,,,,,
Nichtgleichgewichts-Entropieproduktion,,,,,,
Nanosystemen,,,,,,
Defizitbewässerung,,,,,,
Ausmaß des Nitratabbaus,,,,,,
Einwirkungsdauer,,,,,,
Bushwick,,,,,,
geflog…,,,,,,
Miracle-Gro,,,,,,
Miracle-Gro-Blumenerde,,,,,,
Zentralaustralische Rinderzüchter,,,,,,
Roaming-Gebühren,,,,,,
Spotstrom,,,,,,
Nikkei,,,,,,
verschneite Straße,,,,,,
Mandi-Bezirk,,,,,,
Ostsee-Insel,,,,,,
US-Gespräche,,,,,,
Oisín McKenna,,,,,,
Erdbebenniveau,,,,,,
Ballad,,,,,,
US-Erdgaspreise,,,,,,
US-Benchmark,,,,,,
Nachbarn eingeschneit,,,,,,
erwäge,,,,,,
Targa-Dach,,,,,,
Araber,,,,,,
Frankfurt-Spiel,,,,,,
Disneys,,,,,,
Glätte-Warnung,,,,,,
Kältestarre,,,,,,
Glatteis-Unfälle,,,,,,
Nordmarokko,,,,,,
Prinzip,,,,,,
Winterwetters,,,,,,
Einwanderungskontrollen,,,,,,
Inhaftierungen,,,,,,
Inselführer Kuba,,,,,,
Nelson County,,,,,,
US-Haushalt,,,,,,
Skate-Kultur,,,,,,
Killstreaks,,,,,,
"Erdbeben der Stärke 8,2 New Madrid",,,,,,
Wettermustern,,,,,,
Aldrich Hall,,,,,,
Rumäniens Eco Tiny House,,,,,,
Namchi,,,,,,
Blitzlicht-Gewitter-Podcaster Alice,,,,,,
Tobo,,,,,,
Wasatch-Front,,,,,,
Nord-WA,,,,,,
Solang-Tal,,,,,,
Erdbeben betroffenen Hatay,,,,,,
Ofen,,,,,,
Brennholz,,,,,,
Wettervorschau,,,,,,
Wochenende sonnig,,,,,,
Dresden/Hoyerswerda/Görlitz,,,,,,
Lounge-ähnliche autonome Pods,,,,,,
Wasser-Rätsel des Mars,,,,,,
EV-Dünenbuggys,,,,,,
Hitzeinseln,,,,,,
Woro,,,,,,
Nuku,,,,,,
Bernadette,,,,,,
Smoking-Katze,,,,,,
Muldenkipper,,,,,,
See von,,,,,,
Burgenlands,,,,,,
Wehoferbach,,,,,,
Vorjahres,,,,,,
Eisparty,,,,,,
Straße bei Eis und Schnee,,,,,,
Fischer et al.,,,,,,
Brandenburg der Morgen,,,,,,
Süddublin,,,,,,
Flughafen Berlin,,,,,,
Ionischen Inseln,,,,,,
Mittag in Attika,,,,,,
Shanay-Timpishka,,,,,,
Grüne-Fraktion,,,,,,
Februar-Schreibaufforderungen,,,,,,
Tumaco,,,,,,
Temperaturunterschiede Glätte,,,,,,
Überschwemmungsängsten,,,,,,
Bereitschaft,,,,,,
Bergener Moos,,,,,,
Wahlurne,,,,,,
Niagara-Fälle,,,,,,
Wasserstoff-Rennwagen,,,,,,
Erdbeben in Trümmern,,,,,,
Komotini,,,,,,
Olympia-Skifahrer Gus Kenworthy,,,,,,
Woking,,,,,,
Eisregen-Pause,,,,,,
Hauptstadt-Flughafen BER ,,,,,,
Konfetti-Schneesturm,,,,,,
Penang Hill,,,,,,
Insel Penang,,,,,,
EU-Hilfen,,,,,,
Streusalz-Verbot,,,,,,
Erdbeben in Pacitan,,,,,,
Bettina-von-Arnim-Schule,,,,,,
Märkischen Viertel,,,,,,
Classic-Ära,,,,,,
Eisbahnen,,,,,,
Bosnien,,,,,,
Notfallgruppe,,,,,,
Vegetationsscans,,,,,,
Stromnetzes,,,,,,
Nabu-Chef,,,,,,
Streusalz-Zoff,,,,,,
Sergeant,,,,,,
Eis schmilzt,,,,,,
bimquake,,,,,,
Clontarf Road,,,,,,
Landes…,,,,,,
Olympiateilnehmer,,,,,,
Kendal,,,,,,
Kochens,,,,,,
Essens,,,,,,
Middle Creek,,,,,,
Middle Creek Wildlife Management Area,,,,,,
Dens Park-Platz,,,,,,
Warlords of Draenor-Portal,,,,,,
Pyrgos,,,,,,
Dunkle Portal,,,,,,
Samothrake,,,,,,
Trifilia,,,,,,
"Ilia
",,,,,,
Insel…,,,,,,
Teltow,,,,,,
Teltower,,,,,,
Aphel,,,,,,
Erntefeiern,,,,,,
Folklore,,,,,,
Südtirols,,,,,,
Offenbach/Berlin,,,,,,
Themse,,,,,,
Glatteis-Risiko,,,,,,
Flughafen Berlin BER,,,,,,
Stille,,,,,,
Streusalz-Aktion,,,,,,
Hauptstadtflughafen Berlin-Brandenburg,,,,,,
BER,,,,,,
Berliner Airport,,,,,,
Wähler,,,,,,
Dundalk,,,,,,
Tallaght Stadium,,,,,,
Pacitan City,,,,,,
Weiße Stille-TiNYiSO,,,,,,
Erdbeben: Kirchen-Wiederaufbau,,,,,,
Clontarf Outdoor Pool,,,,,,
https://punchng.com/indonesia-landslide-death-toll-rises-to-74/,,,,,,
Malaria-Endemiegebieten,,,,,,
Bodennährstoffe,,,,,,
Andhra-Landwirte,,,,,,
